pathogen_drug,model,n,resistant,susceptible,cv_folds,balanced_accuracy_mean,balanced_accuracy_sd,f1_mean,f1_sd,roc_auc_mean,roc_auc_sd
Klebsiella pneumoniae + ertapenem,logistic_regression,2273,1479,794,5,0.958642161569908,0.0074573993536453,0.9608665108944124,0.0092529816454549,0.9741881728479724,0.0046920084081914
Klebsiella pneumoniae + ertapenem,random_forest,2273,1479,794,5,0.9606680433839256,0.0066271215965098,0.9630553229403092,0.0081524563834018,0.9729909566282188,0.0020370247538017
Klebsiella pneumoniae + imipenem,logistic_regression,2777,1326,1451,5,0.9333979073003624,0.0111301079055451,0.93022678561759,0.011769646112711,0.9553570692017894,0.0131117680801959
Klebsiella pneumoniae + imipenem,random_forest,2777,1326,1451,5,0.9346261568441964,0.0118417653498209,0.9315732117107888,0.0124962635907755,0.9517427344158744,0.0110561012773421
Klebsiella pneumoniae + meropenem,logistic_regression,5044,1996,3048,5,0.9282851164088852,0.0102255571945256,0.9133101238388056,0.0122492607414595,0.9572469707945064,0.0086574134120365
Klebsiella pneumoniae + meropenem,random_forest,5044,1996,3048,5,0.9277078741228424,0.0095961683710261,0.9126024372189574,0.0116915714928911,0.9578444283270022,0.0084173630211592
Staphylococcus aureus + methicillin,logistic_regression,2715,1776,939,5,0.9697804895237724,0.0056304236680303,0.9806569413273653,0.0041542318208168,0.9882788532746168,0.0070807215620079
Staphylococcus aureus + methicillin,random_forest,2715,1776,939,5,0.9700621796646176,0.0053556925349015,0.98094051419091,0.0040887235294383,0.9882591175783666,0.0063803173694434
