rgi_input_record_id,target_gene,guide_id,accession,local_genome_file,seqid,start,end,strand,sequence_length,overlap_gene,overlap_product,db_amr_confirmed,db_refined_functional_class
blaKPC|blaKPC_riskaware_top1|GCF_000364385.3|NZ_CP006659.2:3906212-3907084:+|gene=amiA|product=N-acetylmuramoyl-L-alanine_amidase_AmiA|record=1,blaKPC,blaKPC_riskaware_top1,GCF_000364385.3,data_cas_offinder/expanded_panel/genomes/GCF_000364385.3_genomic.fna,NZ_CP006659.2,3906212,3907084,+,873,amiA,N-acetylmuramoyl-L-alanine amidase AmiA,False,DB_refined_essential_like
blaKPC|blaKPC_riskaware_top1|GCF_000739495.1|NZ_CP009114.1:2055393-2056265:+|gene=amiA|product=N-acetylmuramoyl-L-alanine_amidase_AmiA|record=2,blaKPC,blaKPC_riskaware_top1,GCF_000739495.1,data_cas_offinder/expanded_panel/genomes/GCF_000739495.1_genomic.fna,NZ_CP009114.1,2055393,2056265,+,873,amiA,N-acetylmuramoyl-L-alanine amidase AmiA,False,DB_refined_essential_like
blaKPC|blaKPC_riskaware_top1|GCF_000764615.1|NZ_CP008929.1:311406-312278:+|gene=amiA|product=N-acetylmuramoyl-L-alanine_amidase_AmiA|record=3,blaKPC,blaKPC_riskaware_top1,GCF_000764615.1,data_cas_offinder/expanded_panel/genomes/GCF_000764615.1_genomic.fna,NZ_CP008929.1,311406,312278,+,873,amiA,N-acetylmuramoyl-L-alanine amidase AmiA,False,DB_refined_essential_like
blaKPC|blaKPC_riskaware_top1|GCF_000775955.1|NZ_CP009461.1:1149165-1150037:-|gene=amiA|product=N-acetylmuramoyl-L-alanine_amidase_AmiA|record=4,blaKPC,blaKPC_riskaware_top1,GCF_000775955.1,data_cas_offinder/expanded_panel/genomes/GCF_000775955.1_genomic.fna,NZ_CP009461.1,1149165,1150037,-,873,amiA,N-acetylmuramoyl-L-alanine amidase AmiA,False,DB_refined_essential_like
blaKPC|blaKPC_riskaware_top1|GCF_000807395.2|NZ_CP010361.1:1415117-1415989:-|gene=amiA|product=N-acetylmuramoyl-L-alanine_amidase_AmiA|record=5,blaKPC,blaKPC_riskaware_top1,GCF_000807395.2,data_cas_offinder/expanded_panel/genomes/GCF_000807395.2_genomic.fna,NZ_CP010361.1,1415117,1415989,-,873,amiA,N-acetylmuramoyl-L-alanine amidase AmiA,False,DB_refined_essential_like
blaKPC|blaKPC_riskaware_top1|GCF_000814305.1|NZ_CP010392.1:1414954-1415826:-|gene=amiA|product=N-acetylmuramoyl-L-alanine_amidase_AmiA|record=6,blaKPC,blaKPC_riskaware_top1,GCF_000814305.1,data_cas_offinder/expanded_panel/genomes/GCF_000814305.1_genomic.fna,NZ_CP010392.1,1414954,1415826,-,873,amiA,N-acetylmuramoyl-L-alanine amidase AmiA,False,DB_refined_essential_like
blaKPC|blaKPC_riskaware_top1|GCF_000968155.1|NZ_FO834906.1:4212584-4213456:+|gene=amiA|product=N-acetylmuramoyl-L-alanine_amidase_AmiA|record=7,blaKPC,blaKPC_riskaware_top1,GCF_000968155.1,data_cas_offinder/expanded_panel/genomes/GCF_000968155.1_genomic.fna,NZ_FO834906.1,4212584,4213456,+,873,amiA,N-acetylmuramoyl-L-alanine amidase AmiA,False,DB_refined_essential_like
blaKPC|blaKPC_riskaware_top1|GCF_001022035.1|NZ_CP011578.1:1995526-1996398:+|gene=amiA|product=N-acetylmuramoyl-L-alanine_amidase_AmiA|record=8,blaKPC,blaKPC_riskaware_top1,GCF_001022035.1,data_cas_offinder/expanded_panel/genomes/GCF_001022035.1_genomic.fna,NZ_CP011578.1,1995526,1996398,+,873,amiA,N-acetylmuramoyl-L-alanine amidase AmiA,False,DB_refined_essential_like
blaKPC|blaKPC_riskaware_top1|GCF_001022175.1|NZ_CP011624.1:3681271-3682143:-|gene=amiA|product=N-acetylmuramoyl-L-alanine_amidase_AmiA|record=9,blaKPC,blaKPC_riskaware_top1,GCF_001022175.1,data_cas_offinder/expanded_panel/genomes/GCF_001022175.1_genomic.fna,NZ_CP011624.1,3681271,3682143,-,873,amiA,N-acetylmuramoyl-L-alanine amidase AmiA,False,DB_refined_essential_like
blaKPC|blaKPC_riskaware_top1|GCF_001022235.1|NZ_CP011647.1:5092329-5093201:+|gene=amiA|product=N-acetylmuramoyl-L-alanine_amidase_AmiA|record=10,blaKPC,blaKPC_riskaware_top1,GCF_001022235.1,data_cas_offinder/expanded_panel/genomes/GCF_001022235.1_genomic.fna,NZ_CP011647.1,5092329,5093201,+,873,amiA,N-acetylmuramoyl-L-alanine amidase AmiA,False,DB_refined_essential_like
blaKPC|blaKPC_riskaware_top2|GCF_000364385.3|NZ_CP006659.2:770164-770850:+|gene=nan|product=tRNA/rRNA_methyltransferase|record=11,blaKPC,blaKPC_riskaware_top2,GCF_000364385.3,data_cas_offinder/expanded_panel/genomes/GCF_000364385.3_genomic.fna,NZ_CP006659.2,770164,770850,+,687,,tRNA/rRNA methyltransferase,False,DB_refined_mobile_or_plasmid_related
blaKPC|blaKPC_riskaware_top2|GCF_000364385.3|NZ_CP006659.2:4434675-4435226:-|gene=nan|product=prepilin_peptidase-dependent_protein|record=12,blaKPC,blaKPC_riskaware_top2,GCF_000364385.3,data_cas_offinder/expanded_panel/genomes/GCF_000364385.3_genomic.fna,NZ_CP006659.2,4434675,4435226,-,552,,prepilin peptidase-dependent protein,False,DB_refined_virulence_related
blaKPC|blaKPC_riskaware_top2|GCF_000597845.1|NZ_CP007265.1:945403-946854:-|gene=prpD|product=2-methylcitrate_dehydratase|record=13,blaKPC,blaKPC_riskaware_top2,GCF_000597845.1,data_cas_offinder/expanded_panel/genomes/GCF_000597845.1_genomic.fna,NZ_CP007265.1,945403,946854,-,1452,prpD,2-methylcitrate dehydratase,False,DB_refined_mobile_or_plasmid_related
blaKPC|blaKPC_riskaware_top2|GCF_000599625.1|NZ_CP007390.1:3519213-3520664:-|gene=prpD|product=2-methylcitrate_dehydratase|record=14,blaKPC,blaKPC_riskaware_top2,GCF_000599625.1,data_cas_offinder/expanded_panel/genomes/GCF_000599625.1_genomic.fna,NZ_CP007390.1,3519213,3520664,-,1452,prpD,2-methylcitrate dehydratase,False,DB_refined_mobile_or_plasmid_related
blaKPC|blaKPC_riskaware_top2|GCF_000599645.1|NZ_CP007391.1:3618334-3619785:-|gene=prpD|product=2-methylcitrate_dehydratase|record=15,blaKPC,blaKPC_riskaware_top2,GCF_000599645.1,data_cas_offinder/expanded_panel/genomes/GCF_000599645.1_genomic.fna,NZ_CP007391.1,3618334,3619785,-,1452,prpD,2-methylcitrate dehydratase,False,DB_refined_mobile_or_plasmid_related
blaKPC|blaKPC_riskaware_top2|GCF_000599665.1|NZ_CP007392.1:755494-757386:+|gene=aceF|product=pyruvate_dehydrogenase_complex_dihydrolipoyllysine-residue_acetyltransferase|record=16,blaKPC,blaKPC_riskaware_top2,GCF_000599665.1,data_cas_offinder/expanded_panel/genomes/GCF_000599665.1_genomic.fna,NZ_CP007392.1,755494,757386,+,1893,aceF,pyruvate dehydrogenase complex dihydrolipoyllysine-residue acetyltransferase,False,DB_refined_mobile_or_plasmid_related
blaKPC|blaKPC_riskaware_top2|GCF_000599665.1|NZ_CP007392.1:4613834-4615903:-|gene=glyS|product=glycine--tRNA_ligase_subunit_beta|record=17,blaKPC,blaKPC_riskaware_top2,GCF_000599665.1,data_cas_offinder/expanded_panel/genomes/GCF_000599665.1_genomic.fna,NZ_CP007392.1,4613834,4615903,-,2070,glyS,glycine--tRNA ligase subunit beta,False,DB_refined_essential_like
blaKPC|blaKPC_riskaware_top2|GCF_000599685.1|NZ_CP007393.1:763035-764927:+|gene=aceF|product=pyruvate_dehydrogenase_complex_dihydrolipoyllysine-residue_acetyltransferase|record=18,blaKPC,blaKPC_riskaware_top2,GCF_000599685.1,data_cas_offinder/expanded_panel/genomes/GCF_000599685.1_genomic.fna,NZ_CP007393.1,763035,764927,+,1893,aceF,pyruvate dehydrogenase complex dihydrolipoyllysine-residue acetyltransferase,False,DB_refined_mobile_or_plasmid_related
blaKPC|blaKPC_riskaware_top2|GCF_000599685.1|NZ_CP007393.1:4606666-4608735:-|gene=glyS|product=glycine--tRNA_ligase_subunit_beta|record=19,blaKPC,blaKPC_riskaware_top2,GCF_000599685.1,data_cas_offinder/expanded_panel/genomes/GCF_000599685.1_genomic.fna,NZ_CP007393.1,4606666,4608735,-,2070,glyS,glycine--tRNA ligase subunit beta,False,DB_refined_essential_like
blaKPC|blaKPC_riskaware_top2|GCF_000599705.1|NZ_CP007394.1:762620-764512:+|gene=aceF|product=pyruvate_dehydrogenase_complex_dihydrolipoyllysine-residue_acetyltransferase|record=20,blaKPC,blaKPC_riskaware_top2,GCF_000599705.1,data_cas_offinder/expanded_panel/genomes/GCF_000599705.1_genomic.fna,NZ_CP007394.1,762620,764512,+,1893,aceF,pyruvate dehydrogenase complex dihydrolipoyllysine-residue acetyltransferase,False,DB_refined_mobile_or_plasmid_related
blaKPC|blaKPC_riskaware_top2|GCF_000599705.1|NZ_CP007394.1:4550681-4552750:-|gene=glyS|product=glycine--tRNA_ligase_subunit_beta|record=21,blaKPC,blaKPC_riskaware_top2,GCF_000599705.1,data_cas_offinder/expanded_panel/genomes/GCF_000599705.1_genomic.fna,NZ_CP007394.1,4550681,4552750,-,2070,glyS,glycine--tRNA ligase subunit beta,False,DB_refined_essential_like
blaKPC|blaKPC_riskaware_top2|GCF_000739495.1|NZ_CP009114.1:2506733-2507284:-|gene=nan|product=prepilin_peptidase-dependent_protein|record=22,blaKPC,blaKPC_riskaware_top2,GCF_000739495.1,data_cas_offinder/expanded_panel/genomes/GCF_000739495.1_genomic.fna,NZ_CP009114.1,2506733,2507284,-,552,,prepilin peptidase-dependent protein,False,DB_refined_virulence_related
blaKPC|blaKPC_riskaware_top2|GCF_000739495.1|NZ_CP009114.1:3406516-3407679:+|gene=nan|product=multidrug_effflux_MFS_transporter|record=23,blaKPC,blaKPC_riskaware_top2,GCF_000739495.1,data_cas_offinder/expanded_panel/genomes/GCF_000739495.1_genomic.fna,NZ_CP009114.1,3406516,3407679,+,1164,,multidrug effflux MFS transporter,True,DB_refined_AMR_or_resistance_related
blaKPC|blaKPC_riskaware_top2|GCF_000739495.1|NZ_CP009114.1:4289032-4289718:+|gene=nan|product=tRNA/rRNA_methyltransferase|record=24,blaKPC,blaKPC_riskaware_top2,GCF_000739495.1,data_cas_offinder/expanded_panel/genomes/GCF_000739495.1_genomic.fna,NZ_CP009114.1,4289032,4289718,+,687,,tRNA/rRNA methyltransferase,False,DB_refined_mobile_or_plasmid_related
blaKPC|blaKPC_riskaware_top2|GCF_000764615.1|NZ_CP008929.1:786048-786599:-|gene=nan|product=prepilin_peptidase-dependent_protein|record=25,blaKPC,blaKPC_riskaware_top2,GCF_000764615.1,data_cas_offinder/expanded_panel/genomes/GCF_000764615.1_genomic.fna,NZ_CP008929.1,786048,786599,-,552,,prepilin peptidase-dependent protein,False,DB_refined_virulence_related
blaKPC|blaKPC_riskaware_top2|GCF_000764615.1|NZ_CP008929.1:2497140-2497826:+|gene=nan|product=tRNA/rRNA_methyltransferase|record=26,blaKPC,blaKPC_riskaware_top2,GCF_000764615.1,data_cas_offinder/expanded_panel/genomes/GCF_000764615.1_genomic.fna,NZ_CP008929.1,2497140,2497826,+,687,,tRNA/rRNA methyltransferase,False,DB_refined_mobile_or_plasmid_related
blaKPC|blaKPC_riskaware_top2|GCF_000775955.1|NZ_CP009461.1:667255-667806:+|gene=nan|product=prepilin_peptidase-dependent_protein|record=27,blaKPC,blaKPC_riskaware_top2,GCF_000775955.1,data_cas_offinder/expanded_panel/genomes/GCF_000775955.1_genomic.fna,NZ_CP009461.1,667255,667806,+,552,,prepilin peptidase-dependent protein,False,DB_refined_virulence_related
blaKPC|blaKPC_riskaware_top2|GCF_000775955.1|NZ_CP009461.1:4110658-4111344:-|gene=nan|product=tRNA/rRNA_methyltransferase|record=28,blaKPC,blaKPC_riskaware_top2,GCF_000775955.1,data_cas_offinder/expanded_panel/genomes/GCF_000775955.1_genomic.fna,NZ_CP009461.1,4110658,4111344,-,687,,tRNA/rRNA methyltransferase,False,DB_refined_mobile_or_plasmid_related
blaKPC|blaKPC_riskaware_top2|GCF_000775955.1|NZ_CP009461.1:4961162-4962325:-|gene=nan|product=multidrug_effflux_MFS_transporter|record=29,blaKPC,blaKPC_riskaware_top2,GCF_000775955.1,data_cas_offinder/expanded_panel/genomes/GCF_000775955.1_genomic.fna,NZ_CP009461.1,4961162,4962325,-,1164,,multidrug effflux MFS transporter,True,DB_refined_AMR_or_resistance_related
blaKPC|blaKPC_riskaware_top2|GCF_000801185.2|NZ_CP009106.2:1122430-1123881:+|gene=prpD|product=2-methylcitrate_dehydratase|record=30,blaKPC,blaKPC_riskaware_top2,GCF_000801185.2,data_cas_offinder/expanded_panel/genomes/GCF_000801185.2_genomic.fna,NZ_CP009106.2,1122430,1123881,+,1452,prpD,2-methylcitrate dehydratase,False,DB_refined_mobile_or_plasmid_related
blaKPC|blaKPC_riskaware_top2|GCF_000807395.2|NZ_CP010361.1:964004-964555:+|gene=nan|product=prepilin_peptidase-dependent_protein|record=31,blaKPC,blaKPC_riskaware_top2,GCF_000807395.2,data_cas_offinder/expanded_panel/genomes/GCF_000807395.2_genomic.fna,NZ_CP010361.1,964004,964555,+,552,,prepilin peptidase-dependent protein,False,DB_refined_virulence_related
blaKPC|blaKPC_riskaware_top2|GCF_000807395.2|NZ_CP010361.1:4548104-4548790:-|gene=nan|product=tRNA/rRNA_methyltransferase|record=32,blaKPC,blaKPC_riskaware_top2,GCF_000807395.2,data_cas_offinder/expanded_panel/genomes/GCF_000807395.2_genomic.fna,NZ_CP010361.1,4548104,4548790,-,687,,tRNA/rRNA methyltransferase,False,DB_refined_mobile_or_plasmid_related
blaKPC|blaKPC_riskaware_top2|GCF_000814145.2|NZ_CP010371.1:129964-131856:+|gene=aceF|product=pyruvate_dehydrogenase_complex_dihydrolipoyllysine-residue_acetyltransferase|record=33,blaKPC,blaKPC_riskaware_top2,GCF_000814145.2,data_cas_offinder/expanded_panel/genomes/GCF_000814145.2_genomic.fna,NZ_CP010371.1,129964,131856,+,1893,aceF,pyruvate dehydrogenase complex dihydrolipoyllysine-residue acetyltransferase,False,DB_refined_mobile_or_plasmid_related
blaKPC|blaKPC_riskaware_top2|GCF_000814145.2|NZ_CP010371.1:418878-420329:+|gene=prpD|product=2-methylcitrate_dehydratase|record=34,blaKPC,blaKPC_riskaware_top2,GCF_000814145.2,data_cas_offinder/expanded_panel/genomes/GCF_000814145.2_genomic.fna,NZ_CP010371.1,418878,420329,+,1452,prpD,2-methylcitrate dehydratase,False,DB_refined_mobile_or_plasmid_related
blaKPC|blaKPC_riskaware_top2|GCF_000814305.1|NZ_CP010392.1:963965-964516:+|gene=nan|product=prepilin_peptidase-dependent_protein|record=35,blaKPC,blaKPC_riskaware_top2,GCF_000814305.1,data_cas_offinder/expanded_panel/genomes/GCF_000814305.1_genomic.fna,NZ_CP010392.1,963965,964516,+,552,,prepilin peptidase-dependent protein,False,DB_refined_virulence_related
blaKPC|blaKPC_riskaware_top2|GCF_000814305.1|NZ_CP010392.1:4527034-4527720:-|gene=nan|product=tRNA/rRNA_methyltransferase|record=36,blaKPC,blaKPC_riskaware_top2,GCF_000814305.1,data_cas_offinder/expanded_panel/genomes/GCF_000814305.1_genomic.fna,NZ_CP010392.1,4527034,4527720,-,687,,tRNA/rRNA methyltransferase,False,DB_refined_mobile_or_plasmid_related
blaKPC|blaKPC_riskaware_top2|GCF_000968155.1|NZ_FO834906.1:3058021-3058551:+|gene=nan|product=hypothetical_protein|record=37,blaKPC,blaKPC_riskaware_top2,GCF_000968155.1,data_cas_offinder/expanded_panel/genomes/GCF_000968155.1_genomic.fna,NZ_FO834906.1,3058021,3058551,+,531,,hypothetical protein,True,DB_refined_AMR_or_resistance_related
blaKPC|blaKPC_riskaware_top2|GCF_000968155.1|NZ_FO834905.1:14736-15752:+|gene=nan|product=IS110-like_element_ISKpn2_family_transposase|record=38,blaKPC,blaKPC_riskaware_top2,GCF_000968155.1,data_cas_offinder/expanded_panel/genomes/GCF_000968155.1_genomic.fna,NZ_FO834905.1,14736,15752,+,1017,,IS110-like element ISKpn2 family transposase,False,DB_refined_mobile_or_plasmid_related
blaKPC|blaKPC_riskaware_top2|GCF_000968155.1|NZ_FO834906.1:66779-67942:-|gene=nan|product=multidrug_effflux_MFS_transporter|record=39,blaKPC,blaKPC_riskaware_top2,GCF_000968155.1,data_cas_offinder/expanded_panel/genomes/GCF_000968155.1_genomic.fna,NZ_FO834906.1,66779,67942,-,1164,,multidrug effflux MFS transporter,True,DB_refined_AMR_or_resistance_related
blaKPC|blaKPC_riskaware_top2|GCF_000968155.1|NZ_FO834906.1:4619007-4619693:-|gene=nan|product=tRNA/rRNA_methyltransferase|record=40,blaKPC,blaKPC_riskaware_top2,GCF_000968155.1,data_cas_offinder/expanded_panel/genomes/GCF_000968155.1_genomic.fna,NZ_FO834906.1,4619007,4619693,-,687,,tRNA/rRNA methyltransferase,False,DB_refined_mobile_or_plasmid_related
blaKPC|blaKPC_riskaware_top2|GCF_001022035.1|NZ_CP011578.1:2483371-2483922:-|gene=nan|product=prepilin_peptidase-dependent_protein|record=41,blaKPC,blaKPC_riskaware_top2,GCF_001022035.1,data_cas_offinder/expanded_panel/genomes/GCF_001022035.1_genomic.fna,NZ_CP011578.1,2483371,2483922,-,552,,prepilin peptidase-dependent protein,False,DB_refined_virulence_related
blaKPC|blaKPC_riskaware_top2|GCF_001022035.1|NZ_CP011578.1:4230612-4231298:+|gene=nan|product=tRNA/rRNA_methyltransferase|record=42,blaKPC,blaKPC_riskaware_top2,GCF_001022035.1,data_cas_offinder/expanded_panel/genomes/GCF_001022035.1_genomic.fna,NZ_CP011578.1,4230612,4231298,+,687,,tRNA/rRNA methyltransferase,False,DB_refined_mobile_or_plasmid_related
blaKPC|blaKPC_riskaware_top2|GCF_001022175.1|NZ_CP011624.1:1443974-1444660:-|gene=nan|product=tRNA/rRNA_methyltransferase|record=43,blaKPC,blaKPC_riskaware_top2,GCF_001022175.1,data_cas_offinder/expanded_panel/genomes/GCF_001022175.1_genomic.fna,NZ_CP011624.1,1443974,1444660,-,687,,tRNA/rRNA methyltransferase,False,DB_refined_mobile_or_plasmid_related
blaKPC|blaKPC_riskaware_top2|GCF_001022175.1|NZ_CP011624.1:3146698-3147249:+|gene=nan|product=prepilin_peptidase-dependent_protein|record=44,blaKPC,blaKPC_riskaware_top2,GCF_001022175.1,data_cas_offinder/expanded_panel/genomes/GCF_001022175.1_genomic.fna,NZ_CP011624.1,3146698,3147249,+,552,,prepilin peptidase-dependent protein,False,DB_refined_virulence_related
blaKPC|blaKPC_riskaware_top2|GCF_001022235.1|NZ_CP011647.1:178190-178741:-|gene=nan|product=prepilin_peptidase-dependent_protein|record=45,blaKPC,blaKPC_riskaware_top2,GCF_001022235.1,data_cas_offinder/expanded_panel/genomes/GCF_001022235.1_genomic.fna,NZ_CP011647.1,178190,178741,-,552,,prepilin peptidase-dependent protein,False,DB_refined_virulence_related
blaKPC|blaKPC_riskaware_top2|GCF_001022235.1|NZ_CP011647.1:1930786-1931472:+|gene=nan|product=tRNA/rRNA_methyltransferase|record=46,blaKPC,blaKPC_riskaware_top2,GCF_001022235.1,data_cas_offinder/expanded_panel/genomes/GCF_001022235.1_genomic.fna,NZ_CP011647.1,1930786,1931472,+,687,,tRNA/rRNA methyltransferase,False,DB_refined_mobile_or_plasmid_related
blaKPC|blaKPC_riskaware_top3|GCF_000418345.1|NC_021670.1:1654644-1657613:-|gene=nan|product=phage_tail_protein|record=47,blaKPC,blaKPC_riskaware_top3,GCF_000418345.1,data_cas_offinder/expanded_panel/genomes/GCF_000418345.1_genomic.fna,NC_021670.1,1654644,1657613,-,2970,,phage tail protein,False,DB_refined_mobile_or_plasmid_related
blaKPC|blaKPC_riskaware_top3|GCF_000709475.1|NZ_CP007447.1:2025837-2028722:-|gene=nan|product=terminase|record=48,blaKPC,blaKPC_riskaware_top3,GCF_000709475.1,data_cas_offinder/expanded_panel/genomes/GCF_000709475.1_genomic.fna,NZ_CP007447.1,2025837,2028722,-,2886,,terminase,True,DB_refined_AMR_or_resistance_related
blaKPC|blaKPC_riskaware_top4|GCA_000013465.1|CP000255.1:2272681-2274219:+|gene=mtlF|product=PTS_system%2C_mannitol_specific_IIBC_component|record=49,blaKPC,blaKPC_riskaware_top4,GCA_000013465.1,data_cas_offinder/expanded_panel/genomes/GCA_000013465.1_genomic.fna,CP000255.1,2272681,2274219,+,1539,mtlF,PTS system%2C mannitol specific IIBC component,True,DB_refined_AMR_or_resistance_related
blaKPC|blaKPC_riskaware_top4|GCF_000364385.3|NZ_CP006659.2:4434675-4435226:-|gene=nan|product=prepilin_peptidase-dependent_protein|record=50,blaKPC,blaKPC_riskaware_top4,GCF_000364385.3,data_cas_offinder/expanded_panel/genomes/GCF_000364385.3_genomic.fna,NZ_CP006659.2,4434675,4435226,-,552,,prepilin peptidase-dependent protein,False,DB_refined_virulence_related
blaKPC|blaKPC_riskaware_top4|GCF_000364385.3|NZ_CP006659.2:5005112-5005939:-|gene=dam|product=adenine-specific_DNA-methyltransferase|record=51,blaKPC,blaKPC_riskaware_top4,GCF_000364385.3,data_cas_offinder/expanded_panel/genomes/GCF_000364385.3_genomic.fna,NZ_CP006659.2,5005112,5005939,-,828,dam,adenine-specific DNA-methyltransferase,False,DB_refined_mobile_or_plasmid_related
blaKPC|blaKPC_riskaware_top4|GCF_000364385.3|NZ_CP006659.2:85544-86512:-|gene=ftsN|product=cell_division_protein_FtsN|record=52,blaKPC,blaKPC_riskaware_top4,GCF_000364385.3,data_cas_offinder/expanded_panel/genomes/GCF_000364385.3_genomic.fna,NZ_CP006659.2,85544,86512,-,969,ftsN,cell division protein FtsN,False,DB_refined_essential_like
blaKPC|blaKPC_riskaware_top4|GCF_000364385.3|NZ_CP006659.2:736008-736796:-|gene=fhuF|product=siderophore-iron_reductase_FhuF|record=53,blaKPC,blaKPC_riskaware_top4,GCF_000364385.3,data_cas_offinder/expanded_panel/genomes/GCF_000364385.3_genomic.fna,NZ_CP006659.2,736008,736796,-,789,fhuF,siderophore-iron reductase FhuF,False,DB_refined_virulence_related
blaKPC|blaKPC_riskaware_top4|GCF_000364385.3|NZ_CP006659.2:5257919-5259193:+|gene=waaA|product=lipid_IV(A)_3-deoxy-D-manno-octulosonic_acid_transferase|record=54,blaKPC,blaKPC_riskaware_top4,GCF_000364385.3,data_cas_offinder/expanded_panel/genomes/GCF_000364385.3_genomic.fna,NZ_CP006659.2,5257919,5259193,+,1275,waaA,lipid IV(A) 3-deoxy-D-manno-octulosonic acid transferase,False,DB_refined_mobile_or_plasmid_related
blaKPC|blaKPC_riskaware_top4|GCF_000418345.1|NC_021670.1:2360017-2361555:+|gene=nan|product=PTS_mannitol_transporter_subunit_IICB|record=55,blaKPC,blaKPC_riskaware_top4,GCF_000418345.1,data_cas_offinder/expanded_panel/genomes/GCF_000418345.1_genomic.fna,NC_021670.1,2360017,2361555,+,1539,,PTS mannitol transporter subunit IICB,False,DB_refined_mobile_or_plasmid_related
blaKPC|blaKPC_riskaware_top4|GCF_000597845.1|NZ_CP007265.1:949533-951119:+|gene=prpR|product=propionate_catabolism_operon_regulatory_protein_PrpR|record=56,blaKPC,blaKPC_riskaware_top4,GCF_000597845.1,data_cas_offinder/expanded_panel/genomes/GCF_000597845.1_genomic.fna,NZ_CP007265.1,949533,951119,+,1587,prpR,propionate catabolism operon regulatory protein PrpR,True,DB_refined_AMR_or_resistance_related
blaKPC|blaKPC_riskaware_top4|GCF_000597965.1|NZ_CP007454.1:1708813-1710351:-|gene=nan|product=PTS_mannitol_transporter_subunit_IICB|record=57,blaKPC,blaKPC_riskaware_top4,GCF_000597965.1,data_cas_offinder/expanded_panel/genomes/GCF_000597965.1_genomic.fna,NZ_CP007454.1,1708813,1710351,-,1539,,PTS mannitol transporter subunit IICB,False,DB_refined_mobile_or_plasmid_related
blaKPC|blaKPC_riskaware_top4|GCF_000599625.1|NZ_CP007390.1:3523343-3524929:+|gene=prpR|product=propionate_catabolism_operon_regulatory_protein_PrpR|record=58,blaKPC,blaKPC_riskaware_top4,GCF_000599625.1,data_cas_offinder/expanded_panel/genomes/GCF_000599625.1_genomic.fna,NZ_CP007390.1,3523343,3524929,+,1587,prpR,propionate catabolism operon regulatory protein PrpR,True,DB_refined_AMR_or_resistance_related
blaKPC|blaKPC_riskaware_top4|GCF_000599645.1|NZ_CP007391.1:3622464-3624050:+|gene=prpR|product=propionate_catabolism_operon_regulatory_protein_PrpR|record=59,blaKPC,blaKPC_riskaware_top4,GCF_000599645.1,data_cas_offinder/expanded_panel/genomes/GCF_000599645.1_genomic.fna,NZ_CP007391.1,3622464,3624050,+,1587,prpR,propionate catabolism operon regulatory protein PrpR,True,DB_refined_AMR_or_resistance_related
blaKPC|blaKPC_riskaware_top4|GCF_000599665.1|NZ_CP007392.1:875565-878348:-|gene=tssH|product=type_VI_secretion_system_ATPase_TssH|record=60,blaKPC,blaKPC_riskaware_top4,GCF_000599665.1,data_cas_offinder/expanded_panel/genomes/GCF_000599665.1_genomic.fna,NZ_CP007392.1,875565,878348,-,2784,tssH,type VI secretion system ATPase TssH,True,DB_refined_AMR_or_resistance_related
blaKPC|blaKPC_riskaware_top4|GCF_000599685.1|NZ_CP007393.1:883106-885889:-|gene=tssH|product=type_VI_secretion_system_ATPase_TssH|record=61,blaKPC,blaKPC_riskaware_top4,GCF_000599685.1,data_cas_offinder/expanded_panel/genomes/GCF_000599685.1_genomic.fna,NZ_CP007393.1,883106,885889,-,2784,tssH,type VI secretion system ATPase TssH,True,DB_refined_AMR_or_resistance_related
blaKPC|blaKPC_riskaware_top4|GCF_000599705.1|NZ_CP007394.1:884078-886861:-|gene=tssH|product=type_VI_secretion_system_ATPase_TssH|record=62,blaKPC,blaKPC_riskaware_top4,GCF_000599705.1,data_cas_offinder/expanded_panel/genomes/GCF_000599705.1_genomic.fna,NZ_CP007394.1,884078,886861,-,2784,tssH,type VI secretion system ATPase TssH,True,DB_refined_AMR_or_resistance_related
blaKPC|blaKPC_riskaware_top4|GCF_000626615.2|NZ_CP007539.2:174168-175706:-|gene=nan|product=PTS_mannitol_transporter_subunit_IICB|record=63,blaKPC,blaKPC_riskaware_top4,GCF_000626615.2,data_cas_offinder/expanded_panel/genomes/GCF_000626615.2_genomic.fna,NZ_CP007539.2,174168,175706,-,1539,,PTS mannitol transporter subunit IICB,False,DB_refined_mobile_or_plasmid_related
blaKPC|blaKPC_riskaware_top4|GCF_000695215.1|NZ_CP007659.1:2248173-2249711:+|gene=nan|product=PTS_mannitol_transporter_subunit_IIBC|record=64,blaKPC,blaKPC_riskaware_top4,GCF_000695215.1,data_cas_offinder/expanded_panel/genomes/GCF_000695215.1_genomic.fna,NZ_CP007659.1,2248173,2249711,+,1539,,PTS mannitol transporter subunit IIBC,False,DB_refined_mobile_or_plasmid_related
blaKPC|blaKPC_riskaware_top4|GCF_000695875.1|NZ_CP007690.1:2273074-2274612:+|gene=nan|product=PTS_mannitol_transporter_subunit_IIBC|record=65,blaKPC,blaKPC_riskaware_top4,GCF_000695875.1,data_cas_offinder/expanded_panel/genomes/GCF_000695875.1_genomic.fna,NZ_CP007690.1,2273074,2274612,+,1539,,PTS mannitol transporter subunit IIBC,False,DB_refined_mobile_or_plasmid_related
blaKPC|blaKPC_riskaware_top4|GCF_000709475.1|NZ_CP007447.1:2435128-2436666:+|gene=nan|product=PTS_mannitol_transporter_subunit_IICB|record=66,blaKPC,blaKPC_riskaware_top4,GCF_000709475.1,data_cas_offinder/expanded_panel/genomes/GCF_000709475.1_genomic.fna,NZ_CP007447.1,2435128,2436666,+,1539,,PTS mannitol transporter subunit IICB,False,DB_refined_mobile_or_plasmid_related
blaKPC|blaKPC_riskaware_top4|GCF_000739495.1|NZ_CP009114.1:2506733-2507284:-|gene=nan|product=prepilin_peptidase-dependent_protein|record=67,blaKPC,blaKPC_riskaware_top4,GCF_000739495.1,data_cas_offinder/expanded_panel/genomes/GCF_000739495.1_genomic.fna,NZ_CP009114.1,2506733,2507284,-,552,,prepilin peptidase-dependent protein,False,DB_refined_virulence_related
blaKPC|blaKPC_riskaware_top4|GCF_000739495.1|NZ_CP009114.1:3072785-3073612:-|gene=dam|product=adenine-specific_DNA-methyltransferase|record=68,blaKPC,blaKPC_riskaware_top4,GCF_000739495.1,data_cas_offinder/expanded_panel/genomes/GCF_000739495.1_genomic.fna,NZ_CP009114.1,3072785,3073612,-,828,dam,adenine-specific DNA-methyltransferase,False,DB_refined_mobile_or_plasmid_related
blaKPC|blaKPC_riskaware_top4|GCF_000739495.1|NZ_CP009114.1:3326420-3327694:+|gene=waaA|product=lipid_IV(A)_3-deoxy-D-manno-octulosonic_acid_transferase|record=69,blaKPC,blaKPC_riskaware_top4,GCF_000739495.1,data_cas_offinder/expanded_panel/genomes/GCF_000739495.1_genomic.fna,NZ_CP009114.1,3326420,3327694,+,1275,waaA,lipid IV(A) 3-deoxy-D-manno-octulosonic acid transferase,False,DB_refined_mobile_or_plasmid_related
blaKPC|blaKPC_riskaware_top4|GCF_000739495.1|NZ_CP009114.1:3594119-3595087:-|gene=ftsN|product=cell_division_protein_FtsN|record=70,blaKPC,blaKPC_riskaware_top4,GCF_000739495.1,data_cas_offinder/expanded_panel/genomes/GCF_000739495.1_genomic.fna,NZ_CP009114.1,3594119,3595087,-,969,ftsN,cell division protein FtsN,False,DB_refined_essential_like
blaKPC|blaKPC_riskaware_top4|GCF_000739495.1|NZ_CP009114.1:4254876-4255664:-|gene=fhuF|product=siderophore-iron_reductase_FhuF|record=71,blaKPC,blaKPC_riskaware_top4,GCF_000739495.1,data_cas_offinder/expanded_panel/genomes/GCF_000739495.1_genomic.fna,NZ_CP009114.1,4254876,4255664,-,789,fhuF,siderophore-iron reductase FhuF,False,DB_refined_virulence_related
blaKPC|blaKPC_riskaware_top4|GCF_000746505.1|NZ_CP007499.1:2355761-2357299:+|gene=nan|product=PTS_mannitol_transporter_subunit_IICB|record=72,blaKPC,blaKPC_riskaware_top4,GCF_000746505.1,data_cas_offinder/expanded_panel/genomes/GCF_000746505.1_genomic.fna,NZ_CP007499.1,2355761,2357299,+,1539,,PTS mannitol transporter subunit IICB,False,DB_refined_mobile_or_plasmid_related
blaKPC|blaKPC_riskaware_top4|GCF_000764615.1|NZ_CP008929.1:786048-786599:-|gene=nan|product=prepilin_peptidase-dependent_protein|record=73,blaKPC,blaKPC_riskaware_top4,GCF_000764615.1,data_cas_offinder/expanded_panel/genomes/GCF_000764615.1_genomic.fna,NZ_CP008929.1,786048,786599,-,552,,prepilin peptidase-dependent protein,False,DB_refined_virulence_related
blaKPC|blaKPC_riskaware_top4|GCF_000764615.1|NZ_CP008929.1:1329334-1330161:-|gene=dam|product=adenine-specific_DNA-methyltransferase|record=74,blaKPC,blaKPC_riskaware_top4,GCF_000764615.1,data_cas_offinder/expanded_panel/genomes/GCF_000764615.1_genomic.fna,NZ_CP008929.1,1329334,1330161,-,828,dam,adenine-specific DNA-methyltransferase,False,DB_refined_mobile_or_plasmid_related
blaKPC|blaKPC_riskaware_top4|GCF_000764615.1|NZ_CP008929.1:1580925-1582199:+|gene=waaA|product=lipid_IV(A)_3-deoxy-D-manno-octulosonic_acid_transferase|record=75,blaKPC,blaKPC_riskaware_top4,GCF_000764615.1,data_cas_offinder/expanded_panel/genomes/GCF_000764615.1_genomic.fna,NZ_CP008929.1,1580925,1582199,+,1275,waaA,lipid IV(A) 3-deoxy-D-manno-octulosonic acid transferase,False,DB_refined_mobile_or_plasmid_related
blaKPC|blaKPC_riskaware_top4|GCF_000764615.1|NZ_CP008929.1:1837606-1838574:-|gene=ftsN|product=cell_division_protein_FtsN|record=76,blaKPC,blaKPC_riskaware_top4,GCF_000764615.1,data_cas_offinder/expanded_panel/genomes/GCF_000764615.1_genomic.fna,NZ_CP008929.1,1837606,1838574,-,969,ftsN,cell division protein FtsN,False,DB_refined_essential_like
blaKPC|blaKPC_riskaware_top4|GCF_000764615.1|NZ_CP008929.1:2462984-2463772:-|gene=fhuF|product=siderophore-iron_reductase_FhuF|record=77,blaKPC,blaKPC_riskaware_top4,GCF_000764615.1,data_cas_offinder/expanded_panel/genomes/GCF_000764615.1_genomic.fna,NZ_CP008929.1,2462984,2463772,-,789,fhuF,siderophore-iron reductase FhuF,False,DB_refined_virulence_related
blaKPC|blaKPC_riskaware_top4|GCF_000769575.1|NZ_CP009681.1:2422376-2423914:+|gene=nan|product=PTS_mannitol_transporter_subunit_IIBC|record=78,blaKPC,blaKPC_riskaware_top4,GCF_000769575.1,data_cas_offinder/expanded_panel/genomes/GCF_000769575.1_genomic.fna,NZ_CP009681.1,2422376,2423914,+,1539,,PTS mannitol transporter subunit IIBC,False,DB_refined_mobile_or_plasmid_related
blaKPC|blaKPC_riskaware_top4|GCF_000775955.1|NZ_CP009461.1:171924-172751:+|gene=dam|product=adenine-specific_DNA-methyltransferase|record=79,blaKPC,blaKPC_riskaware_top4,GCF_000775955.1,data_cas_offinder/expanded_panel/genomes/GCF_000775955.1_genomic.fna,NZ_CP009461.1,171924,172751,+,828,dam,adenine-specific DNA-methyltransferase,False,DB_refined_mobile_or_plasmid_related
blaKPC|blaKPC_riskaware_top4|GCF_000775955.1|NZ_CP009461.1:667255-667806:+|gene=nan|product=prepilin_peptidase-dependent_protein|record=80,blaKPC,blaKPC_riskaware_top4,GCF_000775955.1,data_cas_offinder/expanded_panel/genomes/GCF_000775955.1_genomic.fna,NZ_CP009461.1,667255,667806,+,552,,prepilin peptidase-dependent protein,False,DB_refined_virulence_related
blaKPC|blaKPC_riskaware_top4|GCF_000775955.1|NZ_CP009461.1:4144711-4145499:+|gene=fhuF|product=siderophore-iron_reductase_FhuF|record=81,blaKPC,blaKPC_riskaware_top4,GCF_000775955.1,data_cas_offinder/expanded_panel/genomes/GCF_000775955.1_genomic.fna,NZ_CP009461.1,4144711,4145499,+,789,fhuF,siderophore-iron reductase FhuF,False,DB_refined_virulence_related
blaKPC|blaKPC_riskaware_top4|GCF_000775955.1|NZ_CP009461.1:4778855-4779823:+|gene=ftsN|product=cell_division_protein_FtsN|record=82,blaKPC,blaKPC_riskaware_top4,GCF_000775955.1,data_cas_offinder/expanded_panel/genomes/GCF_000775955.1_genomic.fna,NZ_CP009461.1,4778855,4779823,+,969,ftsN,cell division protein FtsN,False,DB_refined_essential_like
blaKPC|blaKPC_riskaware_top4|GCF_000775955.1|NZ_CP009461.1:5038904-5040178:-|gene=waaA|product=lipid_IV(A)_3-deoxy-D-manno-octulosonic_acid_transferase|record=83,blaKPC,blaKPC_riskaware_top4,GCF_000775955.1,data_cas_offinder/expanded_panel/genomes/GCF_000775955.1_genomic.fna,NZ_CP009461.1,5038904,5040178,-,1275,waaA,lipid IV(A) 3-deoxy-D-manno-octulosonic acid transferase,False,DB_refined_mobile_or_plasmid_related
blaKPC|blaKPC_riskaware_top4|GCF_000784925.1|NZ_CP009859.1:179675-181657:+|gene=fhuB|product=Fe(3+)-hydroxamate_ABC_transporter_permease_FhuB|record=84,blaKPC,blaKPC_riskaware_top4,GCF_000784925.1,data_cas_offinder/expanded_panel/genomes/GCF_000784925.1_genomic.fna,NZ_CP009859.1,179675,181657,+,1983,fhuB,Fe(3+)-hydroxamate ABC transporter permease FhuB,True,DB_refined_AMR_or_resistance_related
blaKPC|blaKPC_riskaware_top4|GCF_000801165.1|NZ_CP009104.1:940210-942192:+|gene=fhuB|product=Fe(3+)-hydroxamate_ABC_transporter_permease_FhuB|record=85,blaKPC,blaKPC_riskaware_top4,GCF_000801165.1,data_cas_offinder/expanded_panel/genomes/GCF_000801165.1_genomic.fna,NZ_CP009104.1,940210,942192,+,1983,fhuB,Fe(3+)-hydroxamate ABC transporter permease FhuB,True,DB_refined_AMR_or_resistance_related
blaKPC|blaKPC_riskaware_top4|GCF_000801185.2|NZ_CP009106.2:954111-956093:+|gene=fhuB|product=Fe(3+)-hydroxamate_ABC_transporter_permease_FhuB|record=86,blaKPC,blaKPC_riskaware_top4,GCF_000801185.2,data_cas_offinder/expanded_panel/genomes/GCF_000801185.2_genomic.fna,NZ_CP009106.2,954111,956093,+,1983,fhuB,Fe(3+)-hydroxamate ABC transporter permease FhuB,True,DB_refined_AMR_or_resistance_related
blaKPC|blaKPC_riskaware_top4|GCF_000807395.2|NZ_CP010361.1:393303-394130:+|gene=dam|product=adenine-specific_DNA-methyltransferase|record=87,blaKPC,blaKPC_riskaware_top4,GCF_000807395.2,data_cas_offinder/expanded_panel/genomes/GCF_000807395.2_genomic.fna,NZ_CP010361.1,393303,394130,+,828,dam,adenine-specific DNA-methyltransferase,False,DB_refined_mobile_or_plasmid_related
blaKPC|blaKPC_riskaware_top4|GCF_000807395.2|NZ_CP010361.1:964004-964555:+|gene=nan|product=prepilin_peptidase-dependent_protein|record=88,blaKPC,blaKPC_riskaware_top4,GCF_000807395.2,data_cas_offinder/expanded_panel/genomes/GCF_000807395.2_genomic.fna,NZ_CP010361.1,964004,964555,+,552,,prepilin peptidase-dependent protein,False,DB_refined_virulence_related
blaKPC|blaKPC_riskaware_top4|GCF_000807395.2|NZ_CP010361.1:138950-140224:-|gene=waaA|product=lipid_IV(A)_3-deoxy-D-manno-octulosonic_acid_transferase|record=89,blaKPC,blaKPC_riskaware_top4,GCF_000807395.2,data_cas_offinder/expanded_panel/genomes/GCF_000807395.2_genomic.fna,NZ_CP010361.1,138950,140224,-,1275,waaA,lipid IV(A) 3-deoxy-D-manno-octulosonic acid transferase,False,DB_refined_mobile_or_plasmid_related
blaKPC|blaKPC_riskaware_top4|GCF_000807395.2|NZ_CP010361.1:4582157-4582945:+|gene=fhuF|product=siderophore-iron_reductase_FhuF|record=90,blaKPC,blaKPC_riskaware_top4,GCF_000807395.2,data_cas_offinder/expanded_panel/genomes/GCF_000807395.2_genomic.fna,NZ_CP010361.1,4582157,4582945,+,789,fhuF,siderophore-iron reductase FhuF,False,DB_refined_virulence_related
blaKPC|blaKPC_riskaware_top4|GCF_000807395.2|NZ_CP010361.1:5223596-5224564:+|gene=ftsN|product=cell_division_protein_FtsN|record=91,blaKPC,blaKPC_riskaware_top4,GCF_000807395.2,data_cas_offinder/expanded_panel/genomes/GCF_000807395.2_genomic.fna,NZ_CP010361.1,5223596,5224564,+,969,ftsN,cell division protein FtsN,False,DB_refined_essential_like
blaKPC|blaKPC_riskaware_top4|GCF_000814145.2|NZ_CP010371.1:251543-254308:-|gene=tssH|product=type_VI_secretion_system_ATPase_TssH|record=92,blaKPC,blaKPC_riskaware_top4,GCF_000814145.2,data_cas_offinder/expanded_panel/genomes/GCF_000814145.2_genomic.fna,NZ_CP010371.1,251543,254308,-,2766,tssH,type VI secretion system ATPase TssH,True,DB_refined_AMR_or_resistance_related
blaKPC|blaKPC_riskaware_top4|GCF_000814305.1|NZ_CP010392.1:390992-391819:+|gene=dam|product=adenine-specific_DNA-methyltransferase|record=93,blaKPC,blaKPC_riskaware_top4,GCF_000814305.1,data_cas_offinder/expanded_panel/genomes/GCF_000814305.1_genomic.fna,NZ_CP010392.1,390992,391819,+,828,dam,adenine-specific DNA-methyltransferase,False,DB_refined_mobile_or_plasmid_related
blaKPC|blaKPC_riskaware_top4|GCF_000814305.1|NZ_CP010392.1:963965-964516:+|gene=nan|product=prepilin_peptidase-dependent_protein|record=94,blaKPC,blaKPC_riskaware_top4,GCF_000814305.1,data_cas_offinder/expanded_panel/genomes/GCF_000814305.1_genomic.fna,NZ_CP010392.1,963965,964516,+,552,,prepilin peptidase-dependent protein,False,DB_refined_virulence_related
blaKPC|blaKPC_riskaware_top4|GCF_000814305.1|NZ_CP010392.1:136637-137911:-|gene=waaA|product=lipid_IV(A)_3-deoxy-D-manno-octulosonic_acid_transferase|record=95,blaKPC,blaKPC_riskaware_top4,GCF_000814305.1,data_cas_offinder/expanded_panel/genomes/GCF_000814305.1_genomic.fna,NZ_CP010392.1,136637,137911,-,1275,waaA,lipid IV(A) 3-deoxy-D-manno-octulosonic acid transferase,False,DB_refined_mobile_or_plasmid_related
blaKPC|blaKPC_riskaware_top4|GCF_000814305.1|NZ_CP010392.1:4561088-4561876:+|gene=fhuF|product=siderophore-iron_reductase_FhuF|record=96,blaKPC,blaKPC_riskaware_top4,GCF_000814305.1,data_cas_offinder/expanded_panel/genomes/GCF_000814305.1_genomic.fna,NZ_CP010392.1,4561088,4561876,+,789,fhuF,siderophore-iron reductase FhuF,False,DB_refined_virulence_related
blaKPC|blaKPC_riskaware_top4|GCF_000814305.1|NZ_CP010392.1:5192740-5193708:+|gene=ftsN|product=cell_division_protein_FtsN|record=97,blaKPC,blaKPC_riskaware_top4,GCF_000814305.1,data_cas_offinder/expanded_panel/genomes/GCF_000814305.1_genomic.fna,NZ_CP010392.1,5192740,5193708,+,969,ftsN,cell division protein FtsN,False,DB_refined_essential_like
blaKPC|blaKPC_riskaware_top4|GCF_000815045.1|NZ_CP010295.1:2272681-2274219:+|gene=nan|product=PTS_mannitol_transporter_subunit_IIBC|record=98,blaKPC,blaKPC_riskaware_top4,GCF_000815045.1,data_cas_offinder/expanded_panel/genomes/GCF_000815045.1_genomic.fna,NZ_CP010295.1,2272681,2274219,+,1539,,PTS mannitol transporter subunit IIBC,False,DB_refined_mobile_or_plasmid_related
blaKPC|blaKPC_riskaware_top4|GCF_000815085.1|NZ_CP010296.1:2272690-2274228:+|gene=nan|product=PTS_mannitol_transporter_subunit_IIBC|record=99,blaKPC,blaKPC_riskaware_top4,GCF_000815085.1,data_cas_offinder/expanded_panel/genomes/GCF_000815085.1_genomic.fna,NZ_CP010296.1,2272690,2274228,+,1539,,PTS mannitol transporter subunit IIBC,False,DB_refined_mobile_or_plasmid_related
blaKPC|blaKPC_riskaware_top4|GCF_000815125.1|NZ_CP010297.1:2272675-2274213:+|gene=nan|product=PTS_mannitol_transporter_subunit_IIBC|record=100,blaKPC,blaKPC_riskaware_top4,GCF_000815125.1,data_cas_offinder/expanded_panel/genomes/GCF_000815125.1_genomic.fna,NZ_CP010297.1,2272675,2274213,+,1539,,PTS mannitol transporter subunit IIBC,False,DB_refined_mobile_or_plasmid_related
blaKPC|blaKPC_riskaware_top4|GCF_000815165.1|NZ_CP010298.1:2272690-2274228:+|gene=nan|product=PTS_mannitol_transporter_subunit_IIBC|record=101,blaKPC,blaKPC_riskaware_top4,GCF_000815165.1,data_cas_offinder/expanded_panel/genomes/GCF_000815165.1_genomic.fna,NZ_CP010298.1,2272690,2274228,+,1539,,PTS mannitol transporter subunit IIBC,False,DB_refined_mobile_or_plasmid_related
blaKPC|blaKPC_riskaware_top4|GCF_000815205.1|NZ_CP010299.1:2272694-2274232:+|gene=nan|product=PTS_mannitol_transporter_subunit_IIBC|record=102,blaKPC,blaKPC_riskaware_top4,GCF_000815205.1,data_cas_offinder/expanded_panel/genomes/GCF_000815205.1_genomic.fna,NZ_CP010299.1,2272694,2274232,+,1539,,PTS mannitol transporter subunit IIBC,False,DB_refined_mobile_or_plasmid_related
blaKPC|blaKPC_riskaware_top4|GCF_000968155.1|NZ_FO834906.1:400126-400953:+|gene=dam|product=adenine-specific_DNA-methyltransferase|record=103,blaKPC,blaKPC_riskaware_top4,GCF_000968155.1,data_cas_offinder/expanded_panel/genomes/GCF_000968155.1_genomic.fna,NZ_FO834906.1,400126,400953,+,828,dam,adenine-specific DNA-methyltransferase,False,DB_refined_mobile_or_plasmid_related
blaKPC|blaKPC_riskaware_top4|GCF_000968155.1|NZ_FO834906.1:143640-144914:-|gene=waaA|product=lipid_IV(A)_3-deoxy-D-manno-octulosonic_acid_transferase|record=104,blaKPC,blaKPC_riskaware_top4,GCF_000968155.1,data_cas_offinder/expanded_panel/genomes/GCF_000968155.1_genomic.fna,NZ_FO834906.1,143640,144914,-,1275,waaA,lipid IV(A) 3-deoxy-D-manno-octulosonic acid transferase,False,DB_refined_mobile_or_plasmid_related
blaKPC|blaKPC_riskaware_top4|GCF_000968155.1|NZ_FO834906.1:896146-896697:+|gene=nan|product=prepilin_peptidase-dependent_protein|record=105,blaKPC,blaKPC_riskaware_top4,GCF_000968155.1,data_cas_offinder/expanded_panel/genomes/GCF_000968155.1_genomic.fna,NZ_FO834906.1,896146,896697,+,552,,prepilin peptidase-dependent protein,False,DB_refined_virulence_related
blaKPC|blaKPC_riskaware_top4|GCF_000968155.1|NZ_FO834906.1:3058021-3058551:+|gene=nan|product=hypothetical_protein|record=106,blaKPC,blaKPC_riskaware_top4,GCF_000968155.1,data_cas_offinder/expanded_panel/genomes/GCF_000968155.1_genomic.fna,NZ_FO834906.1,3058021,3058551,+,531,,hypothetical protein,True,DB_refined_AMR_or_resistance_related
blaKPC|blaKPC_riskaware_top4|GCF_000968155.1|NZ_FO834906.1:4653060-4653848:+|gene=fhuF|product=siderophore-iron_reductase_FhuF|record=107,blaKPC,blaKPC_riskaware_top4,GCF_000968155.1,data_cas_offinder/expanded_panel/genomes/GCF_000968155.1_genomic.fna,NZ_FO834906.1,4653060,4653848,+,789,fhuF,siderophore-iron reductase FhuF,False,DB_refined_virulence_related
blaKPC|blaKPC_riskaware_top4|GCF_000968155.1|NZ_FO834906.1:4932391-4933359:+|gene=ftsN|product=cell_division_protein_FtsN|record=108,blaKPC,blaKPC_riskaware_top4,GCF_000968155.1,data_cas_offinder/expanded_panel/genomes/GCF_000968155.1_genomic.fna,NZ_FO834906.1,4932391,4933359,+,969,ftsN,cell division protein FtsN,False,DB_refined_essential_like
blaKPC|blaKPC_riskaware_top4|GCF_001022035.1|NZ_CP011578.1:2483371-2483922:-|gene=nan|product=prepilin_peptidase-dependent_protein|record=109,blaKPC,blaKPC_riskaware_top4,GCF_001022035.1,data_cas_offinder/expanded_panel/genomes/GCF_001022035.1_genomic.fna,NZ_CP011578.1,2483371,2483922,-,552,,prepilin peptidase-dependent protein,False,DB_refined_virulence_related
blaKPC|blaKPC_riskaware_top4|GCF_001022035.1|NZ_CP011578.1:3054996-3055823:-|gene=dam|product=adenine-specific_DNA-methyltransferase|record=110,blaKPC,blaKPC_riskaware_top4,GCF_001022035.1,data_cas_offinder/expanded_panel/genomes/GCF_001022035.1_genomic.fna,NZ_CP011578.1,3054996,3055823,-,828,dam,adenine-specific DNA-methyltransferase,False,DB_refined_mobile_or_plasmid_related
blaKPC|blaKPC_riskaware_top4|GCF_001022035.1|NZ_CP011578.1:3307636-3308910:+|gene=waaA|product=lipid_IV(A)_3-deoxy-D-manno-octulosonic_acid_transferase|record=111,blaKPC,blaKPC_riskaware_top4,GCF_001022035.1,data_cas_offinder/expanded_panel/genomes/GCF_001022035.1_genomic.fna,NZ_CP011578.1,3307636,3308910,+,1275,waaA,lipid IV(A) 3-deoxy-D-manno-octulosonic acid transferase,False,DB_refined_mobile_or_plasmid_related
blaKPC|blaKPC_riskaware_top4|GCF_001022035.1|NZ_CP011578.1:3567727-3568695:-|gene=ftsN|product=cell_division_protein_FtsN|record=112,blaKPC,blaKPC_riskaware_top4,GCF_001022035.1,data_cas_offinder/expanded_panel/genomes/GCF_001022035.1_genomic.fna,NZ_CP011578.1,3567727,3568695,-,969,ftsN,cell division protein FtsN,False,DB_refined_essential_like
blaKPC|blaKPC_riskaware_top4|GCF_001022035.1|NZ_CP011578.1:4196571-4197359:-|gene=fhuF|product=siderophore-iron_reductase_FhuF|record=113,blaKPC,blaKPC_riskaware_top4,GCF_001022035.1,data_cas_offinder/expanded_panel/genomes/GCF_001022035.1_genomic.fna,NZ_CP011578.1,4196571,4197359,-,789,fhuF,siderophore-iron reductase FhuF,False,DB_refined_virulence_related
blaKPC|blaKPC_riskaware_top4|GCF_001022175.1|NZ_CP011624.1:2612057-2612884:+|gene=dam|product=adenine-specific_DNA-methyltransferase|record=114,blaKPC,blaKPC_riskaware_top4,GCF_001022175.1,data_cas_offinder/expanded_panel/genomes/GCF_001022175.1_genomic.fna,NZ_CP011624.1,2612057,2612884,+,828,dam,adenine-specific DNA-methyltransferase,False,DB_refined_mobile_or_plasmid_related
blaKPC|blaKPC_riskaware_top4|GCF_001022175.1|NZ_CP011624.1:3146698-3147249:+|gene=nan|product=prepilin_peptidase-dependent_protein|record=115,blaKPC,blaKPC_riskaware_top4,GCF_001022175.1,data_cas_offinder/expanded_panel/genomes/GCF_001022175.1_genomic.fna,NZ_CP011624.1,3146698,3147249,+,552,,prepilin peptidase-dependent protein,False,DB_refined_virulence_related
blaKPC|blaKPC_riskaware_top4|GCF_001022175.1|NZ_CP011624.1:1478028-1478816:+|gene=fhuF|product=siderophore-iron_reductase_FhuF|record=116,blaKPC,blaKPC_riskaware_top4,GCF_001022175.1,data_cas_offinder/expanded_panel/genomes/GCF_001022175.1_genomic.fna,NZ_CP011624.1,1478028,1478816,+,789,fhuF,siderophore-iron reductase FhuF,False,DB_refined_virulence_related
blaKPC|blaKPC_riskaware_top4|GCF_001022175.1|NZ_CP011624.1:2093765-2094733:+|gene=ftsN|product=cell_division_protein_FtsN|record=117,blaKPC,blaKPC_riskaware_top4,GCF_001022175.1,data_cas_offinder/expanded_panel/genomes/GCF_001022175.1_genomic.fna,NZ_CP011624.1,2093765,2094733,+,969,ftsN,cell division protein FtsN,False,DB_refined_essential_like
blaKPC|blaKPC_riskaware_top4|GCF_001022175.1|NZ_CP011624.1:2356382-2357656:-|gene=waaA|product=lipid_IV(A)_3-deoxy-D-manno-octulosonic_acid_transferase|record=118,blaKPC,blaKPC_riskaware_top4,GCF_001022175.1,data_cas_offinder/expanded_panel/genomes/GCF_001022175.1_genomic.fna,NZ_CP011624.1,2356382,2357656,-,1275,waaA,lipid IV(A) 3-deoxy-D-manno-octulosonic acid transferase,False,DB_refined_mobile_or_plasmid_related
blaKPC|blaKPC_riskaware_top4|GCF_001022235.1|NZ_CP011647.1:178190-178741:-|gene=nan|product=prepilin_peptidase-dependent_protein|record=119,blaKPC,blaKPC_riskaware_top4,GCF_001022235.1,data_cas_offinder/expanded_panel/genomes/GCF_001022235.1_genomic.fna,NZ_CP011647.1,178190,178741,-,552,,prepilin peptidase-dependent protein,False,DB_refined_virulence_related
blaKPC|blaKPC_riskaware_top4|GCF_001022235.1|NZ_CP011647.1:750893-751720:-|gene=dam|product=adenine-specific_DNA-methyltransferase|record=120,blaKPC,blaKPC_riskaware_top4,GCF_001022235.1,data_cas_offinder/expanded_panel/genomes/GCF_001022235.1_genomic.fna,NZ_CP011647.1,750893,751720,-,828,dam,adenine-specific DNA-methyltransferase,False,DB_refined_mobile_or_plasmid_related
blaKPC|blaKPC_riskaware_top4|GCF_001022235.1|NZ_CP011647.1:1005027-1006301:+|gene=waaA|product=lipid_IV(A)_3-deoxy-D-manno-octulosonic_acid_transferase|record=121,blaKPC,blaKPC_riskaware_top4,GCF_001022235.1,data_cas_offinder/expanded_panel/genomes/GCF_001022235.1_genomic.fna,NZ_CP011647.1,1005027,1006301,+,1275,waaA,lipid IV(A) 3-deoxy-D-manno-octulosonic acid transferase,False,DB_refined_mobile_or_plasmid_related
blaKPC|blaKPC_riskaware_top4|GCF_001022235.1|NZ_CP011647.1:1265119-1266087:-|gene=ftsN|product=cell_division_protein_FtsN|record=122,blaKPC,blaKPC_riskaware_top4,GCF_001022235.1,data_cas_offinder/expanded_panel/genomes/GCF_001022235.1_genomic.fna,NZ_CP011647.1,1265119,1266087,-,969,ftsN,cell division protein FtsN,False,DB_refined_essential_like
blaKPC|blaKPC_riskaware_top4|GCF_001022235.1|NZ_CP011647.1:1896630-1897418:-|gene=fhuF|product=siderophore-iron_reductase_FhuF|record=123,blaKPC,blaKPC_riskaware_top4,GCF_001022235.1,data_cas_offinder/expanded_panel/genomes/GCF_001022235.1_genomic.fna,NZ_CP011647.1,1896630,1897418,-,789,fhuF,siderophore-iron reductase FhuF,False,DB_refined_virulence_related
blaNDM1|blaNDM1_riskaware_top3|GCF_000814145.2|NZ_CP010373.2:111738-113231:-|gene=nan|product=IS91-like_element_ISCR2_family_transposase|record=124,blaNDM1,blaNDM1_riskaware_top3,GCF_000814145.2,data_cas_offinder/expanded_panel/genomes/GCF_000814145.2_genomic.fna,NZ_CP010373.2,111738,113231,-,1494,,IS91-like element ISCR2 family transposase,False,DB_refined_mobile_or_plasmid_related
blaNDM1|blaNDM1_riskaware_top3|GCF_000814145.2|NZ_CP010371.1:2693147-2694640:-|gene=nan|product=IS91-like_element_ISCR2_family_transposase|record=125,blaNDM1,blaNDM1_riskaware_top3,GCF_000814145.2,data_cas_offinder/expanded_panel/genomes/GCF_000814145.2_genomic.fna,NZ_CP010371.1,2693147,2694640,-,1494,,IS91-like element ISCR2 family transposase,False,DB_refined_mobile_or_plasmid_related
blaNDM1|blaNDM1_riskaware_top4|GCF_000364385.3|NZ_CP006661.1:122191-123003:+|gene=nan|product=subclass_B1_metallo-beta-lactamase_NDM-1|record=126,blaNDM1,blaNDM1_riskaware_top4,GCF_000364385.3,data_cas_offinder/expanded_panel/genomes/GCF_000364385.3_genomic.fna,NZ_CP006661.1,122191,123003,+,813,,subclass B1 metallo-beta-lactamase NDM-1,True,DB_refined_AMR_or_resistance_related
blaNDM1|blaNDM1_riskaware_top4|GCF_000739495.1|NZ_CP009115.1:30287-31099:+|gene=nan|product=subclass_B1_metallo-beta-lactamase_NDM-1|record=127,blaNDM1,blaNDM1_riskaware_top4,GCF_000739495.1,data_cas_offinder/expanded_panel/genomes/GCF_000739495.1_genomic.fna,NZ_CP009115.1,30287,31099,+,813,,subclass B1 metallo-beta-lactamase NDM-1,True,DB_refined_AMR_or_resistance_related
blaNDM1|blaNDM1_riskaware_top4|GCF_000764615.1|NZ_CP008933.1:47947-48759:+|gene=nan|product=subclass_B1_metallo-beta-lactamase_NDM-1|record=128,blaNDM1,blaNDM1_riskaware_top4,GCF_000764615.1,data_cas_offinder/expanded_panel/genomes/GCF_000764615.1_genomic.fna,NZ_CP008933.1,47947,48759,+,813,,subclass B1 metallo-beta-lactamase NDM-1,True,DB_refined_AMR_or_resistance_related
blaNDM1|blaNDM1_riskaware_top4|GCF_000764615.1|NZ_CP008933.1:56535-57347:+|gene=nan|product=subclass_B1_metallo-beta-lactamase_NDM-1|record=129,blaNDM1,blaNDM1_riskaware_top4,GCF_000764615.1,data_cas_offinder/expanded_panel/genomes/GCF_000764615.1_genomic.fna,NZ_CP008933.1,56535,57347,+,813,,subclass B1 metallo-beta-lactamase NDM-1,True,DB_refined_AMR_or_resistance_related
blaNDM1|blaNDM1_riskaware_top4|GCF_000764615.1|NZ_CP008933.1:65123-65935:+|gene=nan|product=subclass_B1_metallo-beta-lactamase_NDM-1|record=130,blaNDM1,blaNDM1_riskaware_top4,GCF_000764615.1,data_cas_offinder/expanded_panel/genomes/GCF_000764615.1_genomic.fna,NZ_CP008933.1,65123,65935,+,813,,subclass B1 metallo-beta-lactamase NDM-1,True,DB_refined_AMR_or_resistance_related
blaNDM1|blaNDM1_riskaware_top4|GCF_000814145.2|NZ_CP010373.2:8097-8891:-|gene=blaNDM|product=NDM_family_subclass_B1_metallo-beta-lactamase|record=131,blaNDM1,blaNDM1_riskaware_top4,GCF_000814145.2,data_cas_offinder/expanded_panel/genomes/GCF_000814145.2_genomic.fna,NZ_CP010373.2,8097,8891,-,795,blaNDM,NDM family subclass B1 metallo-beta-lactamase,True,DB_refined_AMR_or_resistance_related
blaNDM1|blaNDM1_riskaware_top4|GCF_000814145.2|NZ_CP010373.2:183987-184799:-|gene=nan|product=subclass_B1_metallo-beta-lactamase_NDM-1|record=132,blaNDM1,blaNDM1_riskaware_top4,GCF_000814145.2,data_cas_offinder/expanded_panel/genomes/GCF_000814145.2_genomic.fna,NZ_CP010373.2,183987,184799,-,813,,subclass B1 metallo-beta-lactamase NDM-1,True,DB_refined_AMR_or_resistance_related
blaNDM1|blaNDM1_riskaware_top4|GCF_000814145.2|NZ_CP010373.2:192999-193811:-|gene=nan|product=subclass_B1_metallo-beta-lactamase_NDM-1|record=133,blaNDM1,blaNDM1_riskaware_top4,GCF_000814145.2,data_cas_offinder/expanded_panel/genomes/GCF_000814145.2_genomic.fna,NZ_CP010373.2,192999,193811,-,813,,subclass B1 metallo-beta-lactamase NDM-1,True,DB_refined_AMR_or_resistance_related
mcr1|mcr1_riskaware_top1|GCF_000599665.1|NZ_CP007392.1:2148180-2150099:+|gene=nan|product=phage_protein_DarA|record=134,mcr1,mcr1_riskaware_top1,GCF_000599665.1,data_cas_offinder/expanded_panel/genomes/GCF_000599665.1_genomic.fna,NZ_CP007392.1,2148180,2150099,+,1920,,phage protein DarA,False,DB_refined_mobile_or_plasmid_related
mcr1|mcr1_riskaware_top1|GCF_000599685.1|NZ_CP007393.1:2152477-2154396:+|gene=nan|product=phage_protein_DarA|record=135,mcr1,mcr1_riskaware_top1,GCF_000599685.1,data_cas_offinder/expanded_panel/genomes/GCF_000599685.1_genomic.fna,NZ_CP007393.1,2152477,2154396,+,1920,,phage protein DarA,False,DB_refined_mobile_or_plasmid_related
mcr1|mcr1_riskaware_top1|GCF_000801165.1|NZ_CP009104.1:78318-79211:-|gene=ilvY|product=HTH-type_transcriptional_activator_IlvY|record=136,mcr1,mcr1_riskaware_top1,GCF_000801165.1,data_cas_offinder/expanded_panel/genomes/GCF_000801165.1_genomic.fna,NZ_CP009104.1,78318,79211,-,894,ilvY,HTH-type transcriptional activator IlvY,False,DB_refined_essential_like
mcr1|mcr1_riskaware_top1|GCF_000801185.2|NZ_CP009106.2:78316-79209:-|gene=ilvY|product=HTH-type_transcriptional_activator_IlvY|record=137,mcr1,mcr1_riskaware_top1,GCF_000801185.2,data_cas_offinder/expanded_panel/genomes/GCF_000801185.2_genomic.fna,NZ_CP009106.2,78316,79209,-,894,ilvY,HTH-type transcriptional activator IlvY,False,DB_refined_essential_like
mcr1|mcr1_riskaware_top1|GCF_000814145.2|NZ_CP010371.1:2053330-2054520:-|gene=nan|product=phage_tail_protein|record=138,mcr1,mcr1_riskaware_top1,GCF_000814145.2,data_cas_offinder/expanded_panel/genomes/GCF_000814145.2_genomic.fna,NZ_CP010371.1,2053330,2054520,-,1191,,phage tail protein,False,DB_refined_mobile_or_plasmid_related
mcr1|mcr1_riskaware_top2|GCF_000364385.3|NZ_CP006659.2:1881834-1882697:+|gene=nan|product=dimethyl_sulfoxide_reductase_anchor_subunit_family_protein|record=139,mcr1,mcr1_riskaware_top2,GCF_000364385.3,data_cas_offinder/expanded_panel/genomes/GCF_000364385.3_genomic.fna,NZ_CP006659.2,1881834,1882697,+,864,,dimethyl sulfoxide reductase anchor subunit family protein,True,DB_refined_AMR_or_resistance_related
mcr1|mcr1_riskaware_top2|GCF_000739495.1|NZ_CP009114.1:73479-74342:+|gene=nan|product=dimethyl_sulfoxide_reductase_anchor_subunit_family_protein|record=140,mcr1,mcr1_riskaware_top2,GCF_000739495.1,data_cas_offinder/expanded_panel/genomes/GCF_000739495.1_genomic.fna,NZ_CP009114.1,73479,74342,+,864,,dimethyl sulfoxide reductase anchor subunit family protein,True,DB_refined_AMR_or_resistance_related
mcr1|mcr1_riskaware_top2|GCF_000764615.1|NZ_CP008929.1:3532765-3533628:+|gene=nan|product=dimethyl_sulfoxide_reductase_anchor_subunit_family_protein|record=141,mcr1,mcr1_riskaware_top2,GCF_000764615.1,data_cas_offinder/expanded_panel/genomes/GCF_000764615.1_genomic.fna,NZ_CP008929.1,3532765,3533628,+,864,,dimethyl sulfoxide reductase anchor subunit family protein,True,DB_refined_AMR_or_resistance_related
mcr1|mcr1_riskaware_top2|GCF_000775955.1|NZ_CP009461.1:3067543-3068406:-|gene=nan|product=dimethyl_sulfoxide_reductase_anchor_subunit_family_protein|record=142,mcr1,mcr1_riskaware_top2,GCF_000775955.1,data_cas_offinder/expanded_panel/genomes/GCF_000775955.1_genomic.fna,NZ_CP009461.1,3067543,3068406,-,864,,dimethyl sulfoxide reductase anchor subunit family protein,True,DB_refined_AMR_or_resistance_related
mcr1|mcr1_riskaware_top2|GCF_000807395.2|NZ_CP010361.1:3426912-3427775:-|gene=nan|product=dimethyl_sulfoxide_reductase_anchor_subunit|record=143,mcr1,mcr1_riskaware_top2,GCF_000807395.2,data_cas_offinder/expanded_panel/genomes/GCF_000807395.2_genomic.fna,NZ_CP010361.1,3426912,3427775,-,864,,dimethyl sulfoxide reductase anchor subunit,True,DB_refined_AMR_or_resistance_related
mcr1|mcr1_riskaware_top2|GCF_000814305.1|NZ_CP010392.1:3442064-3442927:-|gene=nan|product=dimethyl_sulfoxide_reductase_anchor_subunit_family_protein|record=144,mcr1,mcr1_riskaware_top2,GCF_000814305.1,data_cas_offinder/expanded_panel/genomes/GCF_000814305.1_genomic.fna,NZ_CP010392.1,3442064,3442927,-,864,,dimethyl sulfoxide reductase anchor subunit family protein,True,DB_refined_AMR_or_resistance_related
mcr1|mcr1_riskaware_top2|GCF_000968155.1|NZ_FO834906.1:2105087-2105950:+|gene=nan|product=dimethyl_sulfoxide_reductase_anchor_subunit_family_protein|record=145,mcr1,mcr1_riskaware_top2,GCF_000968155.1,data_cas_offinder/expanded_panel/genomes/GCF_000968155.1_genomic.fna,NZ_FO834906.1,2105087,2105950,+,864,,dimethyl sulfoxide reductase anchor subunit family protein,True,DB_refined_AMR_or_resistance_related
mcr1|mcr1_riskaware_top2|GCF_001022035.1|NZ_CP011578.1:35247-36110:+|gene=nan|product=dimethyl_sulfoxide_reductase_anchor_subunit_family_protein|record=146,mcr1,mcr1_riskaware_top2,GCF_001022035.1,data_cas_offinder/expanded_panel/genomes/GCF_001022035.1_genomic.fna,NZ_CP011578.1,35247,36110,+,864,,dimethyl sulfoxide reductase anchor subunit family protein,True,DB_refined_AMR_or_resistance_related
mcr1|mcr1_riskaware_top2|GCF_001022175.1|NZ_CP011624.1:371532-372395:-|gene=nan|product=dimethyl_sulfoxide_reductase_anchor_subunit_family_protein|record=147,mcr1,mcr1_riskaware_top2,GCF_001022175.1,data_cas_offinder/expanded_panel/genomes/GCF_001022175.1_genomic.fna,NZ_CP011624.1,371532,372395,-,864,,dimethyl sulfoxide reductase anchor subunit family protein,True,DB_refined_AMR_or_resistance_related
mcr1|mcr1_riskaware_top2|GCF_001022235.1|NZ_CP011647.1:3056081-3056944:+|gene=nan|product=dimethyl_sulfoxide_reductase_anchor_subunit_family_protein|record=148,mcr1,mcr1_riskaware_top2,GCF_001022235.1,data_cas_offinder/expanded_panel/genomes/GCF_001022235.1_genomic.fna,NZ_CP011647.1,3056081,3056944,+,864,,dimethyl sulfoxide reductase anchor subunit family protein,True,DB_refined_AMR_or_resistance_related
mcr1|mcr1_riskaware_top3|GCF_000364385.3|NZ_CP006659.2:3128218-3129417:+|gene=nan|product=MFS_transporter|record=149,mcr1,mcr1_riskaware_top3,GCF_000364385.3,data_cas_offinder/expanded_panel/genomes/GCF_000364385.3_genomic.fna,NZ_CP006659.2,3128218,3129417,+,1200,,MFS transporter,False,DB_refined_mobile_or_plasmid_related
mcr1|mcr1_riskaware_top3|GCF_000364385.3|NZ_CP006659.2:3640323-3641360:-|gene=nan|product=ABC_transporter_permease|record=150,mcr1,mcr1_riskaware_top3,GCF_000364385.3,data_cas_offinder/expanded_panel/genomes/GCF_000364385.3_genomic.fna,NZ_CP006659.2,3640323,3641360,-,1038,,ABC transporter permease,True,DB_refined_AMR_or_resistance_related
mcr1|mcr1_riskaware_top3|GCF_000739495.1|NZ_CP009114.1:1308259-1309458:+|gene=nan|product=MFS_transporter|record=151,mcr1,mcr1_riskaware_top3,GCF_000739495.1,data_cas_offinder/expanded_panel/genomes/GCF_000739495.1_genomic.fna,NZ_CP009114.1,1308259,1309458,+,1200,,MFS transporter,False,DB_refined_mobile_or_plasmid_related
mcr1|mcr1_riskaware_top3|GCF_000739495.1|NZ_CP009114.1:1790050-1791087:-|gene=nan|product=ABC_transporter_permease|record=152,mcr1,mcr1_riskaware_top3,GCF_000739495.1,data_cas_offinder/expanded_panel/genomes/GCF_000739495.1_genomic.fna,NZ_CP009114.1,1790050,1791087,-,1038,,ABC transporter permease,True,DB_refined_AMR_or_resistance_related
mcr1|mcr1_riskaware_top3|GCF_000764615.1|NZ_CP008929.1:4785527-4786726:+|gene=nan|product=MFS_transporter|record=153,mcr1,mcr1_riskaware_top3,GCF_000764615.1,data_cas_offinder/expanded_panel/genomes/GCF_000764615.1_genomic.fna,NZ_CP008929.1,4785527,4786726,+,1200,,MFS transporter,False,DB_refined_mobile_or_plasmid_related
mcr1|mcr1_riskaware_top3|GCF_000775955.1|NZ_CP009461.1:1415101-1416138:+|gene=nan|product=ABC_transporter_permease|record=154,mcr1,mcr1_riskaware_top3,GCF_000775955.1,data_cas_offinder/expanded_panel/genomes/GCF_000775955.1_genomic.fna,NZ_CP009461.1,1415101,1416138,+,1038,,ABC transporter permease,True,DB_refined_AMR_or_resistance_related
mcr1|mcr1_riskaware_top3|GCF_000775955.1|NZ_CP009461.1:1886980-1888179:-|gene=nan|product=MFS_transporter|record=155,mcr1,mcr1_riskaware_top3,GCF_000775955.1,data_cas_offinder/expanded_panel/genomes/GCF_000775955.1_genomic.fna,NZ_CP009461.1,1886980,1888179,-,1200,,MFS transporter,False,DB_refined_mobile_or_plasmid_related
mcr1|mcr1_riskaware_top3|GCF_000807395.2|NZ_CP010361.1:1681091-1682128:+|gene=nan|product=ABC_transporter_permease|record=156,mcr1,mcr1_riskaware_top3,GCF_000807395.2,data_cas_offinder/expanded_panel/genomes/GCF_000807395.2_genomic.fna,NZ_CP010361.1,1681091,1682128,+,1038,,ABC transporter permease,True,DB_refined_AMR_or_resistance_related
mcr1|mcr1_riskaware_top3|GCF_000807395.2|NZ_CP010361.1:2200382-2201581:-|gene=nan|product=MFS_transporter|record=157,mcr1,mcr1_riskaware_top3,GCF_000807395.2,data_cas_offinder/expanded_panel/genomes/GCF_000807395.2_genomic.fna,NZ_CP010361.1,2200382,2201581,-,1200,,MFS transporter,False,DB_refined_mobile_or_plasmid_related
mcr1|mcr1_riskaware_top3|GCF_000814305.1|NZ_CP010392.1:2197870-2199069:-|gene=nan|product=MFS_transporter|record=158,mcr1,mcr1_riskaware_top3,GCF_000814305.1,data_cas_offinder/expanded_panel/genomes/GCF_000814305.1_genomic.fna,NZ_CP010392.1,2197870,2199069,-,1200,,MFS transporter,False,DB_refined_mobile_or_plasmid_related
mcr1|mcr1_riskaware_top3|GCF_000968155.1|NZ_FO834906.1:3308507-3309706:+|gene=nan|product=MFS_transporter|record=159,mcr1,mcr1_riskaware_top3,GCF_000968155.1,data_cas_offinder/expanded_panel/genomes/GCF_000968155.1_genomic.fna,NZ_FO834906.1,3308507,3309706,+,1200,,MFS transporter,False,DB_refined_mobile_or_plasmid_related
mcr1|mcr1_riskaware_top3|GCF_000968155.1|NZ_FO834906.1:3947986-3949023:-|gene=nan|product=ABC_transporter_permease|record=160,mcr1,mcr1_riskaware_top3,GCF_000968155.1,data_cas_offinder/expanded_panel/genomes/GCF_000968155.1_genomic.fna,NZ_FO834906.1,3947986,3949023,-,1038,,ABC transporter permease,True,DB_refined_AMR_or_resistance_related
mcr1|mcr1_riskaware_top3|GCF_001022035.1|NZ_CP011578.1:1233647-1234846:+|gene=nan|product=MFS_transporter|record=161,mcr1,mcr1_riskaware_top3,GCF_001022035.1,data_cas_offinder/expanded_panel/genomes/GCF_001022035.1_genomic.fna,NZ_CP011578.1,1233647,1234846,+,1200,,MFS transporter,False,DB_refined_mobile_or_plasmid_related
mcr1|mcr1_riskaware_top3|GCF_001022035.1|NZ_CP011578.1:1729475-1730512:-|gene=nan|product=ABC_transporter_permease|record=162,mcr1,mcr1_riskaware_top3,GCF_001022035.1,data_cas_offinder/expanded_panel/genomes/GCF_001022035.1_genomic.fna,NZ_CP011578.1,1729475,1730512,-,1038,,ABC transporter permease,True,DB_refined_AMR_or_resistance_related
mcr1|mcr1_riskaware_top3|GCF_001022175.1|NZ_CP011624.1:3945731-3946768:+|gene=nan|product=ABC_transporter_permease|record=163,mcr1,mcr1_riskaware_top3,GCF_001022175.1,data_cas_offinder/expanded_panel/genomes/GCF_001022175.1_genomic.fna,NZ_CP011624.1,3945731,3946768,+,1038,,ABC transporter permease,True,DB_refined_AMR_or_resistance_related
mcr1|mcr1_riskaware_top3|GCF_001022175.1|NZ_CP011624.1:4464161-4465360:-|gene=nan|product=MFS_transporter|record=164,mcr1,mcr1_riskaware_top3,GCF_001022175.1,data_cas_offinder/expanded_panel/genomes/GCF_001022175.1_genomic.fna,NZ_CP011624.1,4464161,4465360,-,1200,,MFS transporter,False,DB_refined_mobile_or_plasmid_related
mcr1|mcr1_riskaware_top3|GCF_001022235.1|NZ_CP011647.1:4823623-4824660:-|gene=nan|product=ABC_transporter_permease|record=165,mcr1,mcr1_riskaware_top3,GCF_001022235.1,data_cas_offinder/expanded_panel/genomes/GCF_001022235.1_genomic.fna,NZ_CP011647.1,4823623,4824660,-,1038,,ABC transporter permease,True,DB_refined_AMR_or_resistance_related
mcr1|mcr1_riskaware_top3|GCF_001022235.1|NZ_CP011647.1:4234332-4235531:+|gene=nan|product=MFS_transporter|record=166,mcr1,mcr1_riskaware_top3,GCF_001022235.1,data_cas_offinder/expanded_panel/genomes/GCF_001022235.1_genomic.fna,NZ_CP011647.1,4234332,4235531,+,1200,,MFS transporter,False,DB_refined_mobile_or_plasmid_related
mcr1|mcr1_riskaware_top4|GCF_000364385.3|NZ_CP006663.1:58103-59854:+|gene=arsA|product=arsenite_efflux_transporter_ATPase_subunit_ArsA|record=167,mcr1,mcr1_riskaware_top4,GCF_000364385.3,data_cas_offinder/expanded_panel/genomes/GCF_000364385.3_genomic.fna,NZ_CP006663.1,58103,59854,+,1752,arsA,arsenite efflux transporter ATPase subunit ArsA,True,DB_refined_AMR_or_resistance_related
mcr1|mcr1_riskaware_top4|GCF_000364385.3|NZ_CP006659.2:78377-79075:-|gene=cpxR|product=envelope_stress_response_regulator_transcription_factor_CpxR|record=168,mcr1,mcr1_riskaware_top4,GCF_000364385.3,data_cas_offinder/expanded_panel/genomes/GCF_000364385.3_genomic.fna,NZ_CP006659.2,78377,79075,-,699,cpxR,envelope stress response regulator transcription factor CpxR,False,DB_refined_essential_like
mcr1|mcr1_riskaware_top4|GCF_000364385.3|NZ_CP006659.2:370805-372325:-|gene=nan|product=sugar_ABC_transporter_ATP-binding_protein|record=169,mcr1,mcr1_riskaware_top4,GCF_000364385.3,data_cas_offinder/expanded_panel/genomes/GCF_000364385.3_genomic.fna,NZ_CP006659.2,370805,372325,-,1521,,sugar ABC transporter ATP-binding protein,False,DB_refined_mobile_or_plasmid_related
mcr1|mcr1_riskaware_top4|GCF_000364385.3|NZ_CP006659.2:1124927-1126147:+|gene=sbmA|product=peptide_antibiotic_transporter_SbmA|record=170,mcr1,mcr1_riskaware_top4,GCF_000364385.3,data_cas_offinder/expanded_panel/genomes/GCF_000364385.3_genomic.fna,NZ_CP006659.2,1124927,1126147,+,1221,sbmA,peptide antibiotic transporter SbmA,False,DB_refined_mobile_or_plasmid_related
mcr1|mcr1_riskaware_top4|GCF_000364385.3|NZ_CP006659.2:1388391-1389188:-|gene=nan|product=ABC_transporter_ATP-binding_protein|record=171,mcr1,mcr1_riskaware_top4,GCF_000364385.3,data_cas_offinder/expanded_panel/genomes/GCF_000364385.3_genomic.fna,NZ_CP006659.2,1388391,1389188,-,798,,ABC transporter ATP-binding protein,False,DB_refined_mobile_or_plasmid_related
mcr1|mcr1_riskaware_top4|GCF_000364385.3|NZ_CP006659.2:1723994-1724986:+|gene=nan|product=transketolase_family_protein|record=172,mcr1,mcr1_riskaware_top4,GCF_000364385.3,data_cas_offinder/expanded_panel/genomes/GCF_000364385.3_genomic.fna,NZ_CP006659.2,1723994,1724986,+,993,,transketolase family protein,False,DB_refined_mobile_or_plasmid_related
mcr1|mcr1_riskaware_top4|GCF_000364385.3|NZ_CP006659.2:2429296-2430309:+|gene=nan|product=methionine_ABC_transporter_ATP-binding_protein|record=173,mcr1,mcr1_riskaware_top4,GCF_000364385.3,data_cas_offinder/expanded_panel/genomes/GCF_000364385.3_genomic.fna,NZ_CP006659.2,2429296,2430309,+,1014,,methionine ABC transporter ATP-binding protein,False,DB_refined_mobile_or_plasmid_related
mcr1|mcr1_riskaware_top4|GCF_000364385.3|NZ_CP006659.2:2626529-2628103:+|gene=urtB|product=urea_ABC_transporter_permease_subunit_UrtB|record=174,mcr1,mcr1_riskaware_top4,GCF_000364385.3,data_cas_offinder/expanded_panel/genomes/GCF_000364385.3_genomic.fna,NZ_CP006659.2,2626529,2628103,+,1575,urtB,urea ABC transporter permease subunit UrtB,True,DB_refined_AMR_or_resistance_related
mcr1|mcr1_riskaware_top4|GCF_000364385.3|NZ_CP006659.2:3143937-3144932:-|gene=nan|product=ABC_transporter_permease|record=175,mcr1,mcr1_riskaware_top4,GCF_000364385.3,data_cas_offinder/expanded_panel/genomes/GCF_000364385.3_genomic.fna,NZ_CP006659.2,3143937,3144932,-,996,,ABC transporter permease,True,DB_refined_AMR_or_resistance_related
mcr1|mcr1_riskaware_top4|GCF_000364385.3|NZ_CP006659.2:3627042-3628457:+|gene=nan|product=MFS_transporter|record=176,mcr1,mcr1_riskaware_top4,GCF_000364385.3,data_cas_offinder/expanded_panel/genomes/GCF_000364385.3_genomic.fna,NZ_CP006659.2,3627042,3628457,+,1416,,MFS transporter,False,DB_refined_mobile_or_plasmid_related
mcr1|mcr1_riskaware_top4|GCF_000364385.3|NZ_CP006659.2:4028253-4033202:-|gene=nan|product=alpha-2-macroglobulin_family_protein|record=177,mcr1,mcr1_riskaware_top4,GCF_000364385.3,data_cas_offinder/expanded_panel/genomes/GCF_000364385.3_genomic.fna,NZ_CP006659.2,4028253,4033202,-,4950,,alpha-2-macroglobulin family protein,True,DB_refined_AMR_or_resistance_related
mcr1|mcr1_riskaware_top4|GCF_000364385.3|NZ_CP006659.2:4247663-4248796:+|gene=norW|product=NADH:flavorubredoxin_reductase_NorW|record=178,mcr1,mcr1_riskaware_top4,GCF_000364385.3,data_cas_offinder/expanded_panel/genomes/GCF_000364385.3_genomic.fna,NZ_CP006659.2,4247663,4248796,+,1134,norW,NADH:flavorubredoxin reductase NorW,False,DB_refined_essential_like
mcr1|mcr1_riskaware_top4|GCF_000364385.3|NZ_CP006659.2:4269332-4271404:+|gene=flhA|product=formate_hydrogenlyase_transcriptional_activator_FlhA|record=179,mcr1,mcr1_riskaware_top4,GCF_000364385.3,data_cas_offinder/expanded_panel/genomes/GCF_000364385.3_genomic.fna,NZ_CP006659.2,4269332,4271404,+,2073,flhA,formate hydrogenlyase transcriptional activator FlhA,False,DB_refined_essential_like
mcr1|mcr1_riskaware_top4|GCF_000597845.1|NZ_CP007265.1:664944-666329:+|gene=dcuC|product=anaerobic_C4-dicarboxylate_transporter_DcuC|record=180,mcr1,mcr1_riskaware_top4,GCF_000597845.1,data_cas_offinder/expanded_panel/genomes/GCF_000597845.1_genomic.fna,NZ_CP007265.1,664944,666329,+,1386,dcuC,anaerobic C4-dicarboxylate transporter DcuC,False,DB_refined_mobile_or_plasmid_related
mcr1|mcr1_riskaware_top4|GCF_000597845.1|NZ_CP007265.1:1428296-1429252:+|gene=fecD|product=Fe(3+)_dicitrate_ABC_transporter_permease_subunit_FecD|record=181,mcr1,mcr1_riskaware_top4,GCF_000597845.1,data_cas_offinder/expanded_panel/genomes/GCF_000597845.1_genomic.fna,NZ_CP007265.1,1428296,1429252,+,957,fecD,Fe(3+) dicitrate ABC transporter permease subunit FecD,True,DB_refined_AMR_or_resistance_related
mcr1|mcr1_riskaware_top4|GCF_000597845.1|NZ_CP007265.1:1565288-1566245:+|gene=fecD|product=Fe(3+)_dicitrate_ABC_transporter_permease_subunit_FecD|record=182,mcr1,mcr1_riskaware_top4,GCF_000597845.1,data_cas_offinder/expanded_panel/genomes/GCF_000597845.1_genomic.fna,NZ_CP007265.1,1565288,1566245,+,958,fecD,Fe(3+) dicitrate ABC transporter permease subunit FecD,True,DB_refined_AMR_or_resistance_related
mcr1|mcr1_riskaware_top4|GCF_000597845.1|NZ_CP007265.1:1708661-1709842:-|gene=tsgA|product=MFS_transporter_TsgA|record=183,mcr1,mcr1_riskaware_top4,GCF_000597845.1,data_cas_offinder/expanded_panel/genomes/GCF_000597845.1_genomic.fna,NZ_CP007265.1,1708661,1709842,-,1182,tsgA,MFS transporter TsgA,False,DB_refined_mobile_or_plasmid_related
mcr1|mcr1_riskaware_top4|GCF_000597845.1|NZ_CP007265.1:1826957-1828324:-|gene=dcuC|product=anaerobic_C4-dicarboxylate_transporter_DcuC|record=184,mcr1,mcr1_riskaware_top4,GCF_000597845.1,data_cas_offinder/expanded_panel/genomes/GCF_000597845.1_genomic.fna,NZ_CP007265.1,1826957,1828324,-,1368,dcuC,anaerobic C4-dicarboxylate transporter DcuC,False,DB_refined_mobile_or_plasmid_related
mcr1|mcr1_riskaware_top4|GCF_000597845.1|NZ_CP007265.1:2119139-2120293:-|gene=metK|product=methionine_adenosyltransferase|record=185,mcr1,mcr1_riskaware_top4,GCF_000597845.1,data_cas_offinder/expanded_panel/genomes/GCF_000597845.1_genomic.fna,NZ_CP007265.1,2119139,2120293,-,1155,metK,methionine adenosyltransferase,False,DB_refined_mobile_or_plasmid_related
mcr1|mcr1_riskaware_top4|GCF_000597845.1|NZ_CP007265.1:2177607-2178974:-|gene=ghxQ|product=guanine/hypoxanthine_transporter_GhxQ|record=186,mcr1,mcr1_riskaware_top4,GCF_000597845.1,data_cas_offinder/expanded_panel/genomes/GCF_000597845.1_genomic.fna,NZ_CP007265.1,2177607,2178974,-,1368,ghxQ,guanine/hypoxanthine transporter GhxQ,True,DB_refined_AMR_or_resistance_related
mcr1|mcr1_riskaware_top4|GCF_000597845.1|NZ_CP007265.1:2431389-2432345:+|gene=fecD|product=Fe(3+)_dicitrate_ABC_transporter_permease_subunit_FecD|record=187,mcr1,mcr1_riskaware_top4,GCF_000597845.1,data_cas_offinder/expanded_panel/genomes/GCF_000597845.1_genomic.fna,NZ_CP007265.1,2431389,2432345,+,957,fecD,Fe(3+) dicitrate ABC transporter permease subunit FecD,True,DB_refined_AMR_or_resistance_related
mcr1|mcr1_riskaware_top4|GCF_000597845.1|NZ_CP007265.1:2886381-2889167:-|gene=polA|product=DNA_polymerase_I|record=188,mcr1,mcr1_riskaware_top4,GCF_000597845.1,data_cas_offinder/expanded_panel/genomes/GCF_000597845.1_genomic.fna,NZ_CP007265.1,2886381,2889167,-,2787,polA,DNA polymerase I,False,DB_refined_essential_like
mcr1|mcr1_riskaware_top4|GCF_000599625.1|NZ_CP007390.1:404837-406018:-|gene=tsgA|product=MFS_transporter_TsgA|record=189,mcr1,mcr1_riskaware_top4,GCF_000599625.1,data_cas_offinder/expanded_panel/genomes/GCF_000599625.1_genomic.fna,NZ_CP007390.1,404837,406018,-,1182,tsgA,MFS transporter TsgA,False,DB_refined_mobile_or_plasmid_related
mcr1|mcr1_riskaware_top4|GCF_000599625.1|NZ_CP007390.1:523132-524499:-|gene=dcuC|product=anaerobic_C4-dicarboxylate_transporter_DcuC|record=190,mcr1,mcr1_riskaware_top4,GCF_000599625.1,data_cas_offinder/expanded_panel/genomes/GCF_000599625.1_genomic.fna,NZ_CP007390.1,523132,524499,-,1368,dcuC,anaerobic C4-dicarboxylate transporter DcuC,False,DB_refined_mobile_or_plasmid_related
mcr1|mcr1_riskaware_top4|GCF_000599625.1|NZ_CP007390.1:815311-816465:-|gene=metK|product=methionine_adenosyltransferase|record=191,mcr1,mcr1_riskaware_top4,GCF_000599625.1,data_cas_offinder/expanded_panel/genomes/GCF_000599625.1_genomic.fna,NZ_CP007390.1,815311,816465,-,1155,metK,methionine adenosyltransferase,False,DB_refined_mobile_or_plasmid_related
mcr1|mcr1_riskaware_top4|GCF_000599625.1|NZ_CP007390.1:873779-875146:-|gene=ghxQ|product=guanine/hypoxanthine_transporter_GhxQ|record=192,mcr1,mcr1_riskaware_top4,GCF_000599625.1,data_cas_offinder/expanded_panel/genomes/GCF_000599625.1_genomic.fna,NZ_CP007390.1,873779,875146,-,1368,ghxQ,guanine/hypoxanthine transporter GhxQ,True,DB_refined_AMR_or_resistance_related
mcr1|mcr1_riskaware_top4|GCF_000599625.1|NZ_CP007390.1:3237977-3239362:+|gene=dcuC|product=anaerobic_C4-dicarboxylate_transporter_DcuC|record=193,mcr1,mcr1_riskaware_top4,GCF_000599625.1,data_cas_offinder/expanded_panel/genomes/GCF_000599625.1_genomic.fna,NZ_CP007390.1,3237977,3239362,+,1386,dcuC,anaerobic C4-dicarboxylate transporter DcuC,False,DB_refined_mobile_or_plasmid_related
mcr1|mcr1_riskaware_top4|GCF_000599625.1|NZ_CP007390.1:4002106-4003062:+|gene=fecD|product=Fe(3+)_dicitrate_ABC_transporter_permease_subunit_FecD|record=194,mcr1,mcr1_riskaware_top4,GCF_000599625.1,data_cas_offinder/expanded_panel/genomes/GCF_000599625.1_genomic.fna,NZ_CP007390.1,4002106,4003062,+,957,fecD,Fe(3+) dicitrate ABC transporter permease subunit FecD,True,DB_refined_AMR_or_resistance_related
mcr1|mcr1_riskaware_top4|GCF_000599625.1|NZ_CP007390.1:4139095-4140053:+|gene=fecD|product=Fe(3+)_dicitrate_ABC_transporter_permease_subunit_FecD|record=195,mcr1,mcr1_riskaware_top4,GCF_000599625.1,data_cas_offinder/expanded_panel/genomes/GCF_000599625.1_genomic.fna,NZ_CP007390.1,4139095,4140053,+,959,fecD,Fe(3+) dicitrate ABC transporter permease subunit FecD,True,DB_refined_AMR_or_resistance_related
mcr1|mcr1_riskaware_top4|GCF_000599625.1|NZ_CP007390.1:4143428-4144384:+|gene=fecD|product=Fe(3+)_dicitrate_ABC_transporter_permease_subunit_FecD|record=196,mcr1,mcr1_riskaware_top4,GCF_000599625.1,data_cas_offinder/expanded_panel/genomes/GCF_000599625.1_genomic.fna,NZ_CP007390.1,4143428,4144384,+,957,fecD,Fe(3+) dicitrate ABC transporter permease subunit FecD,True,DB_refined_AMR_or_resistance_related
mcr1|mcr1_riskaware_top4|GCF_000599625.1|NZ_CP007390.1:4599604-4602390:-|gene=polA|product=DNA_polymerase_I|record=197,mcr1,mcr1_riskaware_top4,GCF_000599625.1,data_cas_offinder/expanded_panel/genomes/GCF_000599625.1_genomic.fna,NZ_CP007390.1,4599604,4602390,-,2787,polA,DNA polymerase I,False,DB_refined_essential_like
mcr1|mcr1_riskaware_top4|GCF_000599645.1|NZ_CP007391.1:493727-494908:-|gene=tsgA|product=MFS_transporter_TsgA|record=198,mcr1,mcr1_riskaware_top4,GCF_000599645.1,data_cas_offinder/expanded_panel/genomes/GCF_000599645.1_genomic.fna,NZ_CP007391.1,493727,494908,-,1182,tsgA,MFS transporter TsgA,False,DB_refined_mobile_or_plasmid_related
mcr1|mcr1_riskaware_top4|GCF_000599645.1|NZ_CP007391.1:618014-619381:-|gene=dcuC|product=anaerobic_C4-dicarboxylate_transporter_DcuC|record=199,mcr1,mcr1_riskaware_top4,GCF_000599645.1,data_cas_offinder/expanded_panel/genomes/GCF_000599645.1_genomic.fna,NZ_CP007391.1,618014,619381,-,1368,dcuC,anaerobic C4-dicarboxylate transporter DcuC,False,DB_refined_mobile_or_plasmid_related
mcr1|mcr1_riskaware_top4|GCF_000599645.1|NZ_CP007391.1:915241-916395:-|gene=metK|product=methionine_adenosyltransferase|record=200,mcr1,mcr1_riskaware_top4,GCF_000599645.1,data_cas_offinder/expanded_panel/genomes/GCF_000599645.1_genomic.fna,NZ_CP007391.1,915241,916395,-,1155,metK,methionine adenosyltransferase,False,DB_refined_mobile_or_plasmid_related
mcr1|mcr1_riskaware_top4|GCF_000599645.1|NZ_CP007391.1:973709-975076:-|gene=ghxQ|product=guanine/hypoxanthine_transporter_GhxQ|record=201,mcr1,mcr1_riskaware_top4,GCF_000599645.1,data_cas_offinder/expanded_panel/genomes/GCF_000599645.1_genomic.fna,NZ_CP007391.1,973709,975076,-,1368,ghxQ,guanine/hypoxanthine transporter GhxQ,True,DB_refined_AMR_or_resistance_related
mcr1|mcr1_riskaware_top4|GCF_000599645.1|NZ_CP007391.1:3337875-3339260:+|gene=dcuC|product=anaerobic_C4-dicarboxylate_transporter_DcuC|record=202,mcr1,mcr1_riskaware_top4,GCF_000599645.1,data_cas_offinder/expanded_panel/genomes/GCF_000599645.1_genomic.fna,NZ_CP007391.1,3337875,3339260,+,1386,dcuC,anaerobic C4-dicarboxylate transporter DcuC,False,DB_refined_mobile_or_plasmid_related
mcr1|mcr1_riskaware_top4|GCF_000599645.1|NZ_CP007391.1:4041681-4042637:+|gene=fecD|product=Fe(3+)_dicitrate_ABC_transporter_permease_subunit_FecD|record=203,mcr1,mcr1_riskaware_top4,GCF_000599645.1,data_cas_offinder/expanded_panel/genomes/GCF_000599645.1_genomic.fna,NZ_CP007391.1,4041681,4042637,+,957,fecD,Fe(3+) dicitrate ABC transporter permease subunit FecD,True,DB_refined_AMR_or_resistance_related
mcr1|mcr1_riskaware_top4|GCF_000599645.1|NZ_CP007391.1:4248898-4249854:+|gene=fecD|product=Fe(3+)_dicitrate_ABC_transporter_permease_subunit_FecD|record=204,mcr1,mcr1_riskaware_top4,GCF_000599645.1,data_cas_offinder/expanded_panel/genomes/GCF_000599645.1_genomic.fna,NZ_CP007391.1,4248898,4249854,+,957,fecD,Fe(3+) dicitrate ABC transporter permease subunit FecD,True,DB_refined_AMR_or_resistance_related
mcr1|mcr1_riskaware_top4|GCF_000599645.1|NZ_CP007391.1:4706136-4708922:-|gene=polA|product=DNA_polymerase_I|record=205,mcr1,mcr1_riskaware_top4,GCF_000599645.1,data_cas_offinder/expanded_panel/genomes/GCF_000599645.1_genomic.fna,NZ_CP007391.1,4706136,4708922,-,2787,polA,DNA polymerase I,False,DB_refined_essential_like
mcr1|mcr1_riskaware_top4|GCF_000599665.1|NZ_CP007392.1:7112-9898:+|gene=polA|product=DNA_polymerase_I|record=206,mcr1,mcr1_riskaware_top4,GCF_000599665.1,data_cas_offinder/expanded_panel/genomes/GCF_000599665.1_genomic.fna,NZ_CP007392.1,7112,9898,+,2787,polA,DNA polymerase I,False,DB_refined_essential_like
mcr1|mcr1_riskaware_top4|GCF_000599665.1|NZ_CP007392.1:1366169-1367554:-|gene=dcuC|product=anaerobic_C4-dicarboxylate_transporter_DcuC|record=207,mcr1,mcr1_riskaware_top4,GCF_000599665.1,data_cas_offinder/expanded_panel/genomes/GCF_000599665.1_genomic.fna,NZ_CP007392.1,1366169,1367554,-,1386,dcuC,anaerobic C4-dicarboxylate transporter DcuC,False,DB_refined_mobile_or_plasmid_related
mcr1|mcr1_riskaware_top4|GCF_000599665.1|NZ_CP007392.1:3944270-3945424:+|gene=metK|product=methionine_adenosyltransferase|record=208,mcr1,mcr1_riskaware_top4,GCF_000599665.1,data_cas_offinder/expanded_panel/genomes/GCF_000599665.1_genomic.fna,NZ_CP007392.1,3944270,3945424,+,1155,metK,methionine adenosyltransferase,False,DB_refined_mobile_or_plasmid_related
mcr1|mcr1_riskaware_top4|GCF_000599665.1|NZ_CP007392.1:4266406-4267773:+|gene=dcuC|product=anaerobic_C4-dicarboxylate_transporter_DcuC|record=209,mcr1,mcr1_riskaware_top4,GCF_000599665.1,data_cas_offinder/expanded_panel/genomes/GCF_000599665.1_genomic.fna,NZ_CP007392.1,4266406,4267773,+,1368,dcuC,anaerobic C4-dicarboxylate transporter DcuC,False,DB_refined_mobile_or_plasmid_related
mcr1|mcr1_riskaware_top4|GCF_000599665.1|NZ_CP007392.1:4368733-4369914:+|gene=tsgA|product=MFS_transporter_TsgA|record=210,mcr1,mcr1_riskaware_top4,GCF_000599665.1,data_cas_offinder/expanded_panel/genomes/GCF_000599665.1_genomic.fna,NZ_CP007392.1,4368733,4369914,+,1182,tsgA,MFS transporter TsgA,False,DB_refined_mobile_or_plasmid_related
mcr1|mcr1_riskaware_top4|GCF_000599685.1|NZ_CP007393.1:8975-11761:+|gene=polA|product=DNA_polymerase_I|record=211,mcr1,mcr1_riskaware_top4,GCF_000599685.1,data_cas_offinder/expanded_panel/genomes/GCF_000599685.1_genomic.fna,NZ_CP007393.1,8975,11761,+,2787,polA,DNA polymerase I,False,DB_refined_essential_like
mcr1|mcr1_riskaware_top4|GCF_000599685.1|NZ_CP007393.1:1376572-1377957:-|gene=dcuC|product=anaerobic_C4-dicarboxylate_transporter_DcuC|record=212,mcr1,mcr1_riskaware_top4,GCF_000599685.1,data_cas_offinder/expanded_panel/genomes/GCF_000599685.1_genomic.fna,NZ_CP007393.1,1376572,1377957,-,1386,dcuC,anaerobic C4-dicarboxylate transporter DcuC,False,DB_refined_mobile_or_plasmid_related
mcr1|mcr1_riskaware_top4|GCF_000599685.1|NZ_CP007393.1:3939649-3940803:+|gene=metK|product=methionine_adenosyltransferase|record=213,mcr1,mcr1_riskaware_top4,GCF_000599685.1,data_cas_offinder/expanded_panel/genomes/GCF_000599685.1_genomic.fna,NZ_CP007393.1,3939649,3940803,+,1155,metK,methionine adenosyltransferase,False,DB_refined_mobile_or_plasmid_related
mcr1|mcr1_riskaware_top4|GCF_000599685.1|NZ_CP007393.1:4259238-4260605:+|gene=dcuC|product=anaerobic_C4-dicarboxylate_transporter_DcuC|record=214,mcr1,mcr1_riskaware_top4,GCF_000599685.1,data_cas_offinder/expanded_panel/genomes/GCF_000599685.1_genomic.fna,NZ_CP007393.1,4259238,4260605,+,1368,dcuC,anaerobic C4-dicarboxylate transporter DcuC,False,DB_refined_mobile_or_plasmid_related
mcr1|mcr1_riskaware_top4|GCF_000599685.1|NZ_CP007393.1:4361566-4362747:+|gene=tsgA|product=MFS_transporter_TsgA|record=215,mcr1,mcr1_riskaware_top4,GCF_000599685.1,data_cas_offinder/expanded_panel/genomes/GCF_000599685.1_genomic.fna,NZ_CP007393.1,4361566,4362747,+,1182,tsgA,MFS transporter TsgA,False,DB_refined_mobile_or_plasmid_related
mcr1|mcr1_riskaware_top4|GCF_000599705.1|NZ_CP007394.1:12873-15711:+|gene=polA|product=DNA_polymerase_I|record=216,mcr1,mcr1_riskaware_top4,GCF_000599705.1,data_cas_offinder/expanded_panel/genomes/GCF_000599705.1_genomic.fna,NZ_CP007394.1,12873,15711,+,2839,polA,DNA polymerase I,False,DB_refined_essential_like
mcr1|mcr1_riskaware_top4|GCF_000599705.1|NZ_CP007394.1:1378663-1380048:-|gene=dcuC|product=anaerobic_C4-dicarboxylate_transporter_DcuC|record=217,mcr1,mcr1_riskaware_top4,GCF_000599705.1,data_cas_offinder/expanded_panel/genomes/GCF_000599705.1_genomic.fna,NZ_CP007394.1,1378663,1380048,-,1386,dcuC,anaerobic C4-dicarboxylate transporter DcuC,False,DB_refined_mobile_or_plasmid_related
mcr1|mcr1_riskaware_top4|GCF_000599705.1|NZ_CP007394.1:3872855-3874009:+|gene=metK|product=methionine_adenosyltransferase|record=218,mcr1,mcr1_riskaware_top4,GCF_000599705.1,data_cas_offinder/expanded_panel/genomes/GCF_000599705.1_genomic.fna,NZ_CP007394.1,3872855,3874009,+,1155,metK,methionine adenosyltransferase,False,DB_refined_mobile_or_plasmid_related
mcr1|mcr1_riskaware_top4|GCF_000599705.1|NZ_CP007394.1:4189595-4190962:+|gene=dcuC|product=anaerobic_C4-dicarboxylate_transporter_DcuC|record=219,mcr1,mcr1_riskaware_top4,GCF_000599705.1,data_cas_offinder/expanded_panel/genomes/GCF_000599705.1_genomic.fna,NZ_CP007394.1,4189595,4190962,+,1368,dcuC,anaerobic C4-dicarboxylate transporter DcuC,False,DB_refined_mobile_or_plasmid_related
mcr1|mcr1_riskaware_top4|GCF_000599705.1|NZ_CP007394.1:4305834-4307015:+|gene=tsgA|product=MFS_transporter_TsgA|record=220,mcr1,mcr1_riskaware_top4,GCF_000599705.1,data_cas_offinder/expanded_panel/genomes/GCF_000599705.1_genomic.fna,NZ_CP007394.1,4305834,4307015,+,1182,tsgA,MFS transporter TsgA,False,DB_refined_mobile_or_plasmid_related
mcr1|mcr1_riskaware_top4|GCF_000739495.1|NZ_CP009114.1:610849-611862:+|gene=nan|product=methionine_ABC_transporter_ATP-binding_protein|record=221,mcr1,mcr1_riskaware_top4,GCF_000739495.1,data_cas_offinder/expanded_panel/genomes/GCF_000739495.1_genomic.fna,NZ_CP009114.1,610849,611862,+,1014,,methionine ABC transporter ATP-binding protein,False,DB_refined_mobile_or_plasmid_related
mcr1|mcr1_riskaware_top4|GCF_000739495.1|NZ_CP009114.1:808858-810432:+|gene=urtB|product=urea_ABC_transporter_permease_subunit_UrtB|record=222,mcr1,mcr1_riskaware_top4,GCF_000739495.1,data_cas_offinder/expanded_panel/genomes/GCF_000739495.1_genomic.fna,NZ_CP009114.1,808858,810432,+,1575,urtB,urea ABC transporter permease subunit UrtB,True,DB_refined_AMR_or_resistance_related
mcr1|mcr1_riskaware_top4|GCF_000739495.1|NZ_CP009114.1:1323978-1324973:-|gene=nan|product=ABC_transporter_permease|record=223,mcr1,mcr1_riskaware_top4,GCF_000739495.1,data_cas_offinder/expanded_panel/genomes/GCF_000739495.1_genomic.fna,NZ_CP009114.1,1323978,1324973,-,996,,ABC transporter permease,True,DB_refined_AMR_or_resistance_related
mcr1|mcr1_riskaware_top4|GCF_000739495.1|NZ_CP009114.1:1773420-1774658:+|gene=nan|product=MdtA/MuxA_family_multidrug_efflux_RND_transporter_periplasmic_adaptor_subunit|record=224,mcr1,mcr1_riskaware_top4,GCF_000739495.1,data_cas_offinder/expanded_panel/genomes/GCF_000739495.1_genomic.fna,NZ_CP009114.1,1773420,1774658,+,1239,,MdtA/MuxA family multidrug efflux RND transporter periplasmic adaptor subunit,True,DB_refined_AMR_or_resistance_related
mcr1|mcr1_riskaware_top4|GCF_000739495.1|NZ_CP009114.1:2136967-2141916:-|gene=nan|product=alpha-2-macroglobulin_family_protein|record=225,mcr1,mcr1_riskaware_top4,GCF_000739495.1,data_cas_offinder/expanded_panel/genomes/GCF_000739495.1_genomic.fna,NZ_CP009114.1,2136967,2141916,-,4950,,alpha-2-macroglobulin family protein,True,DB_refined_AMR_or_resistance_related
mcr1|mcr1_riskaware_top4|GCF_000739495.1|NZ_CP009114.1:2319718-2320851:+|gene=norW|product=NADH:flavorubredoxin_reductase_NorW|record=226,mcr1,mcr1_riskaware_top4,GCF_000739495.1,data_cas_offinder/expanded_panel/genomes/GCF_000739495.1_genomic.fna,NZ_CP009114.1,2319718,2320851,+,1134,norW,NADH:flavorubredoxin reductase NorW,False,DB_refined_essential_like
mcr1|mcr1_riskaware_top4|GCF_000739495.1|NZ_CP009114.1:2341388-2343460:+|gene=flhA|product=formate_hydrogenlyase_transcriptional_activator_FlhA|record=227,mcr1,mcr1_riskaware_top4,GCF_000739495.1,data_cas_offinder/expanded_panel/genomes/GCF_000739495.1_genomic.fna,NZ_CP009114.1,2341388,2343460,+,2073,flhA,formate hydrogenlyase transcriptional activator FlhA,False,DB_refined_essential_like
mcr1|mcr1_riskaware_top4|GCF_000739495.1|NZ_CP009114.1:3586952-3587650:-|gene=cpxR|product=envelope_stress_response_regulator_transcription_factor_CpxR|record=228,mcr1,mcr1_riskaware_top4,GCF_000739495.1,data_cas_offinder/expanded_panel/genomes/GCF_000739495.1_genomic.fna,NZ_CP009114.1,3586952,3587650,-,699,cpxR,envelope stress response regulator transcription factor CpxR,False,DB_refined_essential_like
mcr1|mcr1_riskaware_top4|GCF_000739495.1|NZ_CP009114.1:3873493-3875013:-|gene=nan|product=sugar_ABC_transporter_ATP-binding_protein|record=229,mcr1,mcr1_riskaware_top4,GCF_000739495.1,data_cas_offinder/expanded_panel/genomes/GCF_000739495.1_genomic.fna,NZ_CP009114.1,3873493,3875013,-,1521,,sugar ABC transporter ATP-binding protein,False,DB_refined_mobile_or_plasmid_related
mcr1|mcr1_riskaware_top4|GCF_000739495.1|NZ_CP009114.1:4655151-4656371:+|gene=sbmA|product=peptide_antibiotic_transporter_SbmA|record=230,mcr1,mcr1_riskaware_top4,GCF_000739495.1,data_cas_offinder/expanded_panel/genomes/GCF_000739495.1_genomic.fna,NZ_CP009114.1,4655151,4656371,+,1221,sbmA,peptide antibiotic transporter SbmA,False,DB_refined_mobile_or_plasmid_related
mcr1|mcr1_riskaware_top4|GCF_000739495.1|NZ_CP009114.1:4869481-4870278:-|gene=nan|product=ABC_transporter_ATP-binding_protein|record=231,mcr1,mcr1_riskaware_top4,GCF_000739495.1,data_cas_offinder/expanded_panel/genomes/GCF_000739495.1_genomic.fna,NZ_CP009114.1,4869481,4870278,-,798,,ABC transporter ATP-binding protein,False,DB_refined_mobile_or_plasmid_related
mcr1|mcr1_riskaware_top4|GCF_000739495.1|NZ_CP009114.1:5203802-5204794:+|gene=nan|product=transketolase_family_protein|record=232,mcr1,mcr1_riskaware_top4,GCF_000739495.1,data_cas_offinder/expanded_panel/genomes/GCF_000739495.1_genomic.fna,NZ_CP009114.1,5203802,5204794,+,993,,transketolase family protein,False,DB_refined_mobile_or_plasmid_related
mcr1|mcr1_riskaware_top4|GCF_000764615.1|NZ_CP008929.1:24150-25388:+|gene=nan|product=MdtA/MuxA_family_multidrug_efflux_RND_transporter_periplasmic_adaptor_subunit|record=233,mcr1,mcr1_riskaware_top4,GCF_000764615.1,data_cas_offinder/expanded_panel/genomes/GCF_000764615.1_genomic.fna,NZ_CP008929.1,24150,25388,+,1239,,MdtA/MuxA family multidrug efflux RND transporter periplasmic adaptor subunit,True,DB_refined_AMR_or_resistance_related
mcr1|mcr1_riskaware_top4|GCF_000764615.1|NZ_CP008930.1:57083-58039:+|gene=fecD|product=Fe(3+)_dicitrate_ABC_transporter_permease_subunit_FecD|record=234,mcr1,mcr1_riskaware_top4,GCF_000764615.1,data_cas_offinder/expanded_panel/genomes/GCF_000764615.1_genomic.fna,NZ_CP008930.1,57083,58039,+,957,fecD,Fe(3+) dicitrate ABC transporter permease subunit FecD,True,DB_refined_AMR_or_resistance_related
mcr1|mcr1_riskaware_top4|GCF_000764615.1|NZ_CP008930.1:86571-88322:+|gene=arsA|product=arsenite_efflux_transporter_ATPase_subunit_ArsA|record=235,mcr1,mcr1_riskaware_top4,GCF_000764615.1,data_cas_offinder/expanded_panel/genomes/GCF_000764615.1_genomic.fna,NZ_CP008930.1,86571,88322,+,1752,arsA,arsenite efflux transporter ATPase subunit ArsA,True,DB_refined_AMR_or_resistance_related
mcr1|mcr1_riskaware_top4|GCF_000764615.1|NZ_CP008929.1:393774-398723:-|gene=nan|product=alpha-2-macroglobulin_family_protein|record=236,mcr1,mcr1_riskaware_top4,GCF_000764615.1,data_cas_offinder/expanded_panel/genomes/GCF_000764615.1_genomic.fna,NZ_CP008929.1,393774,398723,-,4950,,alpha-2-macroglobulin family protein,True,DB_refined_AMR_or_resistance_related
mcr1|mcr1_riskaware_top4|GCF_000764615.1|NZ_CP008929.1:576949-578082:+|gene=norW|product=NADH:flavorubredoxin_reductase_NorW|record=237,mcr1,mcr1_riskaware_top4,GCF_000764615.1,data_cas_offinder/expanded_panel/genomes/GCF_000764615.1_genomic.fna,NZ_CP008929.1,576949,578082,+,1134,norW,NADH:flavorubredoxin reductase NorW,False,DB_refined_essential_like
mcr1|mcr1_riskaware_top4|GCF_000764615.1|NZ_CP008929.1:598619-600691:+|gene=flhA|product=formate_hydrogenlyase_transcriptional_activator_FlhA|record=238,mcr1,mcr1_riskaware_top4,GCF_000764615.1,data_cas_offinder/expanded_panel/genomes/GCF_000764615.1_genomic.fna,NZ_CP008929.1,598619,600691,+,2073,flhA,formate hydrogenlyase transcriptional activator FlhA,False,DB_refined_essential_like
mcr1|mcr1_riskaware_top4|GCF_000764615.1|NZ_CP008929.1:1830439-1831137:-|gene=cpxR|product=envelope_stress_response_regulator_transcription_factor_CpxR|record=239,mcr1,mcr1_riskaware_top4,GCF_000764615.1,data_cas_offinder/expanded_panel/genomes/GCF_000764615.1_genomic.fna,NZ_CP008929.1,1830439,1831137,-,699,cpxR,envelope stress response regulator transcription factor CpxR,False,DB_refined_essential_like
mcr1|mcr1_riskaware_top4|GCF_000764615.1|NZ_CP008929.1:2117143-2118663:-|gene=nan|product=sugar_ABC_transporter_ATP-binding_protein|record=240,mcr1,mcr1_riskaware_top4,GCF_000764615.1,data_cas_offinder/expanded_panel/genomes/GCF_000764615.1_genomic.fna,NZ_CP008929.1,2117143,2118663,-,1521,,sugar ABC transporter ATP-binding protein,False,DB_refined_mobile_or_plasmid_related
mcr1|mcr1_riskaware_top4|GCF_000764615.1|NZ_CP008929.1:2875118-2876338:+|gene=sbmA|product=peptide_antibiotic_transporter_SbmA|record=241,mcr1,mcr1_riskaware_top4,GCF_000764615.1,data_cas_offinder/expanded_panel/genomes/GCF_000764615.1_genomic.fna,NZ_CP008929.1,2875118,2876338,+,1221,sbmA,peptide antibiotic transporter SbmA,False,DB_refined_mobile_or_plasmid_related
mcr1|mcr1_riskaware_top4|GCF_000764615.1|NZ_CP008929.1:3084222-3085019:-|gene=nan|product=ABC_transporter_ATP-binding_protein|record=242,mcr1,mcr1_riskaware_top4,GCF_000764615.1,data_cas_offinder/expanded_panel/genomes/GCF_000764615.1_genomic.fna,NZ_CP008929.1,3084222,3085019,-,798,,ABC transporter ATP-binding protein,False,DB_refined_mobile_or_plasmid_related
mcr1|mcr1_riskaware_top4|GCF_000764615.1|NZ_CP008929.1:3411459-3412451:+|gene=nan|product=transketolase_family_protein|record=243,mcr1,mcr1_riskaware_top4,GCF_000764615.1,data_cas_offinder/expanded_panel/genomes/GCF_000764615.1_genomic.fna,NZ_CP008929.1,3411459,3412451,+,993,,transketolase family protein,False,DB_refined_mobile_or_plasmid_related
mcr1|mcr1_riskaware_top4|GCF_000764615.1|NZ_CP008929.1:3816002-3816841:+|gene=nan|product=GPO_family_capsid_scaffolding_protein|record=244,mcr1,mcr1_riskaware_top4,GCF_000764615.1,data_cas_offinder/expanded_panel/genomes/GCF_000764615.1_genomic.fna,NZ_CP008929.1,3816002,3816841,+,840,,GPO family capsid scaffolding protein,False,DB_refined_essential_like
mcr1|mcr1_riskaware_top4|GCF_000764615.1|NZ_CP008929.1:4062069-4063082:+|gene=nan|product=methionine_ABC_transporter_ATP-binding_protein|record=245,mcr1,mcr1_riskaware_top4,GCF_000764615.1,data_cas_offinder/expanded_panel/genomes/GCF_000764615.1_genomic.fna,NZ_CP008929.1,4062069,4063082,+,1014,,methionine ABC transporter ATP-binding protein,False,DB_refined_mobile_or_plasmid_related
mcr1|mcr1_riskaware_top4|GCF_000764615.1|NZ_CP008929.1:4260445-4262019:+|gene=urtB|product=urea_ABC_transporter_permease_subunit_UrtB|record=246,mcr1,mcr1_riskaware_top4,GCF_000764615.1,data_cas_offinder/expanded_panel/genomes/GCF_000764615.1_genomic.fna,NZ_CP008929.1,4260445,4262019,+,1575,urtB,urea ABC transporter permease subunit UrtB,True,DB_refined_AMR_or_resistance_related
mcr1|mcr1_riskaware_top4|GCF_000764615.1|NZ_CP008929.1:4801126-4802121:-|gene=nan|product=ABC_transporter_permease|record=247,mcr1,mcr1_riskaware_top4,GCF_000764615.1,data_cas_offinder/expanded_panel/genomes/GCF_000764615.1_genomic.fna,NZ_CP008929.1,4801126,4802121,-,996,,ABC transporter permease,True,DB_refined_AMR_or_resistance_related
mcr1|mcr1_riskaware_top4|GCF_000775955.1|NZ_CP009461.1:831066-833138:-|gene=flhA|product=formate_hydrogenlyase_transcriptional_activator_FlhA|record=248,mcr1,mcr1_riskaware_top4,GCF_000775955.1,data_cas_offinder/expanded_panel/genomes/GCF_000775955.1_genomic.fna,NZ_CP009461.1,831066,833138,-,2073,flhA,formate hydrogenlyase transcriptional activator FlhA,False,DB_refined_essential_like
mcr1|mcr1_riskaware_top4|GCF_000775955.1|NZ_CP009461.1:853674-854807:-|gene=norW|product=NADH:flavorubredoxin_reductase_NorW|record=249,mcr1,mcr1_riskaware_top4,GCF_000775955.1,data_cas_offinder/expanded_panel/genomes/GCF_000775955.1_genomic.fna,NZ_CP009461.1,853674,854807,-,1134,norW,NADH:flavorubredoxin reductase NorW,False,DB_refined_essential_like
mcr1|mcr1_riskaware_top4|GCF_000775955.1|NZ_CP009461.1:1063501-1068450:+|gene=nan|product=alpha-2-macroglobulin_family_protein|record=250,mcr1,mcr1_riskaware_top4,GCF_000775955.1,data_cas_offinder/expanded_panel/genomes/GCF_000775955.1_genomic.fna,NZ_CP009461.1,1063501,1068450,+,4950,,alpha-2-macroglobulin family protein,True,DB_refined_AMR_or_resistance_related
mcr1|mcr1_riskaware_top4|GCF_000775955.1|NZ_CP009461.1:1431529-1432767:-|gene=nan|product=MdtA/MuxA_family_multidrug_efflux_RND_transporter_periplasmic_adaptor_subunit|record=251,mcr1,mcr1_riskaware_top4,GCF_000775955.1,data_cas_offinder/expanded_panel/genomes/GCF_000775955.1_genomic.fna,NZ_CP009461.1,1431529,1432767,-,1239,,MdtA/MuxA family multidrug efflux RND transporter periplasmic adaptor subunit,True,DB_refined_AMR_or_resistance_related
mcr1|mcr1_riskaware_top4|GCF_000775955.1|NZ_CP009461.1:1871465-1872460:+|gene=nan|product=ABC_transporter_permease|record=252,mcr1,mcr1_riskaware_top4,GCF_000775955.1,data_cas_offinder/expanded_panel/genomes/GCF_000775955.1_genomic.fna,NZ_CP009461.1,1871465,1872460,+,996,,ABC transporter permease,True,DB_refined_AMR_or_resistance_related
mcr1|mcr1_riskaware_top4|GCF_000775955.1|NZ_CP009461.1:2375351-2376925:-|gene=urtB|product=urea_ABC_transporter_permease_subunit_UrtB|record=253,mcr1,mcr1_riskaware_top4,GCF_000775955.1,data_cas_offinder/expanded_panel/genomes/GCF_000775955.1_genomic.fna,NZ_CP009461.1,2375351,2376925,-,1575,urtB,urea ABC transporter permease subunit UrtB,True,DB_refined_AMR_or_resistance_related
mcr1|mcr1_riskaware_top4|GCF_000775955.1|NZ_CP009461.1:2575836-2576849:-|gene=nan|product=methionine_ABC_transporter_ATP-binding_protein|record=254,mcr1,mcr1_riskaware_top4,GCF_000775955.1,data_cas_offinder/expanded_panel/genomes/GCF_000775955.1_genomic.fna,NZ_CP009461.1,2575836,2576849,-,1014,,methionine ABC transporter ATP-binding protein,False,DB_refined_mobile_or_plasmid_related
mcr1|mcr1_riskaware_top4|GCF_000775955.1|NZ_CP009461.1:3187671-3188663:-|gene=nan|product=transketolase_family_protein|record=255,mcr1,mcr1_riskaware_top4,GCF_000775955.1,data_cas_offinder/expanded_panel/genomes/GCF_000775955.1_genomic.fna,NZ_CP009461.1,3187671,3188663,-,993,,transketolase family protein,False,DB_refined_mobile_or_plasmid_related
mcr1|mcr1_riskaware_top4|GCF_000775955.1|NZ_CP009461.1:3529403-3530200:+|gene=nan|product=ABC_transporter_ATP-binding_protein|record=256,mcr1,mcr1_riskaware_top4,GCF_000775955.1,data_cas_offinder/expanded_panel/genomes/GCF_000775955.1_genomic.fna,NZ_CP009461.1,3529403,3530200,+,798,,ABC transporter ATP-binding protein,False,DB_refined_mobile_or_plasmid_related
mcr1|mcr1_riskaware_top4|GCF_000775955.1|NZ_CP009461.1:4786292-4786990:+|gene=cpxR|product=envelope_stress_response_regulator_transcription_factor_CpxR|record=257,mcr1,mcr1_riskaware_top4,GCF_000775955.1,data_cas_offinder/expanded_panel/genomes/GCF_000775955.1_genomic.fna,NZ_CP009461.1,4786292,4786990,+,699,cpxR,envelope stress response regulator transcription factor CpxR,False,DB_refined_essential_like
mcr1|mcr1_riskaware_top4|GCF_000784925.1|NZ_CP009859.1:704077-705462:-|gene=dcuC|product=anaerobic_C4-dicarboxylate_transporter_DcuC|record=258,mcr1,mcr1_riskaware_top4,GCF_000784925.1,data_cas_offinder/expanded_panel/genomes/GCF_000784925.1_genomic.fna,NZ_CP009859.1,704077,705462,-,1386,dcuC,anaerobic C4-dicarboxylate transporter DcuC,False,DB_refined_mobile_or_plasmid_related
mcr1|mcr1_riskaware_top4|GCF_000784925.1|NZ_CP009859.1:3364698-3366065:+|gene=ghxQ|product=guanine/hypoxanthine_transporter_GhxQ|record=259,mcr1,mcr1_riskaware_top4,GCF_000784925.1,data_cas_offinder/expanded_panel/genomes/GCF_000784925.1_genomic.fna,NZ_CP009859.1,3364698,3366065,+,1368,ghxQ,guanine/hypoxanthine transporter GhxQ,True,DB_refined_AMR_or_resistance_related
mcr1|mcr1_riskaware_top4|GCF_000784925.1|NZ_CP009859.1:3428594-3429748:+|gene=metK|product=methionine_adenosyltransferase|record=260,mcr1,mcr1_riskaware_top4,GCF_000784925.1,data_cas_offinder/expanded_panel/genomes/GCF_000784925.1_genomic.fna,NZ_CP009859.1,3428594,3429748,+,1155,metK,methionine adenosyltransferase,False,DB_refined_mobile_or_plasmid_related
mcr1|mcr1_riskaware_top4|GCF_000784925.1|NZ_CP009859.1:3830293-3831660:+|gene=dcuC|product=anaerobic_C4-dicarboxylate_transporter_DcuC|record=261,mcr1,mcr1_riskaware_top4,GCF_000784925.1,data_cas_offinder/expanded_panel/genomes/GCF_000784925.1_genomic.fna,NZ_CP009859.1,3830293,3831660,+,1368,dcuC,anaerobic C4-dicarboxylate transporter DcuC,False,DB_refined_mobile_or_plasmid_related
mcr1|mcr1_riskaware_top4|GCF_000784925.1|NZ_CP009859.1:3941775-3942956:+|gene=tsgA|product=MFS_transporter_TsgA|record=262,mcr1,mcr1_riskaware_top4,GCF_000784925.1,data_cas_offinder/expanded_panel/genomes/GCF_000784925.1_genomic.fna,NZ_CP009859.1,3941775,3942956,+,1182,tsgA,MFS transporter TsgA,False,DB_refined_mobile_or_plasmid_related
mcr1|mcr1_riskaware_top4|GCF_000784925.1|NZ_CP009859.1:4582024-4584810:+|gene=polA|product=DNA_polymerase_I|record=263,mcr1,mcr1_riskaware_top4,GCF_000784925.1,data_cas_offinder/expanded_panel/genomes/GCF_000784925.1_genomic.fna,NZ_CP009859.1,4582024,4584810,+,2787,polA,DNA polymerase I,False,DB_refined_essential_like
mcr1|mcr1_riskaware_top4|GCF_000784925.1|NZ_CP009859.1:4889164-4890513:+|gene=ghxP|product=guanine/hypoxanthine_transporter_GhxP|record=264,mcr1,mcr1_riskaware_top4,GCF_000784925.1,data_cas_offinder/expanded_panel/genomes/GCF_000784925.1_genomic.fna,NZ_CP009859.1,4889164,4890513,+,1350,ghxP,guanine/hypoxanthine transporter GhxP,True,DB_refined_AMR_or_resistance_related
mcr1|mcr1_riskaware_top4|GCF_000784925.1|NZ_CP009859.1:5137718-5138674:-|gene=fecD|product=Fe(3+)_dicitrate_ABC_transporter_permease_subunit_FecD|record=265,mcr1,mcr1_riskaware_top4,GCF_000784925.1,data_cas_offinder/expanded_panel/genomes/GCF_000784925.1_genomic.fna,NZ_CP009859.1,5137718,5138674,-,957,fecD,Fe(3+) dicitrate ABC transporter permease subunit FecD,True,DB_refined_AMR_or_resistance_related
mcr1|mcr1_riskaware_top4|GCF_000801165.1|NZ_CP009104.1:166315-169101:+|gene=polA|product=DNA_polymerase_I|record=266,mcr1,mcr1_riskaware_top4,GCF_000801165.1,data_cas_offinder/expanded_panel/genomes/GCF_000801165.1_genomic.fna,NZ_CP009104.1,166315,169101,+,2787,polA,DNA polymerase I,False,DB_refined_essential_like
mcr1|mcr1_riskaware_top4|GCF_000801165.1|NZ_CP009104.1:1467911-1469296:-|gene=dcuC|product=anaerobic_C4-dicarboxylate_transporter_DcuC|record=267,mcr1,mcr1_riskaware_top4,GCF_000801165.1,data_cas_offinder/expanded_panel/genomes/GCF_000801165.1_genomic.fna,NZ_CP009104.1,1467911,1469296,-,1386,dcuC,anaerobic C4-dicarboxylate transporter DcuC,False,DB_refined_mobile_or_plasmid_related
mcr1|mcr1_riskaware_top4|GCF_000801165.1|NZ_CP009104.1:1503489-1505027:-|gene=lnt|product=apolipoprotein_N-acyltransferase|record=268,mcr1,mcr1_riskaware_top4,GCF_000801165.1,data_cas_offinder/expanded_panel/genomes/GCF_000801165.1_genomic.fna,NZ_CP009104.1,1503489,1505027,-,1539,lnt,apolipoprotein N-acyltransferase,False,DB_refined_mobile_or_plasmid_related
mcr1|mcr1_riskaware_top4|GCF_000801165.1|NZ_CP009104.1:3952571-3953938:+|gene=ghxQ|product=guanine/hypoxanthine_transporter_GhxQ|record=269,mcr1,mcr1_riskaware_top4,GCF_000801165.1,data_cas_offinder/expanded_panel/genomes/GCF_000801165.1_genomic.fna,NZ_CP009104.1,3952571,3953938,+,1368,ghxQ,guanine/hypoxanthine transporter GhxQ,True,DB_refined_AMR_or_resistance_related
mcr1|mcr1_riskaware_top4|GCF_000801165.1|NZ_CP009104.1:4023936-4025090:+|gene=metK|product=methionine_adenosyltransferase|record=270,mcr1,mcr1_riskaware_top4,GCF_000801165.1,data_cas_offinder/expanded_panel/genomes/GCF_000801165.1_genomic.fna,NZ_CP009104.1,4023936,4025090,+,1155,metK,methionine adenosyltransferase,False,DB_refined_mobile_or_plasmid_related
mcr1|mcr1_riskaware_top4|GCF_000801165.1|NZ_CP009104.1:4326505-4327872:+|gene=dcuC|product=anaerobic_C4-dicarboxylate_transporter_DcuC|record=271,mcr1,mcr1_riskaware_top4,GCF_000801165.1,data_cas_offinder/expanded_panel/genomes/GCF_000801165.1_genomic.fna,NZ_CP009104.1,4326505,4327872,+,1368,dcuC,anaerobic C4-dicarboxylate transporter DcuC,False,DB_refined_mobile_or_plasmid_related
mcr1|mcr1_riskaware_top4|GCF_000801165.1|NZ_CP009104.1:4428933-4430114:+|gene=tsgA|product=MFS_transporter_TsgA|record=272,mcr1,mcr1_riskaware_top4,GCF_000801165.1,data_cas_offinder/expanded_panel/genomes/GCF_000801165.1_genomic.fna,NZ_CP009104.1,4428933,4430114,+,1182,tsgA,MFS transporter TsgA,False,DB_refined_mobile_or_plasmid_related
mcr1|mcr1_riskaware_top4|GCF_000801185.2|NZ_CP009106.2:171788-174574:+|gene=polA|product=DNA_polymerase_I|record=273,mcr1,mcr1_riskaware_top4,GCF_000801185.2,data_cas_offinder/expanded_panel/genomes/GCF_000801185.2_genomic.fna,NZ_CP009106.2,171788,174574,+,2787,polA,DNA polymerase I,False,DB_refined_essential_like
mcr1|mcr1_riskaware_top4|GCF_000801185.2|NZ_CP009106.2:660641-661597:-|gene=fecD|product=Fe(3+)_dicitrate_ABC_transporter_permease_subunit_FecD|record=274,mcr1,mcr1_riskaware_top4,GCF_000801185.2,data_cas_offinder/expanded_panel/genomes/GCF_000801185.2_genomic.fna,NZ_CP009106.2,660641,661597,-,957,fecD,Fe(3+) dicitrate ABC transporter permease subunit FecD,True,DB_refined_AMR_or_resistance_related
mcr1|mcr1_riskaware_top4|GCF_000801185.2|NZ_CP009106.2:1437452-1438837:-|gene=dcuC|product=anaerobic_C4-dicarboxylate_transporter_DcuC|record=275,mcr1,mcr1_riskaware_top4,GCF_000801185.2,data_cas_offinder/expanded_panel/genomes/GCF_000801185.2_genomic.fna,NZ_CP009106.2,1437452,1438837,-,1386,dcuC,anaerobic C4-dicarboxylate transporter DcuC,False,DB_refined_mobile_or_plasmid_related
mcr1|mcr1_riskaware_top4|GCF_000801185.2|NZ_CP009106.2:3935666-3937033:+|gene=ghxQ|product=guanine/hypoxanthine_transporter_GhxQ|record=276,mcr1,mcr1_riskaware_top4,GCF_000801185.2,data_cas_offinder/expanded_panel/genomes/GCF_000801185.2_genomic.fna,NZ_CP009106.2,3935666,3937033,+,1368,ghxQ,guanine/hypoxanthine transporter GhxQ,True,DB_refined_AMR_or_resistance_related
mcr1|mcr1_riskaware_top4|GCF_000801185.2|NZ_CP009106.2:4006957-4008111:+|gene=metK|product=methionine_adenosyltransferase|record=277,mcr1,mcr1_riskaware_top4,GCF_000801185.2,data_cas_offinder/expanded_panel/genomes/GCF_000801185.2_genomic.fna,NZ_CP009106.2,4006957,4008111,+,1155,metK,methionine adenosyltransferase,False,DB_refined_mobile_or_plasmid_related
mcr1|mcr1_riskaware_top4|GCF_000801185.2|NZ_CP009106.2:4387012-4388379:+|gene=dcuC|product=anaerobic_C4-dicarboxylate_transporter_DcuC|record=278,mcr1,mcr1_riskaware_top4,GCF_000801185.2,data_cas_offinder/expanded_panel/genomes/GCF_000801185.2_genomic.fna,NZ_CP009106.2,4387012,4388379,+,1368,dcuC,anaerobic C4-dicarboxylate transporter DcuC,False,DB_refined_mobile_or_plasmid_related
mcr1|mcr1_riskaware_top4|GCF_000801185.2|NZ_CP009106.2:4489446-4490627:+|gene=tsgA|product=MFS_transporter_TsgA|record=279,mcr1,mcr1_riskaware_top4,GCF_000801185.2,data_cas_offinder/expanded_panel/genomes/GCF_000801185.2_genomic.fna,NZ_CP009106.2,4489446,4490627,+,1182,tsgA,MFS transporter TsgA,False,DB_refined_mobile_or_plasmid_related
mcr1|mcr1_riskaware_top4|GCF_000807395.2|NZ_CP010574.1:30864-32615:+|gene=arsA|product=arsenite_efflux_transporter_ATPase_subunit_ArsA|record=280,mcr1,mcr1_riskaware_top4,GCF_000807395.2,data_cas_offinder/expanded_panel/genomes/GCF_000807395.2_genomic.fna,NZ_CP010574.1,30864,32615,+,1752,arsA,arsenite efflux transporter ATPase subunit ArsA,True,DB_refined_AMR_or_resistance_related
mcr1|mcr1_riskaware_top4|GCF_000807395.2|NZ_CP010361.1:1127824-1129896:-|gene=flhA|product=formate_hydrogenlyase_transcriptional_activator_FlhA|record=281,mcr1,mcr1_riskaware_top4,GCF_000807395.2,data_cas_offinder/expanded_panel/genomes/GCF_000807395.2_genomic.fna,NZ_CP010361.1,1127824,1129896,-,2073,flhA,formate hydrogenlyase transcriptional activator FlhA,False,DB_refined_essential_like
mcr1|mcr1_riskaware_top4|GCF_000807395.2|NZ_CP010361.1:1150432-1151565:-|gene=norW|product=NADH:flavorubredoxin_reductase_NorW|record=282,mcr1,mcr1_riskaware_top4,GCF_000807395.2,data_cas_offinder/expanded_panel/genomes/GCF_000807395.2_genomic.fna,NZ_CP010361.1,1150432,1151565,-,1134,norW,NADH:flavorubredoxin reductase NorW,False,DB_refined_essential_like
mcr1|mcr1_riskaware_top4|GCF_000807395.2|NZ_CP010361.1:1329467-1334416:+|gene=nan|product=alpha-2-macroglobulin_family_protein|record=283,mcr1,mcr1_riskaware_top4,GCF_000807395.2,data_cas_offinder/expanded_panel/genomes/GCF_000807395.2_genomic.fna,NZ_CP010361.1,1329467,1334416,+,4950,,alpha-2-macroglobulin family protein,True,DB_refined_AMR_or_resistance_related
mcr1|mcr1_riskaware_top4|GCF_000807395.2|NZ_CP010361.1:1697522-1698760:-|gene=nan|product=MdtA/MuxA_family_multidrug_efflux_RND_transporter_periplasmic_adaptor_subunit|record=284,mcr1,mcr1_riskaware_top4,GCF_000807395.2,data_cas_offinder/expanded_panel/genomes/GCF_000807395.2_genomic.fna,NZ_CP010361.1,1697522,1698760,-,1239,,MdtA/MuxA family multidrug efflux RND transporter periplasmic adaptor subunit,True,DB_refined_AMR_or_resistance_related
mcr1|mcr1_riskaware_top4|GCF_000807395.2|NZ_CP010361.1:2184169-2185164:+|gene=nan|product=ABC_transporter_permease_subunit|record=285,mcr1,mcr1_riskaware_top4,GCF_000807395.2,data_cas_offinder/expanded_panel/genomes/GCF_000807395.2_genomic.fna,NZ_CP010361.1,2184169,2185164,+,996,,ABC transporter permease subunit,True,DB_refined_AMR_or_resistance_related
mcr1|mcr1_riskaware_top4|GCF_000807395.2|NZ_CP010361.1:2690267-2691841:-|gene=urtB|product=urea_ABC_transporter_permease_subunit_UrtB|record=286,mcr1,mcr1_riskaware_top4,GCF_000807395.2,data_cas_offinder/expanded_panel/genomes/GCF_000807395.2_genomic.fna,NZ_CP010361.1,2690267,2691841,-,1575,urtB,urea ABC transporter permease subunit UrtB,True,DB_refined_AMR_or_resistance_related
mcr1|mcr1_riskaware_top4|GCF_000807395.2|NZ_CP010361.1:3584610-3585602:-|gene=nan|product=transketolase_family_protein|record=287,mcr1,mcr1_riskaware_top4,GCF_000807395.2,data_cas_offinder/expanded_panel/genomes/GCF_000807395.2_genomic.fna,NZ_CP010361.1,3584610,3585602,-,993,,transketolase family protein,False,DB_refined_mobile_or_plasmid_related
mcr1|mcr1_riskaware_top4|GCF_000807395.2|NZ_CP010361.1:3919098-3919895:+|gene=nan|product=ABC_transporter_ATP-binding_protein|record=288,mcr1,mcr1_riskaware_top4,GCF_000807395.2,data_cas_offinder/expanded_panel/genomes/GCF_000807395.2_genomic.fna,NZ_CP010361.1,3919098,3919895,+,798,,ABC transporter ATP-binding protein,False,DB_refined_mobile_or_plasmid_related
mcr1|mcr1_riskaware_top4|GCF_000807395.2|NZ_CP010361.1:4182137-4183357:-|gene=sbmA|product=peptide_antibiotic_transporter_SbmA|record=289,mcr1,mcr1_riskaware_top4,GCF_000807395.2,data_cas_offinder/expanded_panel/genomes/GCF_000807395.2_genomic.fna,NZ_CP010361.1,4182137,4183357,-,1221,sbmA,peptide antibiotic transporter SbmA,False,DB_refined_mobile_or_plasmid_related
mcr1|mcr1_riskaware_top4|GCF_000807395.2|NZ_CP010361.1:4927937-4929457:+|gene=nan|product=sugar_ABC_transporter_ATP-binding_protein|record=290,mcr1,mcr1_riskaware_top4,GCF_000807395.2,data_cas_offinder/expanded_panel/genomes/GCF_000807395.2_genomic.fna,NZ_CP010361.1,4927937,4929457,+,1521,,sugar ABC transporter ATP-binding protein,False,DB_refined_mobile_or_plasmid_related
mcr1|mcr1_riskaware_top4|GCF_000807395.2|NZ_CP010361.1:5231033-5231731:+|gene=cpxR|product=envelope_stress_response_regulator_transcription_factor_CpxR|record=291,mcr1,mcr1_riskaware_top4,GCF_000807395.2,data_cas_offinder/expanded_panel/genomes/GCF_000807395.2_genomic.fna,NZ_CP010361.1,5231033,5231731,+,699,cpxR,envelope stress response regulator transcription factor CpxR,False,DB_refined_essential_like
mcr1|mcr1_riskaware_top4|GCF_000814145.2|NZ_CP010371.1:715500-716885:-|gene=dcuC|product=anaerobic_C4-dicarboxylate_transporter_DcuC|record=292,mcr1,mcr1_riskaware_top4,GCF_000814145.2,data_cas_offinder/expanded_panel/genomes/GCF_000814145.2_genomic.fna,NZ_CP010371.1,715500,716885,-,1386,dcuC,anaerobic C4-dicarboxylate transporter DcuC,False,DB_refined_mobile_or_plasmid_related
mcr1|mcr1_riskaware_top4|GCF_000814145.2|NZ_CP010371.1:3089164-3090531:+|gene=ghxQ|product=guanine/hypoxanthine_transporter_GhxQ|record=293,mcr1,mcr1_riskaware_top4,GCF_000814145.2,data_cas_offinder/expanded_panel/genomes/GCF_000814145.2_genomic.fna,NZ_CP010371.1,3089164,3090531,+,1368,ghxQ,guanine/hypoxanthine transporter GhxQ,True,DB_refined_AMR_or_resistance_related
mcr1|mcr1_riskaware_top4|GCF_000814145.2|NZ_CP010371.1:3148748-3149902:+|gene=metK|product=methionine_adenosyltransferase|record=294,mcr1,mcr1_riskaware_top4,GCF_000814145.2,data_cas_offinder/expanded_panel/genomes/GCF_000814145.2_genomic.fna,NZ_CP010371.1,3148748,3149902,+,1155,metK,methionine adenosyltransferase,False,DB_refined_mobile_or_plasmid_related
mcr1|mcr1_riskaware_top4|GCF_000814145.2|NZ_CP010371.1:3420494-3421861:+|gene=dcuC|product=anaerobic_C4-dicarboxylate_transporter_DcuC|record=295,mcr1,mcr1_riskaware_top4,GCF_000814145.2,data_cas_offinder/expanded_panel/genomes/GCF_000814145.2_genomic.fna,NZ_CP010371.1,3420494,3421861,+,1368,dcuC,anaerobic C4-dicarboxylate transporter DcuC,False,DB_refined_mobile_or_plasmid_related
mcr1|mcr1_riskaware_top4|GCF_000814145.2|NZ_CP010371.1:3532969-3534150:+|gene=tsgA|product=MFS_transporter_TsgA|record=296,mcr1,mcr1_riskaware_top4,GCF_000814145.2,data_cas_offinder/expanded_panel/genomes/GCF_000814145.2_genomic.fna,NZ_CP010371.1,3532969,3534150,+,1182,tsgA,MFS transporter TsgA,False,DB_refined_mobile_or_plasmid_related
mcr1|mcr1_riskaware_top4|GCF_000814145.2|NZ_CP010371.1:4093636-4096422:+|gene=polA|product=DNA_polymerase_I|record=297,mcr1,mcr1_riskaware_top4,GCF_000814145.2,data_cas_offinder/expanded_panel/genomes/GCF_000814145.2_genomic.fna,NZ_CP010371.1,4093636,4096422,+,2787,polA,DNA polymerase I,False,DB_refined_essential_like
mcr1|mcr1_riskaware_top4|GCF_000814145.2|NZ_CP010371.1:4628890-4629846:-|gene=fecD|product=Fe(3+)_dicitrate_ABC_transporter_permease_subunit_FecD|record=298,mcr1,mcr1_riskaware_top4,GCF_000814145.2,data_cas_offinder/expanded_panel/genomes/GCF_000814145.2_genomic.fna,NZ_CP010371.1,4628890,4629846,-,957,fecD,Fe(3+) dicitrate ABC transporter permease subunit FecD,True,DB_refined_AMR_or_resistance_related
mcr1|mcr1_riskaware_top4|GCF_000814305.1|NZ_CP010393.1:46550-48301:+|gene=arsA|product=arsenite_efflux_transporter_ATPase_subunit_ArsA|record=299,mcr1,mcr1_riskaware_top4,GCF_000814305.1,data_cas_offinder/expanded_panel/genomes/GCF_000814305.1_genomic.fna,NZ_CP010393.1,46550,48301,+,1752,arsA,arsenite efflux transporter ATPase subunit ArsA,True,DB_refined_AMR_or_resistance_related
mcr1|mcr1_riskaware_top4|GCF_000814305.1|NZ_CP010393.1:184454-185410:-|gene=fecD|product=Fe(3+)_dicitrate_ABC_transporter_permease_subunit_FecD|record=300,mcr1,mcr1_riskaware_top4,GCF_000814305.1,data_cas_offinder/expanded_panel/genomes/GCF_000814305.1_genomic.fna,NZ_CP010393.1,184454,185410,-,957,fecD,Fe(3+) dicitrate ABC transporter permease subunit FecD,True,DB_refined_AMR_or_resistance_related
mcr1|mcr1_riskaware_top4|GCF_000814305.1|NZ_CP010392.1:1127789-1129861:-|gene=flhA|product=formate_hydrogenlyase_transcriptional_activator_FlhA|record=301,mcr1,mcr1_riskaware_top4,GCF_000814305.1,data_cas_offinder/expanded_panel/genomes/GCF_000814305.1_genomic.fna,NZ_CP010392.1,1127789,1129861,-,2073,flhA,formate hydrogenlyase transcriptional activator FlhA,False,DB_refined_essential_like
mcr1|mcr1_riskaware_top4|GCF_000814305.1|NZ_CP010392.1:1150398-1151531:-|gene=norW|product=NADH:flavorubredoxin_reductase_NorW|record=302,mcr1,mcr1_riskaware_top4,GCF_000814305.1,data_cas_offinder/expanded_panel/genomes/GCF_000814305.1_genomic.fna,NZ_CP010392.1,1150398,1151531,-,1134,norW,NADH:flavorubredoxin reductase NorW,False,DB_refined_essential_like
mcr1|mcr1_riskaware_top4|GCF_000814305.1|NZ_CP010392.1:1329302-1334251:+|gene=nan|product=alpha-2-macroglobulin_family_protein|record=303,mcr1,mcr1_riskaware_top4,GCF_000814305.1,data_cas_offinder/expanded_panel/genomes/GCF_000814305.1_genomic.fna,NZ_CP010392.1,1329302,1334251,+,4950,,alpha-2-macroglobulin family protein,True,DB_refined_AMR_or_resistance_related
mcr1|mcr1_riskaware_top4|GCF_000814305.1|NZ_CP010392.1:1696307-1697545:-|gene=nan|product=MdtA/MuxA_family_multidrug_efflux_RND_transporter_periplasmic_adaptor_subunit|record=304,mcr1,mcr1_riskaware_top4,GCF_000814305.1,data_cas_offinder/expanded_panel/genomes/GCF_000814305.1_genomic.fna,NZ_CP010392.1,1696307,1697545,-,1239,,MdtA/MuxA family multidrug efflux RND transporter periplasmic adaptor subunit,True,DB_refined_AMR_or_resistance_related
mcr1|mcr1_riskaware_top4|GCF_000814305.1|NZ_CP010392.1:2182247-2183242:+|gene=nan|product=ABC_transporter_permease|record=305,mcr1,mcr1_riskaware_top4,GCF_000814305.1,data_cas_offinder/expanded_panel/genomes/GCF_000814305.1_genomic.fna,NZ_CP010392.1,2182247,2183242,+,996,,ABC transporter permease,True,DB_refined_AMR_or_resistance_related
mcr1|mcr1_riskaware_top4|GCF_000814305.1|NZ_CP010392.1:2682784-2684358:-|gene=urtB|product=urea_ABC_transporter_permease_subunit_UrtB|record=306,mcr1,mcr1_riskaware_top4,GCF_000814305.1,data_cas_offinder/expanded_panel/genomes/GCF_000814305.1_genomic.fna,NZ_CP010392.1,2682784,2684358,-,1575,urtB,urea ABC transporter permease subunit UrtB,True,DB_refined_AMR_or_resistance_related
mcr1|mcr1_riskaware_top4|GCF_000814305.1|NZ_CP010392.1:2881778-2882791:-|gene=nan|product=methionine_ABC_transporter_ATP-binding_protein|record=307,mcr1,mcr1_riskaware_top4,GCF_000814305.1,data_cas_offinder/expanded_panel/genomes/GCF_000814305.1_genomic.fna,NZ_CP010392.1,2881778,2882791,-,1014,,methionine ABC transporter ATP-binding protein,False,DB_refined_mobile_or_plasmid_related
mcr1|mcr1_riskaware_top4|GCF_000814305.1|NZ_CP010392.1:3562275-3563267:-|gene=nan|product=transketolase_family_protein|record=308,mcr1,mcr1_riskaware_top4,GCF_000814305.1,data_cas_offinder/expanded_panel/genomes/GCF_000814305.1_genomic.fna,NZ_CP010392.1,3562275,3563267,-,993,,transketolase family protein,False,DB_refined_mobile_or_plasmid_related
mcr1|mcr1_riskaware_top4|GCF_000814305.1|NZ_CP010392.1:3897959-3898756:+|gene=nan|product=ABC_transporter_ATP-binding_protein|record=309,mcr1,mcr1_riskaware_top4,GCF_000814305.1,data_cas_offinder/expanded_panel/genomes/GCF_000814305.1_genomic.fna,NZ_CP010392.1,3897959,3898756,+,798,,ABC transporter ATP-binding protein,False,DB_refined_mobile_or_plasmid_related
mcr1|mcr1_riskaware_top4|GCF_000814305.1|NZ_CP010392.1:4161000-4162220:-|gene=sbmA|product=peptide_antibiotic_transporter_SbmA|record=310,mcr1,mcr1_riskaware_top4,GCF_000814305.1,data_cas_offinder/expanded_panel/genomes/GCF_000814305.1_genomic.fna,NZ_CP010392.1,4161000,4162220,-,1221,sbmA,peptide antibiotic transporter SbmA,False,DB_refined_mobile_or_plasmid_related
mcr1|mcr1_riskaware_top4|GCF_000814305.1|NZ_CP010392.1:4906751-4908271:+|gene=nan|product=sugar_ABC_transporter_ATP-binding_protein|record=311,mcr1,mcr1_riskaware_top4,GCF_000814305.1,data_cas_offinder/expanded_panel/genomes/GCF_000814305.1_genomic.fna,NZ_CP010392.1,4906751,4908271,+,1521,,sugar ABC transporter ATP-binding protein,False,DB_refined_mobile_or_plasmid_related
mcr1|mcr1_riskaware_top4|GCF_000814305.1|NZ_CP010392.1:5200177-5200875:+|gene=cpxR|product=envelope_stress_response_regulator_transcription_factor_CpxR|record=312,mcr1,mcr1_riskaware_top4,GCF_000814305.1,data_cas_offinder/expanded_panel/genomes/GCF_000814305.1_genomic.fna,NZ_CP010392.1,5200177,5200875,+,699,cpxR,envelope stress response regulator transcription factor CpxR,False,DB_refined_essential_like
mcr1|mcr1_riskaware_top4|GCF_000968155.1|NZ_FO834906.1:1096875-1098947:-|gene=flhA|product=formate_hydrogenlyase_transcriptional_activator_FlhA|record=313,mcr1,mcr1_riskaware_top4,GCF_000968155.1,data_cas_offinder/expanded_panel/genomes/GCF_000968155.1_genomic.fna,NZ_FO834906.1,1096875,1098947,-,2073,flhA,formate hydrogenlyase transcriptional activator FlhA,False,DB_refined_essential_like
mcr1|mcr1_riskaware_top4|GCF_000968155.1|NZ_FO834906.1:1119490-1120623:-|gene=norW|product=NADH:flavorubredoxin_reductase_NorW|record=314,mcr1,mcr1_riskaware_top4,GCF_000968155.1,data_cas_offinder/expanded_panel/genomes/GCF_000968155.1_genomic.fna,NZ_FO834906.1,1119490,1120623,-,1134,norW,NADH:flavorubredoxin reductase NorW,False,DB_refined_essential_like
mcr1|mcr1_riskaware_top4|GCF_000968155.1|NZ_FO834906.1:1334277-1335497:+|gene=sbmA|product=peptide_antibiotic_transporter_SbmA|record=315,mcr1,mcr1_riskaware_top4,GCF_000968155.1,data_cas_offinder/expanded_panel/genomes/GCF_000968155.1_genomic.fna,NZ_FO834906.1,1334277,1335497,+,1221,sbmA,peptide antibiotic transporter SbmA,False,DB_refined_mobile_or_plasmid_related
mcr1|mcr1_riskaware_top4|GCF_000968155.1|NZ_FO834906.1:1608604-1609401:-|gene=nan|product=ABC_transporter_ATP-binding_protein|record=316,mcr1,mcr1_riskaware_top4,GCF_000968155.1,data_cas_offinder/expanded_panel/genomes/GCF_000968155.1_genomic.fna,NZ_FO834906.1,1608604,1609401,-,798,,ABC transporter ATP-binding protein,False,DB_refined_mobile_or_plasmid_related
mcr1|mcr1_riskaware_top4|GCF_000968155.1|NZ_FO834906.1:1948790-1949782:+|gene=nan|product=transketolase_family_protein|record=317,mcr1,mcr1_riskaware_top4,GCF_000968155.1,data_cas_offinder/expanded_panel/genomes/GCF_000968155.1_genomic.fna,NZ_FO834906.1,1948790,1949782,+,993,,transketolase family protein,False,DB_refined_mobile_or_plasmid_related
mcr1|mcr1_riskaware_top4|GCF_000968155.1|NZ_FO834906.1:2602278-2603291:+|gene=nan|product=methionine_ABC_transporter_ATP-binding_protein|record=318,mcr1,mcr1_riskaware_top4,GCF_000968155.1,data_cas_offinder/expanded_panel/genomes/GCF_000968155.1_genomic.fna,NZ_FO834906.1,2602278,2603291,+,1014,,methionine ABC transporter ATP-binding protein,False,DB_refined_mobile_or_plasmid_related
mcr1|mcr1_riskaware_top4|GCF_000968155.1|NZ_FO834906.1:2831926-2833500:+|gene=urtB|product=urea_ABC_transporter_permease_subunit_UrtB|record=319,mcr1,mcr1_riskaware_top4,GCF_000968155.1,data_cas_offinder/expanded_panel/genomes/GCF_000968155.1_genomic.fna,NZ_FO834906.1,2831926,2833500,+,1575,urtB,urea ABC transporter permease subunit UrtB,True,DB_refined_AMR_or_resistance_related
mcr1|mcr1_riskaware_top4|GCF_000968155.1|NZ_FO834906.1:3931355-3932593:+|gene=nan|product=MdtA/MuxA_family_multidrug_efflux_RND_transporter_periplasmic_adaptor_subunit|record=320,mcr1,mcr1_riskaware_top4,GCF_000968155.1,data_cas_offinder/expanded_panel/genomes/GCF_000968155.1_genomic.fna,NZ_FO834906.1,3931355,3932593,+,1239,,MdtA/MuxA family multidrug efflux RND transporter periplasmic adaptor subunit,True,DB_refined_AMR_or_resistance_related
mcr1|mcr1_riskaware_top4|GCF_000968155.1|NZ_FO834906.1:4294160-4299109:-|gene=nan|product=alpha-2-macroglobulin_family_protein|record=321,mcr1,mcr1_riskaware_top4,GCF_000968155.1,data_cas_offinder/expanded_panel/genomes/GCF_000968155.1_genomic.fna,NZ_FO834906.1,4294160,4299109,-,4950,,alpha-2-macroglobulin family protein,True,DB_refined_AMR_or_resistance_related
mcr1|mcr1_riskaware_top4|GCF_000968155.1|NZ_FO834906.1:4939828-4940526:+|gene=cpxR|product=envelope_stress_response_regulator_transcription_factor_CpxR|record=322,mcr1,mcr1_riskaware_top4,GCF_000968155.1,data_cas_offinder/expanded_panel/genomes/GCF_000968155.1_genomic.fna,NZ_FO834906.1,4939828,4940526,+,699,cpxR,envelope stress response regulator transcription factor CpxR,False,DB_refined_essential_like
mcr1|mcr1_riskaware_top4|GCF_000968155.1|NZ_FO834906.1:5259873-5261393:+|gene=nan|product=sugar_ABC_transporter_ATP-binding_protein|record=323,mcr1,mcr1_riskaware_top4,GCF_000968155.1,data_cas_offinder/expanded_panel/genomes/GCF_000968155.1_genomic.fna,NZ_FO834906.1,5259873,5261393,+,1521,,sugar ABC transporter ATP-binding protein,False,DB_refined_mobile_or_plasmid_related
mcr1|mcr1_riskaware_top4|GCF_001022035.1|NZ_CP011578.1:533643-534656:+|gene=nan|product=methionine_ABC_transporter_ATP-binding_protein|record=324,mcr1,mcr1_riskaware_top4,GCF_001022035.1,data_cas_offinder/expanded_panel/genomes/GCF_001022035.1_genomic.fna,NZ_CP011578.1,533643,534656,+,1014,,methionine ABC transporter ATP-binding protein,False,DB_refined_mobile_or_plasmid_related
mcr1|mcr1_riskaware_top4|GCF_001022035.1|NZ_CP011578.1:733440-735014:+|gene=urtB|product=urea_ABC_transporter_permease_subunit_UrtB|record=325,mcr1,mcr1_riskaware_top4,GCF_001022035.1,data_cas_offinder/expanded_panel/genomes/GCF_001022035.1_genomic.fna,NZ_CP011578.1,733440,735014,+,1575,urtB,urea ABC transporter permease subunit UrtB,True,DB_refined_AMR_or_resistance_related
mcr1|mcr1_riskaware_top4|GCF_001022035.1|NZ_CP011578.1:1249366-1250361:-|gene=nan|product=ABC_transporter_permease|record=326,mcr1,mcr1_riskaware_top4,GCF_001022035.1,data_cas_offinder/expanded_panel/genomes/GCF_001022035.1_genomic.fna,NZ_CP011578.1,1249366,1250361,-,996,,ABC transporter permease,True,DB_refined_AMR_or_resistance_related
mcr1|mcr1_riskaware_top4|GCF_001022035.1|NZ_CP011578.1:1712845-1714083:+|gene=nan|product=MdtA/MuxA_family_multidrug_efflux_RND_transporter_periplasmic_adaptor_subunit|record=327,mcr1,mcr1_riskaware_top4,GCF_001022035.1,data_cas_offinder/expanded_panel/genomes/GCF_001022035.1_genomic.fna,NZ_CP011578.1,1712845,1714083,+,1239,,MdtA/MuxA family multidrug efflux RND transporter periplasmic adaptor subunit,True,DB_refined_AMR_or_resistance_related
mcr1|mcr1_riskaware_top4|GCF_001022035.1|NZ_CP011578.1:2077100-2082049:-|gene=nan|product=alpha-2-macroglobulin_family_protein|record=328,mcr1,mcr1_riskaware_top4,GCF_001022035.1,data_cas_offinder/expanded_panel/genomes/GCF_001022035.1_genomic.fna,NZ_CP011578.1,2077100,2082049,-,4950,,alpha-2-macroglobulin family protein,True,DB_refined_AMR_or_resistance_related
mcr1|mcr1_riskaware_top4|GCF_001022035.1|NZ_CP011578.1:2296362-2297495:+|gene=norW|product=NADH:flavorubredoxin_reductase_NorW|record=329,mcr1,mcr1_riskaware_top4,GCF_001022035.1,data_cas_offinder/expanded_panel/genomes/GCF_001022035.1_genomic.fna,NZ_CP011578.1,2296362,2297495,+,1134,norW,NADH:flavorubredoxin reductase NorW,False,DB_refined_essential_like
mcr1|mcr1_riskaware_top4|GCF_001022035.1|NZ_CP011578.1:2318032-2320099:+|gene=flhA|product=formate_hydrogenlyase_transcriptional_activator_FlhA|record=330,mcr1,mcr1_riskaware_top4,GCF_001022035.1,data_cas_offinder/expanded_panel/genomes/GCF_001022035.1_genomic.fna,NZ_CP011578.1,2318032,2320099,+,2068,flhA,formate hydrogenlyase transcriptional activator FlhA,False,DB_refined_essential_like
mcr1|mcr1_riskaware_top4|GCF_001022035.1|NZ_CP011578.1:3560560-3561258:-|gene=cpxR|product=envelope_stress_response_regulator_transcription_factor_CpxR|record=331,mcr1,mcr1_riskaware_top4,GCF_001022035.1,data_cas_offinder/expanded_panel/genomes/GCF_001022035.1_genomic.fna,NZ_CP011578.1,3560560,3561258,-,699,cpxR,envelope stress response regulator transcription factor CpxR,False,DB_refined_essential_like
mcr1|mcr1_riskaware_top4|GCF_001022035.1|NZ_CP011578.1:3854294-3855814:-|gene=nan|product=sugar_ABC_transporter_ATP-binding_protein|record=332,mcr1,mcr1_riskaware_top4,GCF_001022035.1,data_cas_offinder/expanded_panel/genomes/GCF_001022035.1_genomic.fna,NZ_CP011578.1,3854294,3855814,-,1521,,sugar ABC transporter ATP-binding protein,False,DB_refined_mobile_or_plasmid_related
mcr1|mcr1_riskaware_top4|GCF_001022035.1|NZ_CP011578.1:4598738-4599958:+|gene=sbmA|product=peptide_antibiotic_transporter_SbmA|record=333,mcr1,mcr1_riskaware_top4,GCF_001022035.1,data_cas_offinder/expanded_panel/genomes/GCF_001022035.1_genomic.fna,NZ_CP011578.1,4598738,4599958,+,1221,sbmA,peptide antibiotic transporter SbmA,False,DB_refined_mobile_or_plasmid_related
mcr1|mcr1_riskaware_top4|GCF_001022035.1|NZ_CP011578.1:4861420-4862217:-|gene=nan|product=ABC_transporter_ATP-binding_protein|record=334,mcr1,mcr1_riskaware_top4,GCF_001022035.1,data_cas_offinder/expanded_panel/genomes/GCF_001022035.1_genomic.fna,NZ_CP011578.1,4861420,4862217,-,798,,ABC transporter ATP-binding protein,False,DB_refined_mobile_or_plasmid_related
mcr1|mcr1_riskaware_top4|GCF_001022035.1|NZ_CP011578.1:5205727-5206719:+|gene=nan|product=transketolase_family_protein|record=335,mcr1,mcr1_riskaware_top4,GCF_001022035.1,data_cas_offinder/expanded_panel/genomes/GCF_001022035.1_genomic.fna,NZ_CP011578.1,5205727,5206719,+,993,,transketolase family protein,False,DB_refined_mobile_or_plasmid_related
mcr1|mcr1_riskaware_top4|GCF_001022175.1|NZ_CP011624.1:492012-493004:-|gene=nan|product=transketolase_family_protein|record=336,mcr1,mcr1_riskaware_top4,GCF_001022175.1,data_cas_offinder/expanded_panel/genomes/GCF_001022175.1_genomic.fna,NZ_CP011624.1,492012,493004,-,993,,transketolase family protein,False,DB_refined_mobile_or_plasmid_related
mcr1|mcr1_riskaware_top4|GCF_001022175.1|NZ_CP011624.1:806110-806907:+|gene=nan|product=ABC_transporter_ATP-binding_protein|record=337,mcr1,mcr1_riskaware_top4,GCF_001022175.1,data_cas_offinder/expanded_panel/genomes/GCF_001022175.1_genomic.fna,NZ_CP011624.1,806110,806907,+,798,,ABC transporter ATP-binding protein,False,DB_refined_mobile_or_plasmid_related
mcr1|mcr1_riskaware_top4|GCF_001022175.1|NZ_CP011624.1:1068165-1069385:-|gene=sbmA|product=peptide_antibiotic_transporter_SbmA|record=338,mcr1,mcr1_riskaware_top4,GCF_001022175.1,data_cas_offinder/expanded_panel/genomes/GCF_001022175.1_genomic.fna,NZ_CP011624.1,1068165,1069385,-,1221,sbmA,peptide antibiotic transporter SbmA,False,DB_refined_mobile_or_plasmid_related
mcr1|mcr1_riskaware_top4|GCF_001022175.1|NZ_CP011624.1:1102790-1103659:+|gene=phnE|product=phosphonate_ABC_transporter%2C_permease_protein_PhnE|record=339,mcr1,mcr1_riskaware_top4,GCF_001022175.1,data_cas_offinder/expanded_panel/genomes/GCF_001022175.1_genomic.fna,NZ_CP011624.1,1102790,1103659,+,870,phnE,phosphonate ABC transporter%2C permease protein PhnE,True,DB_refined_AMR_or_resistance_related
mcr1|mcr1_riskaware_top4|GCF_001022175.1|NZ_CP011624.1:1805266-1806786:+|gene=nan|product=sugar_ABC_transporter_ATP-binding_protein|record=340,mcr1,mcr1_riskaware_top4,GCF_001022175.1,data_cas_offinder/expanded_panel/genomes/GCF_001022175.1_genomic.fna,NZ_CP011624.1,1805266,1806786,+,1521,,sugar ABC transporter ATP-binding protein,False,DB_refined_mobile_or_plasmid_related
mcr1|mcr1_riskaware_top4|GCF_001022175.1|NZ_CP011624.1:2101203-2101901:+|gene=cpxR|product=envelope_stress_response_regulator_transcription_factor_CpxR|record=341,mcr1,mcr1_riskaware_top4,GCF_001022175.1,data_cas_offinder/expanded_panel/genomes/GCF_001022175.1_genomic.fna,NZ_CP011624.1,2101203,2101901,+,699,cpxR,envelope stress response regulator transcription factor CpxR,False,DB_refined_essential_like
mcr1|mcr1_riskaware_top4|GCF_001022175.1|NZ_CP011624.1:3346047-3348119:-|gene=flhA|product=formate_hydrogenlyase_transcriptional_activator_FlhA|record=342,mcr1,mcr1_riskaware_top4,GCF_001022175.1,data_cas_offinder/expanded_panel/genomes/GCF_001022175.1_genomic.fna,NZ_CP011624.1,3346047,3348119,-,2073,flhA,formate hydrogenlyase transcriptional activator FlhA,False,DB_refined_essential_like
mcr1|mcr1_riskaware_top4|GCF_001022175.1|NZ_CP011624.1:3368656-3369789:-|gene=norW|product=NADH:flavorubredoxin_reductase_NorW|record=343,mcr1,mcr1_riskaware_top4,GCF_001022175.1,data_cas_offinder/expanded_panel/genomes/GCF_001022175.1_genomic.fna,NZ_CP011624.1,3368656,3369789,-,1134,norW,NADH:flavorubredoxin reductase NorW,False,DB_refined_essential_like
mcr1|mcr1_riskaware_top4|GCF_001022175.1|NZ_CP011624.1:3556929-3561878:+|gene=nan|product=alpha-2-macroglobulin_family_protein|record=344,mcr1,mcr1_riskaware_top4,GCF_001022175.1,data_cas_offinder/expanded_panel/genomes/GCF_001022175.1_genomic.fna,NZ_CP011624.1,3556929,3561878,+,4950,,alpha-2-macroglobulin family protein,True,DB_refined_AMR_or_resistance_related
mcr1|mcr1_riskaware_top4|GCF_001022175.1|NZ_CP011624.1:3962160-3963398:-|gene=nan|product=MdtA/MuxA_family_multidrug_efflux_RND_transporter_periplasmic_adaptor_subunit|record=345,mcr1,mcr1_riskaware_top4,GCF_001022175.1,data_cas_offinder/expanded_panel/genomes/GCF_001022175.1_genomic.fna,NZ_CP011624.1,3962160,3963398,-,1239,,MdtA/MuxA family multidrug efflux RND transporter periplasmic adaptor subunit,True,DB_refined_AMR_or_resistance_related
mcr1|mcr1_riskaware_top4|GCF_001022175.1|NZ_CP011624.1:4448644-4449639:+|gene=nan|product=ABC_transporter_permease|record=346,mcr1,mcr1_riskaware_top4,GCF_001022175.1,data_cas_offinder/expanded_panel/genomes/GCF_001022175.1_genomic.fna,NZ_CP011624.1,4448644,4449639,+,996,,ABC transporter permease,True,DB_refined_AMR_or_resistance_related
mcr1|mcr1_riskaware_top4|GCF_001022175.1|NZ_CP011624.1:4920081-4921655:-|gene=urtB|product=urea_ABC_transporter_permease_subunit_UrtB|record=347,mcr1,mcr1_riskaware_top4,GCF_001022175.1,data_cas_offinder/expanded_panel/genomes/GCF_001022175.1_genomic.fna,NZ_CP011624.1,4920081,4921655,-,1575,urtB,urea ABC transporter permease subunit UrtB,True,DB_refined_AMR_or_resistance_related
mcr1|mcr1_riskaware_top4|GCF_001022175.1|NZ_CP011624.1:5120379-5121392:-|gene=nan|product=methionine_ABC_transporter_ATP-binding_protein|record=348,mcr1,mcr1_riskaware_top4,GCF_001022175.1,data_cas_offinder/expanded_panel/genomes/GCF_001022175.1_genomic.fna,NZ_CP011624.1,5120379,5121392,-,1014,,methionine ABC transporter ATP-binding protein,False,DB_refined_mobile_or_plasmid_related
mcr1|mcr1_riskaware_top4|GCF_001022235.1|NZ_CP011647.1:12845-14917:+|gene=flhA|product=formate_hydrogenlyase_transcriptional_activator_FlhA|record=349,mcr1,mcr1_riskaware_top4,GCF_001022235.1,data_cas_offinder/expanded_panel/genomes/GCF_001022235.1_genomic.fna,NZ_CP011647.1,12845,14917,+,2073,flhA,formate hydrogenlyase transcriptional activator FlhA,False,DB_refined_essential_like
mcr1|mcr1_riskaware_top4|GCF_001022235.1|NZ_CP011647.1:1257952-1258650:-|gene=cpxR|product=envelope_stress_response_regulator_transcription_factor_CpxR|record=350,mcr1,mcr1_riskaware_top4,GCF_001022235.1,data_cas_offinder/expanded_panel/genomes/GCF_001022235.1_genomic.fna,NZ_CP011647.1,1257952,1258650,-,699,cpxR,envelope stress response regulator transcription factor CpxR,False,DB_refined_essential_like
mcr1|mcr1_riskaware_top4|GCF_001022235.1|NZ_CP011647.1:1550492-1552012:-|gene=nan|product=sugar_ABC_transporter_ATP-binding_protein|record=351,mcr1,mcr1_riskaware_top4,GCF_001022235.1,data_cas_offinder/expanded_panel/genomes/GCF_001022235.1_genomic.fna,NZ_CP011647.1,1550492,1552012,-,1521,,sugar ABC transporter ATP-binding protein,False,DB_refined_mobile_or_plasmid_related
mcr1|mcr1_riskaware_top4|GCF_001022235.1|NZ_CP011647.1:2296297-2297517:+|gene=sbmA|product=peptide_antibiotic_transporter_SbmA|record=352,mcr1,mcr1_riskaware_top4,GCF_001022235.1,data_cas_offinder/expanded_panel/genomes/GCF_001022235.1_genomic.fna,NZ_CP011647.1,2296297,2297517,+,1221,sbmA,peptide antibiotic transporter SbmA,False,DB_refined_mobile_or_plasmid_related
mcr1|mcr1_riskaware_top4|GCF_001022235.1|NZ_CP011647.1:2561067-2561864:-|gene=nan|product=ABC_transporter_ATP-binding_protein|record=353,mcr1,mcr1_riskaware_top4,GCF_001022235.1,data_cas_offinder/expanded_panel/genomes/GCF_001022235.1_genomic.fna,NZ_CP011647.1,2561067,2561864,-,798,,ABC transporter ATP-binding protein,False,DB_refined_mobile_or_plasmid_related
mcr1|mcr1_riskaware_top4|GCF_001022235.1|NZ_CP011647.1:2897041-2898033:+|gene=nan|product=transketolase_family_protein|record=354,mcr1,mcr1_riskaware_top4,GCF_001022235.1,data_cas_offinder/expanded_panel/genomes/GCF_001022235.1_genomic.fna,NZ_CP011647.1,2897041,2898033,+,993,,transketolase family protein,False,DB_refined_mobile_or_plasmid_related
mcr1|mcr1_riskaware_top4|GCF_001022235.1|NZ_CP011647.1:3551950-3552963:+|gene=nan|product=methionine_ABC_transporter_ATP-binding_protein|record=355,mcr1,mcr1_riskaware_top4,GCF_001022235.1,data_cas_offinder/expanded_panel/genomes/GCF_001022235.1_genomic.fna,NZ_CP011647.1,3551950,3552963,+,1014,,methionine ABC transporter ATP-binding protein,False,DB_refined_mobile_or_plasmid_related
mcr1|mcr1_riskaware_top4|GCF_001022235.1|NZ_CP011647.1:3745438-3747012:+|gene=urtB|product=urea_ABC_transporter_permease_subunit_UrtB|record=356,mcr1,mcr1_riskaware_top4,GCF_001022235.1,data_cas_offinder/expanded_panel/genomes/GCF_001022235.1_genomic.fna,NZ_CP011647.1,3745438,3747012,+,1575,urtB,urea ABC transporter permease subunit UrtB,True,DB_refined_AMR_or_resistance_related
mcr1|mcr1_riskaware_top4|GCF_001022235.1|NZ_CP011647.1:4250749-4251744:-|gene=nan|product=ABC_transporter_permease|record=357,mcr1,mcr1_riskaware_top4,GCF_001022235.1,data_cas_offinder/expanded_panel/genomes/GCF_001022235.1_genomic.fna,NZ_CP011647.1,4250749,4251744,-,996,,ABC transporter permease,True,DB_refined_AMR_or_resistance_related
mcr1|mcr1_riskaware_top4|GCF_001022235.1|NZ_CP011647.1:4806991-4808229:+|gene=nan|product=MdtA/MuxA_family_multidrug_efflux_RND_transporter_periplasmic_adaptor_subunit|record=358,mcr1,mcr1_riskaware_top4,GCF_001022235.1,data_cas_offinder/expanded_panel/genomes/GCF_001022235.1_genomic.fna,NZ_CP011647.1,4806991,4808229,+,1239,,MdtA/MuxA family multidrug efflux RND transporter periplasmic adaptor subunit,True,DB_refined_AMR_or_resistance_related
mcr1|mcr1_riskaware_top4|GCF_001022235.1|NZ_CP011647.1:5173903-5178852:-|gene=nan|product=alpha-2-macroglobulin_family_protein|record=359,mcr1,mcr1_riskaware_top4,GCF_001022235.1,data_cas_offinder/expanded_panel/genomes/GCF_001022235.1_genomic.fna,NZ_CP011647.1,5173903,5178852,-,4950,,alpha-2-macroglobulin family protein,True,DB_refined_AMR_or_resistance_related
mcr1|mcr1_riskaware_top4|GCF_001022235.1|NZ_CP011647.1:5393322-5394455:+|gene=norW|product=NADH:flavorubredoxin_reductase_NorW|record=360,mcr1,mcr1_riskaware_top4,GCF_001022235.1,data_cas_offinder/expanded_panel/genomes/GCF_001022235.1_genomic.fna,NZ_CP011647.1,5393322,5394455,+,1134,norW,NADH:flavorubredoxin reductase NorW,False,DB_refined_essential_like
mcr1|mcr1_riskaware_top5|GCA_000013465.1|CP000255.1:2282385-2285693:-|gene=fmtB|product=truncated_FmtB_protein|record=361,mcr1,mcr1_riskaware_top5,GCA_000013465.1,data_cas_offinder/expanded_panel/genomes/GCA_000013465.1_genomic.fna,CP000255.1,2282385,2285693,-,3309,fmtB,truncated FmtB protein,True,DB_refined_AMR_or_resistance_related
mcr1|mcr1_riskaware_top5|GCF_000364385.3|NZ_CP006659.2:338976-339833:+|gene=nan|product=ABC_transporter_permease|record=362,mcr1,mcr1_riskaware_top5,GCF_000364385.3,data_cas_offinder/expanded_panel/genomes/GCF_000364385.3_genomic.fna,NZ_CP006659.2,338976,339833,+,858,,ABC transporter permease,True,DB_refined_AMR_or_resistance_related
mcr1|mcr1_riskaware_top5|GCF_000364385.3|NZ_CP006659.2:156760-157890:+|gene=rffA|product=dTDP-4-amino-4%2C6-dideoxygalactose_transaminase|record=363,mcr1,mcr1_riskaware_top5,GCF_000364385.3,data_cas_offinder/expanded_panel/genomes/GCF_000364385.3_genomic.fna,NZ_CP006659.2,156760,157890,+,1131,rffA,dTDP-4-amino-4%2C6-dideoxygalactose transaminase,False,DB_refined_mobile_or_plasmid_related
mcr1|mcr1_riskaware_top5|GCF_000364385.3|NZ_CP006659.2:4709758-4712595:-|gene=glnE|product=bifunctional_[glutamate--ammonia_ligase]-adenylyl-L-tyrosine_phosphorylase/[glut|record=364,mcr1,mcr1_riskaware_top5,GCF_000364385.3,data_cas_offinder/expanded_panel/genomes/GCF_000364385.3_genomic.fna,NZ_CP006659.2,4709758,4712595,-,2838,glnE,bifunctional [glutamate--ammonia ligase]-adenylyl-L-tyrosine phosphorylase/[glutamate--ammonia-ligase] adenylyltransferase,False,DB_refined_essential_like
mcr1|mcr1_riskaware_top5|GCF_000364385.3|NZ_CP006659.2:4762404-4763438:-|gene=lsrC|product=autoinducer_2_ABC_transporter_permease_LsrC|record=365,mcr1,mcr1_riskaware_top5,GCF_000364385.3,data_cas_offinder/expanded_panel/genomes/GCF_000364385.3_genomic.fna,NZ_CP006659.2,4762404,4763438,-,1035,lsrC,autoinducer 2 ABC transporter permease LsrC,True,DB_refined_AMR_or_resistance_related
mcr1|mcr1_riskaware_top5|GCF_000364385.3|NZ_CP006659.2:60866-62131:+|gene=nan|product=MFS_transporter|record=366,mcr1,mcr1_riskaware_top5,GCF_000364385.3,data_cas_offinder/expanded_panel/genomes/GCF_000364385.3_genomic.fna,NZ_CP006659.2,60866,62131,+,1266,,MFS transporter,False,DB_refined_mobile_or_plasmid_related
mcr1|mcr1_riskaware_top5|GCF_000364385.3|NZ_CP006659.2:267686-269470:+|gene=aceK|product=bifunctional_isocitrate_dehydrogenase_kinase/phosphatase|record=367,mcr1,mcr1_riskaware_top5,GCF_000364385.3,data_cas_offinder/expanded_panel/genomes/GCF_000364385.3_genomic.fna,NZ_CP006659.2,267686,269470,+,1785,aceK,bifunctional isocitrate dehydrogenase kinase/phosphatase,False,DB_refined_mobile_or_plasmid_related
mcr1|mcr1_riskaware_top5|GCF_000364385.3|NZ_CP006659.2:780895-782199:+|gene=nan|product=MFS_transporter|record=368,mcr1,mcr1_riskaware_top5,GCF_000364385.3,data_cas_offinder/expanded_panel/genomes/GCF_000364385.3_genomic.fna,NZ_CP006659.2,780895,782199,+,1305,,MFS transporter,False,DB_refined_mobile_or_plasmid_related
mcr1|mcr1_riskaware_top5|GCF_000364385.3|NZ_CP006659.2:873870-875636:+|gene=nan|product=peptidoglycan_glycosyltransferase_FtsI|record=369,mcr1,mcr1_riskaware_top5,GCF_000364385.3,data_cas_offinder/expanded_panel/genomes/GCF_000364385.3_genomic.fna,NZ_CP006659.2,873870,875636,+,1767,,peptidoglycan glycosyltransferase FtsI,False,DB_refined_essential_like
mcr1|mcr1_riskaware_top5|GCF_000364385.3|NZ_CP006659.2:875623-877110:+|gene=murE|product=UDP-N-acetylmuramoyl-L-alanyl-D-glutamate--2%2C6-diaminopimelate_ligase|record=370,mcr1,mcr1_riskaware_top5,GCF_000364385.3,data_cas_offinder/expanded_panel/genomes/GCF_000364385.3_genomic.fna,NZ_CP006659.2,875623,877110,+,1488,murE,UDP-N-acetylmuramoyl-L-alanyl-D-glutamate--2%2C6-diaminopimelate ligase,False,DB_refined_essential_like
mcr1|mcr1_riskaware_top5|GCF_000364385.3|NZ_CP006659.2:897043-898248:-|gene=hofC|product=protein_transport_protein_HofC|record=371,mcr1,mcr1_riskaware_top5,GCF_000364385.3,data_cas_offinder/expanded_panel/genomes/GCF_000364385.3_genomic.fna,NZ_CP006659.2,897043,898248,-,1206,hofC,protein transport protein HofC,False,DB_refined_mobile_or_plasmid_related
mcr1|mcr1_riskaware_top5|GCF_000364385.3|NZ_CP006659.2:1235913-1237220:+|gene=nan|product=carbohydrate_ABC_transporter_permease|record=372,mcr1,mcr1_riskaware_top5,GCF_000364385.3,data_cas_offinder/expanded_panel/genomes/GCF_000364385.3_genomic.fna,NZ_CP006659.2,1235913,1237220,+,1308,,carbohydrate ABC transporter permease,True,DB_refined_AMR_or_resistance_related
mcr1|mcr1_riskaware_top5|GCF_000364385.3|NZ_CP006659.2:1285375-1287789:+|gene=ybbP|product=putative_ABC_transporter_permease_subunit_YbbP|record=373,mcr1,mcr1_riskaware_top5,GCF_000364385.3,data_cas_offinder/expanded_panel/genomes/GCF_000364385.3_genomic.fna,NZ_CP006659.2,1285375,1287789,+,2415,ybbP,putative ABC transporter permease subunit YbbP,True,DB_refined_AMR_or_resistance_related
mcr1|mcr1_riskaware_top5|GCF_000364385.3|NZ_CP006659.2:1377472-1378494:+|gene=nan|product=ABC_transporter_permease|record=374,mcr1,mcr1_riskaware_top5,GCF_000364385.3,data_cas_offinder/expanded_panel/genomes/GCF_000364385.3_genomic.fna,NZ_CP006659.2,1377472,1378494,+,1023,,ABC transporter permease,True,DB_refined_AMR_or_resistance_related
mcr1|mcr1_riskaware_top5|GCF_000364385.3|NZ_CP006659.2:1543442-1544431:-|gene=nan|product=ABC_transporter_permease|record=375,mcr1,mcr1_riskaware_top5,GCF_000364385.3,data_cas_offinder/expanded_panel/genomes/GCF_000364385.3_genomic.fna,NZ_CP006659.2,1543442,1544431,-,990,,ABC transporter permease,True,DB_refined_AMR_or_resistance_related
mcr1|mcr1_riskaware_top5|GCF_000364385.3|NZ_CP006659.2:1583694-1585364:-|gene=nan|product=ShlB/FhaC/HecB_family_hemolysin_secretion/activation_protein|record=376,mcr1,mcr1_riskaware_top5,GCF_000364385.3,data_cas_offinder/expanded_panel/genomes/GCF_000364385.3_genomic.fna,NZ_CP006659.2,1583694,1585364,-,1671,,ShlB/FhaC/HecB family hemolysin secretion/activation protein,False,DB_refined_virulence_related
mcr1|mcr1_riskaware_top5|GCF_000364385.3|NZ_CP006659.2:1622132-1623811:-|gene=kdpA|product=potassium-transporting_ATPase_subunit_KdpA|record=377,mcr1,mcr1_riskaware_top5,GCF_000364385.3,data_cas_offinder/expanded_panel/genomes/GCF_000364385.3_genomic.fna,NZ_CP006659.2,1622132,1623811,-,1680,kdpA,potassium-transporting ATPase subunit KdpA,False,DB_refined_mobile_or_plasmid_related
mcr1|mcr1_riskaware_top5|GCF_000364385.3|NZ_CP006659.2:1671753-1672811:+|gene=modC|product=molybdenum_ABC_transporter_ATP-binding_protein_ModC|record=378,mcr1,mcr1_riskaware_top5,GCF_000364385.3,data_cas_offinder/expanded_panel/genomes/GCF_000364385.3_genomic.fna,NZ_CP006659.2,1671753,1672811,+,1059,modC,molybdenum ABC transporter ATP-binding protein ModC,False,DB_refined_mobile_or_plasmid_related
mcr1|mcr1_riskaware_top5|GCF_000364385.3|NZ_CP006659.2:2923089-2924744:-|gene=nan|product=ABC_transporter_permease|record=379,mcr1,mcr1_riskaware_top5,GCF_000364385.3,data_cas_offinder/expanded_panel/genomes/GCF_000364385.3_genomic.fna,NZ_CP006659.2,2923089,2924744,-,1656,,ABC transporter permease,True,DB_refined_AMR_or_resistance_related
mcr1|mcr1_riskaware_top5|GCF_000364385.3|NZ_CP006659.2:3033422-3034588:-|gene=nan|product=MFS_transporter|record=380,mcr1,mcr1_riskaware_top5,GCF_000364385.3,data_cas_offinder/expanded_panel/genomes/GCF_000364385.3_genomic.fna,NZ_CP006659.2,3033422,3034588,-,1167,,MFS transporter,False,DB_refined_mobile_or_plasmid_related
mcr1|mcr1_riskaware_top5|GCF_000364385.3|NZ_CP006659.2:3055709-3056668:+|gene=nan|product=ABC_transporter_permease|record=381,mcr1,mcr1_riskaware_top5,GCF_000364385.3,data_cas_offinder/expanded_panel/genomes/GCF_000364385.3_genomic.fna,NZ_CP006659.2,3055709,3056668,+,960,,ABC transporter permease,True,DB_refined_AMR_or_resistance_related
mcr1|mcr1_riskaware_top5|GCF_000364385.3|NZ_CP006659.2:3275264-3276148:-|gene=ntrB|product=nitrate_ABC_transporter_permease|record=382,mcr1,mcr1_riskaware_top5,GCF_000364385.3,data_cas_offinder/expanded_panel/genomes/GCF_000364385.3_genomic.fna,NZ_CP006659.2,3275264,3276148,-,885,ntrB,nitrate ABC transporter permease,True,DB_refined_AMR_or_resistance_related
mcr1|mcr1_riskaware_top5|GCF_000364385.3|NZ_CP006659.2:3665207-3666316:-|gene=apbC|product=iron-sulfur_cluster_carrier_protein_ApbC|record=383,mcr1,mcr1_riskaware_top5,GCF_000364385.3,data_cas_offinder/expanded_panel/genomes/GCF_000364385.3_genomic.fna,NZ_CP006659.2,3665207,3666316,-,1110,apbC,iron-sulfur cluster carrier protein ApbC,True,DB_refined_AMR_or_resistance_related
mcr1|mcr1_riskaware_top5|GCF_000364385.3|NZ_CP006659.2:3757332-3759989:+|gene=rcsD|product=phosphotransferase_RcsD|record=384,mcr1,mcr1_riskaware_top5,GCF_000364385.3,data_cas_offinder/expanded_panel/genomes/GCF_000364385.3_genomic.fna,NZ_CP006659.2,3757332,3759989,+,2658,rcsD,phosphotransferase RcsD,False,DB_refined_mobile_or_plasmid_related
mcr1|mcr1_riskaware_top5|GCF_000364385.3|NZ_CP006659.2:3796669-3798198:-|gene=nuoM|product=NADH-quinone_oxidoreductase_subunit_M|record=385,mcr1,mcr1_riskaware_top5,GCF_000364385.3,data_cas_offinder/expanded_panel/genomes/GCF_000364385.3_genomic.fna,NZ_CP006659.2,3796669,3798198,-,1530,nuoM,NADH-quinone oxidoreductase subunit M,False,DB_refined_essential_like
mcr1|mcr1_riskaware_top5|GCF_000364385.3|NZ_CP006659.2:3946098-3947159:-|gene=nan|product=AI-2E_family_transporter|record=386,mcr1,mcr1_riskaware_top5,GCF_000364385.3,data_cas_offinder/expanded_panel/genomes/GCF_000364385.3_genomic.fna,NZ_CP006659.2,3946098,3947159,-,1062,,AI-2E family transporter,False,DB_refined_mobile_or_plasmid_related
mcr1|mcr1_riskaware_top5|GCF_000364385.3|NZ_CP006659.2:4294801-4295796:+|gene=nan|product=FecCD_family_ABC_transporter_permease|record=387,mcr1,mcr1_riskaware_top5,GCF_000364385.3,data_cas_offinder/expanded_panel/genomes/GCF_000364385.3_genomic.fna,NZ_CP006659.2,4294801,4295796,+,996,,FecCD family ABC transporter permease,True,DB_refined_AMR_or_resistance_related
mcr1|mcr1_riskaware_top5|GCF_000364385.3|NZ_CP006659.2:4911879-4912487:+|gene=msrQ|product=protein-methionine-sulfoxide_reductase_heme-binding_subunit_MsrQ|record=388,mcr1,mcr1_riskaware_top5,GCF_000364385.3,data_cas_offinder/expanded_panel/genomes/GCF_000364385.3_genomic.fna,NZ_CP006659.2,4911879,4912487,+,609,msrQ,protein-methionine-sulfoxide reductase heme-binding subunit MsrQ,True,DB_refined_AMR_or_resistance_related
mcr1|mcr1_riskaware_top5|GCF_000364385.3|NZ_CP006659.2:5173313-5174215:-|gene=dppC|product=dipeptide_ABC_transporter_permease_DppC|record=389,mcr1,mcr1_riskaware_top5,GCF_000364385.3,data_cas_offinder/expanded_panel/genomes/GCF_000364385.3_genomic.fna,NZ_CP006659.2,5173313,5174215,-,903,dppC,dipeptide ABC transporter permease DppC,True,DB_refined_AMR_or_resistance_related
mcr1|mcr1_riskaware_top5|GCF_000597845.1|NZ_CP007265.1:93623-94417:+|gene=potC|product=spermidine/putrescine_ABC_transporter_permease_PotC|record=390,mcr1,mcr1_riskaware_top5,GCF_000597845.1,data_cas_offinder/expanded_panel/genomes/GCF_000597845.1_genomic.fna,NZ_CP007265.1,93623,94417,+,795,potC,spermidine/putrescine ABC transporter permease PotC,True,DB_refined_AMR_or_resistance_related
mcr1|mcr1_riskaware_top5|GCF_000597845.1|NZ_CP007265.1:3396106-3397167:-|gene=yfgO|product=AI-2E_family_transporter|record=391,mcr1,mcr1_riskaware_top5,GCF_000597845.1,data_cas_offinder/expanded_panel/genomes/GCF_000597845.1_genomic.fna,NZ_CP007265.1,3396106,3397167,-,1062,yfgO,AI-2E family transporter,False,DB_refined_mobile_or_plasmid_related
mcr1|mcr1_riskaware_top5|GCF_000597845.1|NZ_CP007265.1:4454699-4455601:-|gene=dppC|product=dipeptide_ABC_transporter_permease_DppC|record=392,mcr1,mcr1_riskaware_top5,GCF_000597845.1,data_cas_offinder/expanded_panel/genomes/GCF_000597845.1_genomic.fna,NZ_CP007265.1,4454699,4455601,-,903,dppC,dipeptide ABC transporter permease DppC,True,DB_refined_AMR_or_resistance_related
mcr1|mcr1_riskaware_top5|GCF_000599625.1|NZ_CP007390.1:2665882-2666676:+|gene=potC|product=spermidine/putrescine_ABC_transporter_permease_PotC|record=393,mcr1,mcr1_riskaware_top5,GCF_000599625.1,data_cas_offinder/expanded_panel/genomes/GCF_000599625.1_genomic.fna,NZ_CP007390.1,2665882,2666676,+,795,potC,spermidine/putrescine ABC transporter permease PotC,True,DB_refined_AMR_or_resistance_related
mcr1|mcr1_riskaware_top5|GCF_000599625.1|NZ_CP007390.1:182544-183446:+|gene=dppC|product=dipeptide_ABC_transporter_permease_DppC|record=394,mcr1,mcr1_riskaware_top5,GCF_000599625.1,data_cas_offinder/expanded_panel/genomes/GCF_000599625.1_genomic.fna,NZ_CP007390.1,182544,183446,+,903,dppC,dipeptide ABC transporter permease DppC,True,DB_refined_AMR_or_resistance_related
mcr1|mcr1_riskaware_top5|GCF_000599625.1|NZ_CP007390.1:1276123-1277184:+|gene=yfgO|product=AI-2E_family_transporter|record=395,mcr1,mcr1_riskaware_top5,GCF_000599625.1,data_cas_offinder/expanded_panel/genomes/GCF_000599625.1_genomic.fna,NZ_CP007390.1,1276123,1277184,+,1062,yfgO,AI-2E family transporter,False,DB_refined_mobile_or_plasmid_related
mcr1|mcr1_riskaware_top5|GCF_000599645.1|NZ_CP007391.1:2766555-2767349:+|gene=potC|product=spermidine/putrescine_ABC_transporter_permease_PotC|record=396,mcr1,mcr1_riskaware_top5,GCF_000599645.1,data_cas_offinder/expanded_panel/genomes/GCF_000599645.1_genomic.fna,NZ_CP007391.1,2766555,2767349,+,795,potC,spermidine/putrescine ABC transporter permease PotC,True,DB_refined_AMR_or_resistance_related
mcr1|mcr1_riskaware_top5|GCF_000599645.1|NZ_CP007391.1:271183-272085:+|gene=dppC|product=dipeptide_ABC_transporter_permease_DppC|record=397,mcr1,mcr1_riskaware_top5,GCF_000599645.1,data_cas_offinder/expanded_panel/genomes/GCF_000599645.1_genomic.fna,NZ_CP007391.1,271183,272085,+,903,dppC,dipeptide ABC transporter permease DppC,True,DB_refined_AMR_or_resistance_related
mcr1|mcr1_riskaware_top5|GCF_000599645.1|NZ_CP007391.1:1367474-1368535:+|gene=yfgO|product=AI-2E_family_transporter|record=398,mcr1,mcr1_riskaware_top5,GCF_000599645.1,data_cas_offinder/expanded_panel/genomes/GCF_000599645.1_genomic.fna,NZ_CP007391.1,1367474,1368535,+,1062,yfgO,AI-2E family transporter,False,DB_refined_mobile_or_plasmid_related
mcr1|mcr1_riskaware_top5|GCF_000599665.1|NZ_CP007392.1:1864370-1865164:-|gene=potC|product=spermidine/putrescine_ABC_transporter_permease_PotC|record=399,mcr1,mcr1_riskaware_top5,GCF_000599665.1,data_cas_offinder/expanded_panel/genomes/GCF_000599665.1_genomic.fna,NZ_CP007392.1,1864370,1865164,-,795,potC,spermidine/putrescine ABC transporter permease PotC,True,DB_refined_AMR_or_resistance_related
mcr1|mcr1_riskaware_top5|GCF_000599665.1|NZ_CP007392.1:3451956-3453017:-|gene=yfgO|product=AI-2E_family_transporter|record=400,mcr1,mcr1_riskaware_top5,GCF_000599665.1,data_cas_offinder/expanded_panel/genomes/GCF_000599665.1_genomic.fna,NZ_CP007392.1,3451956,3453017,-,1062,yfgO,AI-2E family transporter,False,DB_refined_mobile_or_plasmid_related
mcr1|mcr1_riskaware_top5|GCF_000599685.1|NZ_CP007393.1:1872124-1872918:-|gene=potC|product=spermidine/putrescine_ABC_transporter_permease_PotC|record=401,mcr1,mcr1_riskaware_top5,GCF_000599685.1,data_cas_offinder/expanded_panel/genomes/GCF_000599685.1_genomic.fna,NZ_CP007393.1,1872124,1872918,-,795,potC,spermidine/putrescine ABC transporter permease PotC,True,DB_refined_AMR_or_resistance_related
mcr1|mcr1_riskaware_top5|GCF_000599685.1|NZ_CP007393.1:3447842-3448903:-|gene=yfgO|product=AI-2E_family_transporter|record=402,mcr1,mcr1_riskaware_top5,GCF_000599685.1,data_cas_offinder/expanded_panel/genomes/GCF_000599685.1_genomic.fna,NZ_CP007393.1,3447842,3448903,-,1062,yfgO,AI-2E family transporter,False,DB_refined_mobile_or_plasmid_related
mcr1|mcr1_riskaware_top5|GCF_000599705.1|NZ_CP007394.1:1882079-1882873:-|gene=potC|product=spermidine/putrescine_ABC_transporter_permease_PotC|record=403,mcr1,mcr1_riskaware_top5,GCF_000599705.1,data_cas_offinder/expanded_panel/genomes/GCF_000599705.1_genomic.fna,NZ_CP007394.1,1882079,1882873,-,795,potC,spermidine/putrescine ABC transporter permease PotC,True,DB_refined_AMR_or_resistance_related
mcr1|mcr1_riskaware_top5|GCF_000599705.1|NZ_CP007394.1:3388635-3389696:-|gene=yfgO|product=AI-2E_family_transporter|record=404,mcr1,mcr1_riskaware_top5,GCF_000599705.1,data_cas_offinder/expanded_panel/genomes/GCF_000599705.1_genomic.fna,NZ_CP007394.1,3388635,3389696,-,1062,yfgO,AI-2E family transporter,False,DB_refined_mobile_or_plasmid_related
mcr1|mcr1_riskaware_top5|GCF_000739495.1|NZ_CP009114.1:3841665-3842522:+|gene=nan|product=ABC_transporter_permease|record=405,mcr1,mcr1_riskaware_top5,GCF_000739495.1,data_cas_offinder/expanded_panel/genomes/GCF_000739495.1_genomic.fna,NZ_CP009114.1,3841665,3842522,+,858,,ABC transporter permease,True,DB_refined_AMR_or_resistance_related
mcr1|mcr1_riskaware_top5|GCF_000739495.1|NZ_CP009114.1:1774658-1777780:+|gene=nan|product=MdtB/MuxB_family_multidrug_efflux_RND_transporter_permease_subunit|record=406,mcr1,mcr1_riskaware_top5,GCF_000739495.1,data_cas_offinder/expanded_panel/genomes/GCF_000739495.1_genomic.fna,NZ_CP009114.1,1774658,1777780,+,3123,,MdtB/MuxB family multidrug efflux RND transporter permease subunit,True,DB_refined_AMR_or_resistance_related
mcr1|mcr1_riskaware_top5|GCF_000739495.1|NZ_CP009114.1:2781757-2784594:-|gene=glnE|product=bifunctional_[glutamate--ammonia_ligase]-adenylyl-L-tyrosine_phosphorylase/[glut|record=407,mcr1,mcr1_riskaware_top5,GCF_000739495.1,data_cas_offinder/expanded_panel/genomes/GCF_000739495.1_genomic.fna,NZ_CP009114.1,2781757,2784594,-,2838,glnE,bifunctional [glutamate--ammonia ligase]-adenylyl-L-tyrosine phosphorylase/[glutamate--ammonia-ligase] adenylyltransferase,False,DB_refined_essential_like
mcr1|mcr1_riskaware_top5|GCF_000739495.1|NZ_CP009114.1:2834833-2835867:-|gene=lsrC|product=autoinducer_2_ABC_transporter_permease_LsrC|record=408,mcr1,mcr1_riskaware_top5,GCF_000739495.1,data_cas_offinder/expanded_panel/genomes/GCF_000739495.1_genomic.fna,NZ_CP009114.1,2834833,2835867,-,1035,lsrC,autoinducer 2 ABC transporter permease LsrC,True,DB_refined_AMR_or_resistance_related
mcr1|mcr1_riskaware_top5|GCF_000739495.1|NZ_CP009114.1:3665443-3666573:+|gene=rffA|product=dTDP-4-amino-4%2C6-dideoxygalactose_transaminase|record=409,mcr1,mcr1_riskaware_top5,GCF_000739495.1,data_cas_offinder/expanded_panel/genomes/GCF_000739495.1_genomic.fna,NZ_CP009114.1,3665443,3666573,+,1131,rffA,dTDP-4-amino-4%2C6-dideoxygalactose transaminase,False,DB_refined_mobile_or_plasmid_related
mcr1|mcr1_riskaware_top5|GCF_000739495.1|NZ_CP009114.1:1103155-1104810:-|gene=nan|product=ABC_transporter_permease|record=410,mcr1,mcr1_riskaware_top5,GCF_000739495.1,data_cas_offinder/expanded_panel/genomes/GCF_000739495.1_genomic.fna,NZ_CP009114.1,1103155,1104810,-,1656,,ABC transporter permease,True,DB_refined_AMR_or_resistance_related
mcr1|mcr1_riskaware_top5|GCF_000739495.1|NZ_CP009114.1:1213493-1214659:-|gene=nan|product=MFS_transporter|record=411,mcr1,mcr1_riskaware_top5,GCF_000739495.1,data_cas_offinder/expanded_panel/genomes/GCF_000739495.1_genomic.fna,NZ_CP009114.1,1213493,1214659,-,1167,,MFS transporter,False,DB_refined_mobile_or_plasmid_related
mcr1|mcr1_riskaware_top5|GCF_000739495.1|NZ_CP009114.1:1235780-1236739:+|gene=nan|product=ABC_transporter_permease|record=412,mcr1,mcr1_riskaware_top5,GCF_000739495.1,data_cas_offinder/expanded_panel/genomes/GCF_000739495.1_genomic.fna,NZ_CP009114.1,1235780,1236739,+,960,,ABC transporter permease,True,DB_refined_AMR_or_resistance_related
mcr1|mcr1_riskaware_top5|GCF_000739495.1|NZ_CP009114.1:1455306-1456190:-|gene=ntrB|product=nitrate_ABC_transporter_permease|record=413,mcr1,mcr1_riskaware_top5,GCF_000739495.1,data_cas_offinder/expanded_panel/genomes/GCF_000739495.1_genomic.fna,NZ_CP009114.1,1455306,1456190,-,885,ntrB,nitrate ABC transporter permease,True,DB_refined_AMR_or_resistance_related
mcr1|mcr1_riskaware_top5|GCF_000739495.1|NZ_CP009114.1:1814933-1816042:-|gene=apbC|product=iron-sulfur_cluster_carrier_protein_ApbC|record=414,mcr1,mcr1_riskaware_top5,GCF_000739495.1,data_cas_offinder/expanded_panel/genomes/GCF_000739495.1_genomic.fna,NZ_CP009114.1,1814933,1816042,-,1110,apbC,iron-sulfur cluster carrier protein ApbC,True,DB_refined_AMR_or_resistance_related
mcr1|mcr1_riskaware_top5|GCF_000739495.1|NZ_CP009114.1:1906392-1909049:+|gene=rcsD|product=phosphotransferase_RcsD|record=415,mcr1,mcr1_riskaware_top5,GCF_000739495.1,data_cas_offinder/expanded_panel/genomes/GCF_000739495.1_genomic.fna,NZ_CP009114.1,1906392,1909049,+,2658,rcsD,phosphotransferase RcsD,False,DB_refined_mobile_or_plasmid_related
mcr1|mcr1_riskaware_top5|GCF_000739495.1|NZ_CP009114.1:1945729-1947258:-|gene=nuoM|product=NADH-quinone_oxidoreductase_subunit_M|record=416,mcr1,mcr1_riskaware_top5,GCF_000739495.1,data_cas_offinder/expanded_panel/genomes/GCF_000739495.1_genomic.fna,NZ_CP009114.1,1945729,1947258,-,1530,nuoM,NADH-quinone oxidoreductase subunit M,False,DB_refined_essential_like
mcr1|mcr1_riskaware_top5|GCF_000739495.1|NZ_CP009114.1:2095279-2096340:-|gene=nan|product=AI-2E_family_transporter|record=417,mcr1,mcr1_riskaware_top5,GCF_000739495.1,data_cas_offinder/expanded_panel/genomes/GCF_000739495.1_genomic.fna,NZ_CP009114.1,2095279,2096340,-,1062,,AI-2E family transporter,False,DB_refined_mobile_or_plasmid_related
mcr1|mcr1_riskaware_top5|GCF_000739495.1|NZ_CP009114.1:2366858-2367853:+|gene=nan|product=FecCD_family_ABC_transporter_permease|record=418,mcr1,mcr1_riskaware_top5,GCF_000739495.1,data_cas_offinder/expanded_panel/genomes/GCF_000739495.1_genomic.fna,NZ_CP009114.1,2366858,2367853,+,996,,FecCD family ABC transporter permease,True,DB_refined_AMR_or_resistance_related
mcr1|mcr1_riskaware_top5|GCF_000739495.1|NZ_CP009114.1:2995366-2995974:+|gene=msrQ|product=protein-methionine-sulfoxide_reductase_heme-binding_subunit_MsrQ|record=419,mcr1,mcr1_riskaware_top5,GCF_000739495.1,data_cas_offinder/expanded_panel/genomes/GCF_000739495.1_genomic.fna,NZ_CP009114.1,2995366,2995974,+,609,msrQ,protein-methionine-sulfoxide reductase heme-binding subunit MsrQ,True,DB_refined_AMR_or_resistance_related
mcr1|mcr1_riskaware_top5|GCF_000739495.1|NZ_CP009114.1:3241346-3242248:-|gene=dppC|product=dipeptide_ABC_transporter_permease_DppC|record=420,mcr1,mcr1_riskaware_top5,GCF_000739495.1,data_cas_offinder/expanded_panel/genomes/GCF_000739495.1_genomic.fna,NZ_CP009114.1,3241346,3242248,-,903,dppC,dipeptide ABC transporter permease DppC,True,DB_refined_AMR_or_resistance_related
mcr1|mcr1_riskaware_top5|GCF_000739495.1|NZ_CP009114.1:3569436-3570701:+|gene=nan|product=MFS_transporter|record=421,mcr1,mcr1_riskaware_top5,GCF_000739495.1,data_cas_offinder/expanded_panel/genomes/GCF_000739495.1_genomic.fna,NZ_CP009114.1,3569436,3570701,+,1266,,MFS transporter,False,DB_refined_mobile_or_plasmid_related
mcr1|mcr1_riskaware_top5|GCF_000739495.1|NZ_CP009114.1:3776350-3778134:+|gene=aceK|product=bifunctional_isocitrate_dehydrogenase_kinase/phosphatase|record=422,mcr1,mcr1_riskaware_top5,GCF_000739495.1,data_cas_offinder/expanded_panel/genomes/GCF_000739495.1_genomic.fna,NZ_CP009114.1,3776350,3778134,+,1785,aceK,bifunctional isocitrate dehydrogenase kinase/phosphatase,False,DB_refined_mobile_or_plasmid_related
mcr1|mcr1_riskaware_top5|GCF_000739495.1|NZ_CP009114.1:3894134-3894505:+|gene=nan|product=plasmid_partitioning/stability_family_protein|record=423,mcr1,mcr1_riskaware_top5,GCF_000739495.1,data_cas_offinder/expanded_panel/genomes/GCF_000739495.1_genomic.fna,NZ_CP009114.1,3894134,3894505,+,372,,plasmid partitioning/stability family protein,False,DB_refined_mobile_or_plasmid_related
mcr1|mcr1_riskaware_top5|GCF_000739495.1|NZ_CP009114.1:4299763-4301067:+|gene=nan|product=MFS_transporter|record=424,mcr1,mcr1_riskaware_top5,GCF_000739495.1,data_cas_offinder/expanded_panel/genomes/GCF_000739495.1_genomic.fna,NZ_CP009114.1,4299763,4301067,+,1305,,MFS transporter,False,DB_refined_mobile_or_plasmid_related
mcr1|mcr1_riskaware_top5|GCF_000739495.1|NZ_CP009114.1:4392738-4394504:+|gene=nan|product=peptidoglycan_glycosyltransferase_FtsI|record=425,mcr1,mcr1_riskaware_top5,GCF_000739495.1,data_cas_offinder/expanded_panel/genomes/GCF_000739495.1_genomic.fna,NZ_CP009114.1,4392738,4394504,+,1767,,peptidoglycan glycosyltransferase FtsI,False,DB_refined_essential_like
mcr1|mcr1_riskaware_top5|GCF_000739495.1|NZ_CP009114.1:4394491-4395978:+|gene=murE|product=UDP-N-acetylmuramoyl-L-alanyl-D-glutamate--2%2C6-diaminopimelate_ligase|record=426,mcr1,mcr1_riskaware_top5,GCF_000739495.1,data_cas_offinder/expanded_panel/genomes/GCF_000739495.1_genomic.fna,NZ_CP009114.1,4394491,4395978,+,1488,murE,UDP-N-acetylmuramoyl-L-alanyl-D-glutamate--2%2C6-diaminopimelate ligase,False,DB_refined_essential_like
mcr1|mcr1_riskaware_top5|GCF_000739495.1|NZ_CP009114.1:4415911-4417116:-|gene=hofC|product=protein_transport_protein_HofC|record=427,mcr1,mcr1_riskaware_top5,GCF_000739495.1,data_cas_offinder/expanded_panel/genomes/GCF_000739495.1_genomic.fna,NZ_CP009114.1,4415911,4417116,-,1206,hofC,protein transport protein HofC,False,DB_refined_mobile_or_plasmid_related
mcr1|mcr1_riskaware_top5|GCF_000739495.1|NZ_CP009114.1:4766137-4767444:+|gene=nan|product=carbohydrate_ABC_transporter_permease|record=428,mcr1,mcr1_riskaware_top5,GCF_000739495.1,data_cas_offinder/expanded_panel/genomes/GCF_000739495.1_genomic.fna,NZ_CP009114.1,4766137,4767444,+,1308,,carbohydrate ABC transporter permease,True,DB_refined_AMR_or_resistance_related
mcr1|mcr1_riskaware_top5|GCF_000739495.1|NZ_CP009114.1:4815599-4818013:+|gene=ybbP|product=putative_ABC_transporter_permease_subunit_YbbP|record=429,mcr1,mcr1_riskaware_top5,GCF_000739495.1,data_cas_offinder/expanded_panel/genomes/GCF_000739495.1_genomic.fna,NZ_CP009114.1,4815599,4818013,+,2415,ybbP,putative ABC transporter permease subunit YbbP,True,DB_refined_AMR_or_resistance_related
mcr1|mcr1_riskaware_top5|GCF_000739495.1|NZ_CP009114.1:4858562-4859584:+|gene=nan|product=ABC_transporter_permease|record=430,mcr1,mcr1_riskaware_top5,GCF_000739495.1,data_cas_offinder/expanded_panel/genomes/GCF_000739495.1_genomic.fna,NZ_CP009114.1,4858562,4859584,+,1023,,ABC transporter permease,True,DB_refined_AMR_or_resistance_related
mcr1|mcr1_riskaware_top5|GCF_000739495.1|NZ_CP009114.1:5023226-5024215:-|gene=nan|product=ABC_transporter_permease|record=431,mcr1,mcr1_riskaware_top5,GCF_000739495.1,data_cas_offinder/expanded_panel/genomes/GCF_000739495.1_genomic.fna,NZ_CP009114.1,5023226,5024215,-,990,,ABC transporter permease,True,DB_refined_AMR_or_resistance_related
mcr1|mcr1_riskaware_top5|GCF_000739495.1|NZ_CP009114.1:5063478-5065148:-|gene=nan|product=ShlB/FhaC/HecB_family_hemolysin_secretion/activation_protein|record=432,mcr1,mcr1_riskaware_top5,GCF_000739495.1,data_cas_offinder/expanded_panel/genomes/GCF_000739495.1_genomic.fna,NZ_CP009114.1,5063478,5065148,-,1671,,ShlB/FhaC/HecB family hemolysin secretion/activation protein,False,DB_refined_virulence_related
mcr1|mcr1_riskaware_top5|GCF_000739495.1|NZ_CP009114.1:5101916-5103595:-|gene=kdpA|product=potassium-transporting_ATPase_subunit_KdpA|record=433,mcr1,mcr1_riskaware_top5,GCF_000739495.1,data_cas_offinder/expanded_panel/genomes/GCF_000739495.1_genomic.fna,NZ_CP009114.1,5101916,5103595,-,1680,kdpA,potassium-transporting ATPase subunit KdpA,False,DB_refined_mobile_or_plasmid_related
mcr1|mcr1_riskaware_top5|GCF_000739495.1|NZ_CP009114.1:5151560-5152618:+|gene=modC|product=molybdenum_ABC_transporter_ATP-binding_protein_ModC|record=434,mcr1,mcr1_riskaware_top5,GCF_000739495.1,data_cas_offinder/expanded_panel/genomes/GCF_000739495.1_genomic.fna,NZ_CP009114.1,5151560,5152618,+,1059,modC,molybdenum ABC transporter ATP-binding protein ModC,False,DB_refined_mobile_or_plasmid_related
mcr1|mcr1_riskaware_top5|GCF_000764615.1|NZ_CP008929.1:2084963-2085820:+|gene=nan|product=ABC_transporter_permease|record=435,mcr1,mcr1_riskaware_top5,GCF_000764615.1,data_cas_offinder/expanded_panel/genomes/GCF_000764615.1_genomic.fna,NZ_CP008929.1,2084963,2085820,+,858,,ABC transporter permease,True,DB_refined_AMR_or_resistance_related
mcr1|mcr1_riskaware_top5|GCF_000764615.1|NZ_CP008929.1:25388-28510:+|gene=nan|product=MdtB/MuxB_family_multidrug_efflux_RND_transporter_permease_subunit|record=436,mcr1,mcr1_riskaware_top5,GCF_000764615.1,data_cas_offinder/expanded_panel/genomes/GCF_000764615.1_genomic.fna,NZ_CP008929.1,25388,28510,+,3123,,MdtB/MuxB family multidrug efflux RND transporter permease subunit,True,DB_refined_AMR_or_resistance_related
mcr1|mcr1_riskaware_top5|GCF_000764615.1|NZ_CP008929.1:351296-352357:-|gene=nan|product=AI-2E_family_transporter|record=437,mcr1,mcr1_riskaware_top5,GCF_000764615.1,data_cas_offinder/expanded_panel/genomes/GCF_000764615.1_genomic.fna,NZ_CP008929.1,351296,352357,-,1062,,AI-2E family transporter,False,DB_refined_mobile_or_plasmid_related
mcr1|mcr1_riskaware_top5|GCF_000764615.1|NZ_CP008929.1:1009514-1012351:-|gene=glnE|product=bifunctional_[glutamate--ammonia_ligase]-adenylyl-L-tyrosine_phosphorylase/[glut|record=438,mcr1,mcr1_riskaware_top5,GCF_000764615.1,data_cas_offinder/expanded_panel/genomes/GCF_000764615.1_genomic.fna,NZ_CP008929.1,1009514,1012351,-,2838,glnE,bifunctional [glutamate--ammonia ligase]-adenylyl-L-tyrosine phosphorylase/[glutamate--ammonia-ligase] adenylyltransferase,False,DB_refined_essential_like
mcr1|mcr1_riskaware_top5|GCF_000764615.1|NZ_CP008929.1:1106376-1107410:-|gene=lsrC|product=autoinducer_2_ABC_transporter_permease_LsrC|record=439,mcr1,mcr1_riskaware_top5,GCF_000764615.1,data_cas_offinder/expanded_panel/genomes/GCF_000764615.1_genomic.fna,NZ_CP008929.1,1106376,1107410,-,1035,lsrC,autoinducer 2 ABC transporter permease LsrC,True,DB_refined_AMR_or_resistance_related
mcr1|mcr1_riskaware_top5|GCF_000764615.1|NZ_CP008929.1:1908836-1909966:+|gene=rffA|product=dTDP-4-amino-4%2C6-dideoxygalactose_transaminase|record=440,mcr1,mcr1_riskaware_top5,GCF_000764615.1,data_cas_offinder/expanded_panel/genomes/GCF_000764615.1_genomic.fna,NZ_CP008929.1,1908836,1909966,+,1131,rffA,dTDP-4-amino-4%2C6-dideoxygalactose transaminase,False,DB_refined_mobile_or_plasmid_related
mcr1|mcr1_riskaware_top5|GCF_000764615.1|NZ_CP008929.1:58939-60048:-|gene=apbC|product=iron-sulfur_cluster_carrier_protein_ApbC|record=441,mcr1,mcr1_riskaware_top5,GCF_000764615.1,data_cas_offinder/expanded_panel/genomes/GCF_000764615.1_genomic.fna,NZ_CP008929.1,58939,60048,-,1110,apbC,iron-sulfur cluster carrier protein ApbC,True,DB_refined_AMR_or_resistance_related
mcr1|mcr1_riskaware_top5|GCF_000764615.1|NZ_CP008929.1:162410-165067:+|gene=rcsD|product=phosphotransferase_RcsD|record=442,mcr1,mcr1_riskaware_top5,GCF_000764615.1,data_cas_offinder/expanded_panel/genomes/GCF_000764615.1_genomic.fna,NZ_CP008929.1,162410,165067,+,2658,rcsD,phosphotransferase RcsD,False,DB_refined_mobile_or_plasmid_related
mcr1|mcr1_riskaware_top5|GCF_000764615.1|NZ_CP008929.1:201737-203266:-|gene=nuoM|product=NADH-quinone_oxidoreductase_subunit_M|record=443,mcr1,mcr1_riskaware_top5,GCF_000764615.1,data_cas_offinder/expanded_panel/genomes/GCF_000764615.1_genomic.fna,NZ_CP008929.1,201737,203266,-,1530,nuoM,NADH-quinone oxidoreductase subunit M,False,DB_refined_essential_like
mcr1|mcr1_riskaware_top5|GCF_000764615.1|NZ_CP008929.1:625313-626308:+|gene=nan|product=FecCD_family_ABC_transporter_permease|record=444,mcr1,mcr1_riskaware_top5,GCF_000764615.1,data_cas_offinder/expanded_panel/genomes/GCF_000764615.1_genomic.fna,NZ_CP008929.1,625313,626308,+,996,,FecCD family ABC transporter permease,True,DB_refined_AMR_or_resistance_related
mcr1|mcr1_riskaware_top5|GCF_000764615.1|NZ_CP008929.1:1251920-1252528:+|gene=msrQ|product=protein-methionine-sulfoxide_reductase_heme-binding_subunit_MsrQ|record=445,mcr1,mcr1_riskaware_top5,GCF_000764615.1,data_cas_offinder/expanded_panel/genomes/GCF_000764615.1_genomic.fna,NZ_CP008929.1,1251920,1252528,+,609,msrQ,protein-methionine-sulfoxide reductase heme-binding subunit MsrQ,True,DB_refined_AMR_or_resistance_related
mcr1|mcr1_riskaware_top5|GCF_000764615.1|NZ_CP008929.1:1497088-1497990:-|gene=dppC|product=dipeptide_ABC_transporter_permease_DppC|record=446,mcr1,mcr1_riskaware_top5,GCF_000764615.1,data_cas_offinder/expanded_panel/genomes/GCF_000764615.1_genomic.fna,NZ_CP008929.1,1497088,1497990,-,903,dppC,dipeptide ABC transporter permease DppC,True,DB_refined_AMR_or_resistance_related
mcr1|mcr1_riskaware_top5|GCF_000764615.1|NZ_CP008929.1:1812927-1814192:+|gene=nan|product=MFS_transporter|record=447,mcr1,mcr1_riskaware_top5,GCF_000764615.1,data_cas_offinder/expanded_panel/genomes/GCF_000764615.1_genomic.fna,NZ_CP008929.1,1812927,1814192,+,1266,,MFS transporter,False,DB_refined_mobile_or_plasmid_related
mcr1|mcr1_riskaware_top5|GCF_000764615.1|NZ_CP008929.1:2019650-2021434:+|gene=aceK|product=bifunctional_isocitrate_dehydrogenase_kinase/phosphatase|record=448,mcr1,mcr1_riskaware_top5,GCF_000764615.1,data_cas_offinder/expanded_panel/genomes/GCF_000764615.1_genomic.fna,NZ_CP008929.1,2019650,2021434,+,1785,aceK,bifunctional isocitrate dehydrogenase kinase/phosphatase,False,DB_refined_mobile_or_plasmid_related
mcr1|mcr1_riskaware_top5|GCF_000764615.1|NZ_CP008929.1:2406637-2408319:+|gene=nan|product=ShlB/FhaC/HecB_family_hemolysin_secretion/activation_protein|record=449,mcr1,mcr1_riskaware_top5,GCF_000764615.1,data_cas_offinder/expanded_panel/genomes/GCF_000764615.1_genomic.fna,NZ_CP008929.1,2406637,2408319,+,1683,,ShlB/FhaC/HecB family hemolysin secretion/activation protein,False,DB_refined_virulence_related
mcr1|mcr1_riskaware_top5|GCF_000764615.1|NZ_CP008929.1:2507870-2509174:+|gene=nan|product=MFS_transporter|record=450,mcr1,mcr1_riskaware_top5,GCF_000764615.1,data_cas_offinder/expanded_panel/genomes/GCF_000764615.1_genomic.fna,NZ_CP008929.1,2507870,2509174,+,1305,,MFS transporter,False,DB_refined_mobile_or_plasmid_related
mcr1|mcr1_riskaware_top5|GCF_000764615.1|NZ_CP008929.1:2588637-2590403:+|gene=nan|product=peptidoglycan_glycosyltransferase_FtsI|record=451,mcr1,mcr1_riskaware_top5,GCF_000764615.1,data_cas_offinder/expanded_panel/genomes/GCF_000764615.1_genomic.fna,NZ_CP008929.1,2588637,2590403,+,1767,,peptidoglycan glycosyltransferase FtsI,False,DB_refined_essential_like
mcr1|mcr1_riskaware_top5|GCF_000764615.1|NZ_CP008929.1:2590390-2591877:+|gene=murE|product=UDP-N-acetylmuramoyl-L-alanyl-D-glutamate--2%2C6-diaminopimelate_ligase|record=452,mcr1,mcr1_riskaware_top5,GCF_000764615.1,data_cas_offinder/expanded_panel/genomes/GCF_000764615.1_genomic.fna,NZ_CP008929.1,2590390,2591877,+,1488,murE,UDP-N-acetylmuramoyl-L-alanyl-D-glutamate--2%2C6-diaminopimelate ligase,False,DB_refined_essential_like
mcr1|mcr1_riskaware_top5|GCF_000764615.1|NZ_CP008929.1:2986123-2987430:+|gene=nan|product=carbohydrate_ABC_transporter_permease|record=453,mcr1,mcr1_riskaware_top5,GCF_000764615.1,data_cas_offinder/expanded_panel/genomes/GCF_000764615.1_genomic.fna,NZ_CP008929.1,2986123,2987430,+,1308,,carbohydrate ABC transporter permease,True,DB_refined_AMR_or_resistance_related
mcr1|mcr1_riskaware_top5|GCF_000764615.1|NZ_CP008929.1:3035559-3037973:+|gene=ybbP|product=putative_ABC_transporter_permease_subunit_YbbP|record=454,mcr1,mcr1_riskaware_top5,GCF_000764615.1,data_cas_offinder/expanded_panel/genomes/GCF_000764615.1_genomic.fna,NZ_CP008929.1,3035559,3037973,+,2415,ybbP,putative ABC transporter permease subunit YbbP,True,DB_refined_AMR_or_resistance_related
mcr1|mcr1_riskaware_top5|GCF_000764615.1|NZ_CP008929.1:3073302-3074324:+|gene=nan|product=ABC_transporter_permease|record=455,mcr1,mcr1_riskaware_top5,GCF_000764615.1,data_cas_offinder/expanded_panel/genomes/GCF_000764615.1_genomic.fna,NZ_CP008929.1,3073302,3074324,+,1023,,ABC transporter permease,True,DB_refined_AMR_or_resistance_related
mcr1|mcr1_riskaware_top5|GCF_000764615.1|NZ_CP008929.1:3263273-3264943:-|gene=nan|product=ShlB/FhaC/HecB_family_hemolysin_secretion/activation_protein|record=456,mcr1,mcr1_riskaware_top5,GCF_000764615.1,data_cas_offinder/expanded_panel/genomes/GCF_000764615.1_genomic.fna,NZ_CP008929.1,3263273,3264943,-,1671,,ShlB/FhaC/HecB family hemolysin secretion/activation protein,False,DB_refined_virulence_related
mcr1|mcr1_riskaware_top5|GCF_000764615.1|NZ_CP008929.1:3301712-3303391:-|gene=kdpA|product=potassium-transporting_ATPase_subunit_KdpA|record=457,mcr1,mcr1_riskaware_top5,GCF_000764615.1,data_cas_offinder/expanded_panel/genomes/GCF_000764615.1_genomic.fna,NZ_CP008929.1,3301712,3303391,-,1680,kdpA,potassium-transporting ATPase subunit KdpA,False,DB_refined_mobile_or_plasmid_related
mcr1|mcr1_riskaware_top5|GCF_000764615.1|NZ_CP008929.1:4556293-4557948:-|gene=nan|product=ABC_transporter_permease|record=458,mcr1,mcr1_riskaware_top5,GCF_000764615.1,data_cas_offinder/expanded_panel/genomes/GCF_000764615.1_genomic.fna,NZ_CP008929.1,4556293,4557948,-,1656,,ABC transporter permease,True,DB_refined_AMR_or_resistance_related
mcr1|mcr1_riskaware_top5|GCF_000764615.1|NZ_CP008929.1:4664663-4665829:-|gene=nan|product=MFS_transporter|record=459,mcr1,mcr1_riskaware_top5,GCF_000764615.1,data_cas_offinder/expanded_panel/genomes/GCF_000764615.1_genomic.fna,NZ_CP008929.1,4664663,4665829,-,1167,,MFS transporter,False,DB_refined_mobile_or_plasmid_related
mcr1|mcr1_riskaware_top5|GCF_000764615.1|NZ_CP008929.1:4688859-4689818:+|gene=nan|product=ABC_transporter_permease|record=460,mcr1,mcr1_riskaware_top5,GCF_000764615.1,data_cas_offinder/expanded_panel/genomes/GCF_000764615.1_genomic.fna,NZ_CP008929.1,4688859,4689818,+,960,,ABC transporter permease,True,DB_refined_AMR_or_resistance_related
mcr1|mcr1_riskaware_top5|GCF_000764615.1|NZ_CP008929.1:4932591-4933475:-|gene=ntrB|product=nitrate_ABC_transporter_permease|record=461,mcr1,mcr1_riskaware_top5,GCF_000764615.1,data_cas_offinder/expanded_panel/genomes/GCF_000764615.1_genomic.fna,NZ_CP008929.1,4932591,4933475,-,885,ntrB,nitrate ABC transporter permease,True,DB_refined_AMR_or_resistance_related
mcr1|mcr1_riskaware_top5|GCF_000775955.1|NZ_CP009461.1:4526094-4526951:-|gene=nan|product=ABC_transporter_permease|record=462,mcr1,mcr1_riskaware_top5,GCF_000775955.1,data_cas_offinder/expanded_panel/genomes/GCF_000775955.1_genomic.fna,NZ_CP009461.1,4526094,4526951,-,858,,ABC transporter permease,True,DB_refined_AMR_or_resistance_related
mcr1|mcr1_riskaware_top5|GCF_000775955.1|NZ_CP009461.1:397068-398102:+|gene=lsrC|product=autoinducer_2_ABC_transporter_permease_LsrC|record=463,mcr1,mcr1_riskaware_top5,GCF_000775955.1,data_cas_offinder/expanded_panel/genomes/GCF_000775955.1_genomic.fna,NZ_CP009461.1,397068,398102,+,1035,lsrC,autoinducer 2 ABC transporter permease LsrC,True,DB_refined_AMR_or_resistance_related
mcr1|mcr1_riskaware_top5|GCF_000775955.1|NZ_CP009461.1:447907-450744:+|gene=glnE|product=bifunctional_[glutamate--ammonia_ligase]-adenylyl-L-tyrosine_phosphorylase/[glut|record=464,mcr1,mcr1_riskaware_top5,GCF_000775955.1,data_cas_offinder/expanded_panel/genomes/GCF_000775955.1_genomic.fna,NZ_CP009461.1,447907,450744,+,2838,glnE,bifunctional [glutamate--ammonia ligase]-adenylyl-L-tyrosine phosphorylase/[glutamate--ammonia-ligase] adenylyltransferase,False,DB_refined_essential_like
mcr1|mcr1_riskaware_top5|GCF_000775955.1|NZ_CP009461.1:1428407-1431529:-|gene=nan|product=MdtB/MuxB_family_multidrug_efflux_RND_transporter_permease_subunit|record=465,mcr1,mcr1_riskaware_top5,GCF_000775955.1,data_cas_offinder/expanded_panel/genomes/GCF_000775955.1_genomic.fna,NZ_CP009461.1,1428407,1431529,-,3123,,MdtB/MuxB family multidrug efflux RND transporter permease subunit,True,DB_refined_AMR_or_resistance_related
mcr1|mcr1_riskaware_top5|GCF_000775955.1|NZ_CP009461.1:4708473-4709603:-|gene=rffA|product=dTDP-4-amino-4%2C6-dideoxygalactose_transaminase|record=466,mcr1,mcr1_riskaware_top5,GCF_000775955.1,data_cas_offinder/expanded_panel/genomes/GCF_000775955.1_genomic.fna,NZ_CP009461.1,4708473,4709603,-,1131,rffA,dTDP-4-amino-4%2C6-dideoxygalactose transaminase,False,DB_refined_mobile_or_plasmid_related
mcr1|mcr1_riskaware_top5|GCF_000775955.1|NZ_CP009461.1:3547-4449:+|gene=dppC|product=dipeptide_ABC_transporter_permease_DppC|record=467,mcr1,mcr1_riskaware_top5,GCF_000775955.1,data_cas_offinder/expanded_panel/genomes/GCF_000775955.1_genomic.fna,NZ_CP009461.1,3547,4449,+,903,dppC,dipeptide ABC transporter permease DppC,True,DB_refined_AMR_or_resistance_related
mcr1|mcr1_riskaware_top5|GCF_000775955.1|NZ_CP009461.1:249575-250183:-|gene=msrQ|product=protein-methionine-sulfoxide_reductase_heme-binding_subunit_MsrQ|record=468,mcr1,mcr1_riskaware_top5,GCF_000775955.1,data_cas_offinder/expanded_panel/genomes/GCF_000775955.1_genomic.fna,NZ_CP009461.1,249575,250183,-,609,msrQ,protein-methionine-sulfoxide reductase heme-binding subunit MsrQ,True,DB_refined_AMR_or_resistance_related
mcr1|mcr1_riskaware_top5|GCF_000775955.1|NZ_CP009461.1:806673-807668:-|gene=nan|product=FecCD_family_ABC_transporter_permease|record=469,mcr1,mcr1_riskaware_top5,GCF_000775955.1,data_cas_offinder/expanded_panel/genomes/GCF_000775955.1_genomic.fna,NZ_CP009461.1,806673,807668,-,996,,FecCD family ABC transporter permease,True,DB_refined_AMR_or_resistance_related
mcr1|mcr1_riskaware_top5|GCF_000775955.1|NZ_CP009461.1:1109089-1110150:+|gene=nan|product=AI-2E_family_transporter|record=470,mcr1,mcr1_riskaware_top5,GCF_000775955.1,data_cas_offinder/expanded_panel/genomes/GCF_000775955.1_genomic.fna,NZ_CP009461.1,1109089,1110150,+,1062,,AI-2E family transporter,False,DB_refined_mobile_or_plasmid_related
mcr1|mcr1_riskaware_top5|GCF_000775955.1|NZ_CP009461.1:1258146-1259675:+|gene=nuoM|product=NADH-quinone_oxidoreductase_subunit_M|record=471,mcr1,mcr1_riskaware_top5,GCF_000775955.1,data_cas_offinder/expanded_panel/genomes/GCF_000775955.1_genomic.fna,NZ_CP009461.1,1258146,1259675,+,1530,nuoM,NADH-quinone oxidoreductase subunit M,False,DB_refined_essential_like
mcr1|mcr1_riskaware_top5|GCF_000775955.1|NZ_CP009461.1:1296227-1298884:-|gene=rcsD|product=phosphotransferase_RcsD|record=472,mcr1,mcr1_riskaware_top5,GCF_000775955.1,data_cas_offinder/expanded_panel/genomes/GCF_000775955.1_genomic.fna,NZ_CP009461.1,1296227,1298884,-,2658,rcsD,phosphotransferase RcsD,False,DB_refined_mobile_or_plasmid_related
mcr1|mcr1_riskaware_top5|GCF_000775955.1|NZ_CP009461.1:1390147-1391256:+|gene=apbC|product=iron-sulfur_cluster_carrier_protein_ApbC|record=473,mcr1,mcr1_riskaware_top5,GCF_000775955.1,data_cas_offinder/expanded_panel/genomes/GCF_000775955.1_genomic.fna,NZ_CP009461.1,1390147,1391256,+,1110,apbC,iron-sulfur cluster carrier protein ApbC,True,DB_refined_AMR_or_resistance_related
mcr1|mcr1_riskaware_top5|GCF_000775955.1|NZ_CP009461.1:1741402-1742286:+|gene=ntrB|product=nitrate_ABC_transporter_permease|record=474,mcr1,mcr1_riskaware_top5,GCF_000775955.1,data_cas_offinder/expanded_panel/genomes/GCF_000775955.1_genomic.fna,NZ_CP009461.1,1741402,1742286,+,885,ntrB,nitrate ABC transporter permease,True,DB_refined_AMR_or_resistance_related
mcr1|mcr1_riskaware_top5|GCF_000775955.1|NZ_CP009461.1:1959776-1960735:-|gene=nan|product=ABC_transporter_permease|record=475,mcr1,mcr1_riskaware_top5,GCF_000775955.1,data_cas_offinder/expanded_panel/genomes/GCF_000775955.1_genomic.fna,NZ_CP009461.1,1959776,1960735,-,960,,ABC transporter permease,True,DB_refined_AMR_or_resistance_related
mcr1|mcr1_riskaware_top5|GCF_000775955.1|NZ_CP009461.1:1983878-1985044:+|gene=nan|product=MFS_transporter|record=476,mcr1,mcr1_riskaware_top5,GCF_000775955.1,data_cas_offinder/expanded_panel/genomes/GCF_000775955.1_genomic.fna,NZ_CP009461.1,1983878,1985044,+,1167,,MFS transporter,False,DB_refined_mobile_or_plasmid_related
mcr1|mcr1_riskaware_top5|GCF_000775955.1|NZ_CP009461.1:2093487-2095142:+|gene=nan|product=ABC_transporter_permease|record=477,mcr1,mcr1_riskaware_top5,GCF_000775955.1,data_cas_offinder/expanded_panel/genomes/GCF_000775955.1_genomic.fna,NZ_CP009461.1,2093487,2095142,+,1656,,ABC transporter permease,True,DB_refined_AMR_or_resistance_related
mcr1|mcr1_riskaware_top5|GCF_000775955.1|NZ_CP009461.1:3296713-3298392:+|gene=kdpA|product=potassium-transporting_ATPase_subunit_KdpA|record=478,mcr1,mcr1_riskaware_top5,GCF_000775955.1,data_cas_offinder/expanded_panel/genomes/GCF_000775955.1_genomic.fna,NZ_CP009461.1,3296713,3298392,+,1680,kdpA,potassium-transporting ATPase subunit KdpA,False,DB_refined_mobile_or_plasmid_related
mcr1|mcr1_riskaware_top5|GCF_000775955.1|NZ_CP009461.1:3335159-3336829:+|gene=nan|product=ShlB/FhaC/HecB_family_hemolysin_secretion/activation_protein|record=479,mcr1,mcr1_riskaware_top5,GCF_000775955.1,data_cas_offinder/expanded_panel/genomes/GCF_000775955.1_genomic.fna,NZ_CP009461.1,3335159,3336829,+,1671,,ShlB/FhaC/HecB family hemolysin secretion/activation protein,False,DB_refined_virulence_related
mcr1|mcr1_riskaware_top5|GCF_000775955.1|NZ_CP009461.1:3376092-3377081:+|gene=nan|product=ABC_transporter_permease|record=480,mcr1,mcr1_riskaware_top5,GCF_000775955.1,data_cas_offinder/expanded_panel/genomes/GCF_000775955.1_genomic.fna,NZ_CP009461.1,3376092,3377081,+,990,,ABC transporter permease,True,DB_refined_AMR_or_resistance_related
mcr1|mcr1_riskaware_top5|GCF_000775955.1|NZ_CP009461.1:3540098-3541120:-|gene=nan|product=ABC_transporter_permease|record=481,mcr1,mcr1_riskaware_top5,GCF_000775955.1,data_cas_offinder/expanded_panel/genomes/GCF_000775955.1_genomic.fna,NZ_CP009461.1,3540098,3541120,-,1023,,ABC transporter permease,True,DB_refined_AMR_or_resistance_related
mcr1|mcr1_riskaware_top5|GCF_000775955.1|NZ_CP009461.1:3581812-3584226:-|gene=ybbP|product=putative_ABC_transporter_permease_subunit_YbbP|record=482,mcr1,mcr1_riskaware_top5,GCF_000775955.1,data_cas_offinder/expanded_panel/genomes/GCF_000775955.1_genomic.fna,NZ_CP009461.1,3581812,3584226,-,2415,ybbP,putative ABC transporter permease subunit YbbP,True,DB_refined_AMR_or_resistance_related
mcr1|mcr1_riskaware_top5|GCF_000775955.1|NZ_CP009461.1:3632377-3633684:-|gene=nan|product=carbohydrate_ABC_transporter_permease|record=483,mcr1,mcr1_riskaware_top5,GCF_000775955.1,data_cas_offinder/expanded_panel/genomes/GCF_000775955.1_genomic.fna,NZ_CP009461.1,3632377,3633684,-,1308,,carbohydrate ABC transporter permease,True,DB_refined_AMR_or_resistance_related
mcr1|mcr1_riskaware_top5|GCF_000775955.1|NZ_CP009461.1:3983202-3984407:+|gene=hofC|product=protein_transport_protein_HofC|record=484,mcr1,mcr1_riskaware_top5,GCF_000775955.1,data_cas_offinder/expanded_panel/genomes/GCF_000775955.1_genomic.fna,NZ_CP009461.1,3983202,3984407,+,1206,hofC,protein transport protein HofC,False,DB_refined_mobile_or_plasmid_related
mcr1|mcr1_riskaware_top5|GCF_000775955.1|NZ_CP009461.1:4004340-4005827:-|gene=murE|product=UDP-N-acetylmuramoyl-L-alanyl-D-glutamate--2%2C6-diaminopimelate_ligase|record=485,mcr1,mcr1_riskaware_top5,GCF_000775955.1,data_cas_offinder/expanded_panel/genomes/GCF_000775955.1_genomic.fna,NZ_CP009461.1,4004340,4005827,-,1488,murE,UDP-N-acetylmuramoyl-L-alanyl-D-glutamate--2%2C6-diaminopimelate ligase,False,DB_refined_essential_like
mcr1|mcr1_riskaware_top5|GCF_000775955.1|NZ_CP009461.1:4005814-4007580:-|gene=nan|product=peptidoglycan_glycosyltransferase_FtsI|record=486,mcr1,mcr1_riskaware_top5,GCF_000775955.1,data_cas_offinder/expanded_panel/genomes/GCF_000775955.1_genomic.fna,NZ_CP009461.1,4005814,4007580,-,1767,,peptidoglycan glycosyltransferase FtsI,False,DB_refined_essential_like
mcr1|mcr1_riskaware_top5|GCF_000775955.1|NZ_CP009461.1:4099309-4100613:-|gene=nan|product=MFS_transporter|record=487,mcr1,mcr1_riskaware_top5,GCF_000775955.1,data_cas_offinder/expanded_panel/genomes/GCF_000775955.1_genomic.fna,NZ_CP009461.1,4099309,4100613,-,1305,,MFS transporter,False,DB_refined_mobile_or_plasmid_related
mcr1|mcr1_riskaware_top5|GCF_000775955.1|NZ_CP009461.1:4590479-4592263:-|gene=aceK|product=bifunctional_isocitrate_dehydrogenase_kinase/phosphatase|record=488,mcr1,mcr1_riskaware_top5,GCF_000775955.1,data_cas_offinder/expanded_panel/genomes/GCF_000775955.1_genomic.fna,NZ_CP009461.1,4590479,4592263,-,1785,aceK,bifunctional isocitrate dehydrogenase kinase/phosphatase,False,DB_refined_mobile_or_plasmid_related
mcr1|mcr1_riskaware_top5|GCF_000775955.1|NZ_CP009461.1:4803237-4804502:-|gene=nan|product=MFS_transporter|record=489,mcr1,mcr1_riskaware_top5,GCF_000775955.1,data_cas_offinder/expanded_panel/genomes/GCF_000775955.1_genomic.fna,NZ_CP009461.1,4803237,4804502,-,1266,,MFS transporter,False,DB_refined_mobile_or_plasmid_related
mcr1|mcr1_riskaware_top5|GCF_000784925.1|NZ_CP009859.1:1361581-1362375:-|gene=potC|product=spermidine/putrescine_ABC_transporter_permease_PotC|record=490,mcr1,mcr1_riskaware_top5,GCF_000784925.1,data_cas_offinder/expanded_panel/genomes/GCF_000784925.1_genomic.fna,NZ_CP009859.1,1361581,1362375,-,795,potC,spermidine/putrescine ABC transporter permease PotC,True,DB_refined_AMR_or_resistance_related
mcr1|mcr1_riskaware_top5|GCF_000784925.1|NZ_CP009859.1:101573-103060:+|gene=murE|product=UDP-N-acetylmuramoyl-L-alanyl-D-glutamate--2%2C6-diaminopimelate_ligase|record=491,mcr1,mcr1_riskaware_top5,GCF_000784925.1,data_cas_offinder/expanded_panel/genomes/GCF_000784925.1_genomic.fna,NZ_CP009859.1,101573,103060,+,1488,murE,UDP-N-acetylmuramoyl-L-alanyl-D-glutamate--2%2C6-diaminopimelate ligase,False,DB_refined_essential_like
mcr1|mcr1_riskaware_top5|GCF_000784925.1|NZ_CP009859.1:2886671-2887732:-|gene=yfgO|product=AI-2E_family_transporter|record=492,mcr1,mcr1_riskaware_top5,GCF_000784925.1,data_cas_offinder/expanded_panel/genomes/GCF_000784925.1_genomic.fna,NZ_CP009859.1,2886671,2887732,-,1062,yfgO,AI-2E family transporter,False,DB_refined_mobile_or_plasmid_related
mcr1|mcr1_riskaware_top5|GCF_000784925.1|NZ_CP009859.1:5150268-5150615:-|gene=tnpB|product=IS66_family_insertion_sequence_element_accessory_protein_TnpB|record=493,mcr1,mcr1_riskaware_top5,GCF_000784925.1,data_cas_offinder/expanded_panel/genomes/GCF_000784925.1_genomic.fna,NZ_CP009859.1,5150268,5150615,-,348,tnpB,IS66 family insertion sequence element accessory protein TnpB,True,DB_refined_AMR_or_resistance_related
mcr1|mcr1_riskaware_top5|GCF_000801165.1|NZ_CP009104.1:2044766-2045560:-|gene=potC|product=spermidine/putrescine_ABC_transporter_permease_PotC|record=494,mcr1,mcr1_riskaware_top5,GCF_000801165.1,data_cas_offinder/expanded_panel/genomes/GCF_000801165.1_genomic.fna,NZ_CP009104.1,2044766,2045560,-,795,potC,spermidine/putrescine ABC transporter permease PotC,True,DB_refined_AMR_or_resistance_related
mcr1|mcr1_riskaware_top5|GCF_000801165.1|NZ_CP009104.1:3544136-3545197:-|gene=yfgO|product=AI-2E_family_transporter|record=495,mcr1,mcr1_riskaware_top5,GCF_000801165.1,data_cas_offinder/expanded_panel/genomes/GCF_000801165.1_genomic.fna,NZ_CP009104.1,3544136,3545197,-,1062,yfgO,AI-2E family transporter,False,DB_refined_mobile_or_plasmid_related
mcr1|mcr1_riskaware_top5|GCF_000801165.1|NZ_CP009104.1:4636091-4636993:-|gene=dppC|product=dipeptide_ABC_transporter_permease_DppC|record=496,mcr1,mcr1_riskaware_top5,GCF_000801165.1,data_cas_offinder/expanded_panel/genomes/GCF_000801165.1_genomic.fna,NZ_CP009104.1,4636091,4636993,-,903,dppC,dipeptide ABC transporter permease DppC,True,DB_refined_AMR_or_resistance_related
mcr1|mcr1_riskaware_top5|GCF_000801185.2|NZ_CP009106.2:1963491-1964285:-|gene=potC|product=spermidine/putrescine_ABC_transporter_permease_PotC|record=497,mcr1,mcr1_riskaware_top5,GCF_000801185.2,data_cas_offinder/expanded_panel/genomes/GCF_000801185.2_genomic.fna,NZ_CP009106.2,1963491,1964285,-,795,potC,spermidine/putrescine ABC transporter permease PotC,True,DB_refined_AMR_or_resistance_related
mcr1|mcr1_riskaware_top5|GCF_000801185.2|NZ_CP009106.2:1289342-1291756:+|gene=ybbP|product=putative_ABC_transporter_permease_subunit_YbbP|record=498,mcr1,mcr1_riskaware_top5,GCF_000801185.2,data_cas_offinder/expanded_panel/genomes/GCF_000801185.2_genomic.fna,NZ_CP009106.2,1289342,1291756,+,2415,ybbP,putative ABC transporter permease subunit YbbP,True,DB_refined_AMR_or_resistance_related
mcr1|mcr1_riskaware_top5|GCF_000801185.2|NZ_CP009106.2:3340680-3343487:-|gene=nan|product=phage_tail_tape_measure_protein|record=499,mcr1,mcr1_riskaware_top5,GCF_000801185.2,data_cas_offinder/expanded_panel/genomes/GCF_000801185.2_genomic.fna,NZ_CP009106.2,3340680,3343487,-,2808,,phage tail tape measure protein,False,DB_refined_mobile_or_plasmid_related
mcr1|mcr1_riskaware_top5|GCF_000801185.2|NZ_CP009106.2:3511682-3512743:-|gene=yfgO|product=AI-2E_family_transporter|record=500,mcr1,mcr1_riskaware_top5,GCF_000801185.2,data_cas_offinder/expanded_panel/genomes/GCF_000801185.2_genomic.fna,NZ_CP009106.2,3511682,3512743,-,1062,yfgO,AI-2E family transporter,False,DB_refined_mobile_or_plasmid_related
mcr1|mcr1_riskaware_top5|GCF_000801185.2|NZ_CP009106.2:4696565-4697467:-|gene=dppC|product=dipeptide_ABC_transporter_permease_DppC|record=501,mcr1,mcr1_riskaware_top5,GCF_000801185.2,data_cas_offinder/expanded_panel/genomes/GCF_000801185.2_genomic.fna,NZ_CP009106.2,4696565,4697467,-,903,dppC,dipeptide ABC transporter permease DppC,True,DB_refined_AMR_or_resistance_related
mcr1|mcr1_riskaware_top5|GCF_000807395.2|NZ_CP010361.1:4960429-4961286:-|gene=nan|product=ABC_transporter_permease_subunit|record=502,mcr1,mcr1_riskaware_top5,GCF_000807395.2,data_cas_offinder/expanded_panel/genomes/GCF_000807395.2_genomic.fna,NZ_CP010361.1,4960429,4961286,-,858,,ABC transporter permease subunit,True,DB_refined_AMR_or_resistance_related
mcr1|mcr1_riskaware_top5|GCF_000807395.2|NZ_CP010361.1:635803-636837:+|gene=lsrC|product=autoinducer_2_ABC_transporter_permease_LsrC|record=503,mcr1,mcr1_riskaware_top5,GCF_000807395.2,data_cas_offinder/expanded_panel/genomes/GCF_000807395.2_genomic.fna,NZ_CP010361.1,635803,636837,+,1035,lsrC,autoinducer 2 ABC transporter permease LsrC,True,DB_refined_AMR_or_resistance_related
mcr1|mcr1_riskaware_top5|GCF_000807395.2|NZ_CP010361.1:686639-689476:+|gene=glnE|product=bifunctional_[glutamate--ammonia_ligase]-adenylyl-L-tyrosine_phosphorylase/[glut|record=504,mcr1,mcr1_riskaware_top5,GCF_000807395.2,data_cas_offinder/expanded_panel/genomes/GCF_000807395.2_genomic.fna,NZ_CP010361.1,686639,689476,+,2838,glnE,bifunctional [glutamate--ammonia ligase]-adenylyl-L-tyrosine phosphorylase/[glutamate--ammonia-ligase] adenylyltransferase,False,DB_refined_essential_like
mcr1|mcr1_riskaware_top5|GCF_000807395.2|NZ_CP010361.1:5126419-5127549:+|gene=rffA|product=dTDP-4-amino-4%2C6-dideoxygalactose_transaminase|record=505,mcr1,mcr1_riskaware_top5,GCF_000807395.2,data_cas_offinder/expanded_panel/genomes/GCF_000807395.2_genomic.fna,NZ_CP010361.1,5126419,5127549,+,1131,rffA,dTDP-4-amino-4%2C6-dideoxygalactose transaminase,False,DB_refined_mobile_or_plasmid_related
mcr1|mcr1_riskaware_top5|GCF_000807395.2|NZ_CP010576.1:18093-18440:-|gene=tnpB|product=IS66_family_insertion_sequence_element_accessory_protein_TnpB|record=506,mcr1,mcr1_riskaware_top5,GCF_000807395.2,data_cas_offinder/expanded_panel/genomes/GCF_000807395.2_genomic.fna,NZ_CP010576.1,18093,18440,-,348,tnpB,IS66 family insertion sequence element accessory protein TnpB,False,DB_refined_mobile_or_plasmid_related
mcr1|mcr1_riskaware_top5|GCF_000807395.2|NZ_CP010361.1:225028-225930:+|gene=dppC|product=dipeptide_ABC_transporter_permease_DppC|record=507,mcr1,mcr1_riskaware_top5,GCF_000807395.2,data_cas_offinder/expanded_panel/genomes/GCF_000807395.2_genomic.fna,NZ_CP010361.1,225028,225930,+,903,dppC,dipeptide ABC transporter permease DppC,True,DB_refined_AMR_or_resistance_related
mcr1|mcr1_riskaware_top5|GCF_000807395.2|NZ_CP010361.1:486754-487362:-|gene=msrQ|product=protein-methionine-sulfoxide_reductase_heme-binding_subunit_MsrQ|record=508,mcr1,mcr1_riskaware_top5,GCF_000807395.2,data_cas_offinder/expanded_panel/genomes/GCF_000807395.2_genomic.fna,NZ_CP010361.1,486754,487362,-,609,msrQ,protein-methionine-sulfoxide reductase heme-binding subunit MsrQ,True,DB_refined_AMR_or_resistance_related
mcr1|mcr1_riskaware_top5|GCF_000807395.2|NZ_CP010361.1:1103431-1104426:-|gene=nan|product=iron_ABC_transporter_permease|record=509,mcr1,mcr1_riskaware_top5,GCF_000807395.2,data_cas_offinder/expanded_panel/genomes/GCF_000807395.2_genomic.fna,NZ_CP010361.1,1103431,1104426,-,996,,iron ABC transporter permease,True,DB_refined_AMR_or_resistance_related
mcr1|mcr1_riskaware_top5|GCF_000807395.2|NZ_CP010361.1:1375043-1376104:+|gene=nan|product=AI-2E_family_transporter|record=510,mcr1,mcr1_riskaware_top5,GCF_000807395.2,data_cas_offinder/expanded_panel/genomes/GCF_000807395.2_genomic.fna,NZ_CP010361.1,1375043,1376104,+,1062,,AI-2E family transporter,False,DB_refined_mobile_or_plasmid_related
mcr1|mcr1_riskaware_top5|GCF_000807395.2|NZ_CP010361.1:1524124-1525653:+|gene=nuoM|product=NADH-quinone_oxidoreductase_subunit_M|record=511,mcr1,mcr1_riskaware_top5,GCF_000807395.2,data_cas_offinder/expanded_panel/genomes/GCF_000807395.2_genomic.fna,NZ_CP010361.1,1524124,1525653,+,1530,nuoM,NADH-quinone oxidoreductase subunit M,False,DB_refined_essential_like
mcr1|mcr1_riskaware_top5|GCF_000807395.2|NZ_CP010361.1:1562332-1564989:-|gene=rcsD|product=phosphotransferase_RcsD|record=512,mcr1,mcr1_riskaware_top5,GCF_000807395.2,data_cas_offinder/expanded_panel/genomes/GCF_000807395.2_genomic.fna,NZ_CP010361.1,1562332,1564989,-,2658,rcsD,phosphotransferase RcsD,False,DB_refined_mobile_or_plasmid_related
mcr1|mcr1_riskaware_top5|GCF_000807395.2|NZ_CP010361.1:1656136-1657245:+|gene=apbC|product=iron-sulfur_cluster_carrier_protein_ApbC|record=513,mcr1,mcr1_riskaware_top5,GCF_000807395.2,data_cas_offinder/expanded_panel/genomes/GCF_000807395.2_genomic.fna,NZ_CP010361.1,1656136,1657245,+,1110,apbC,iron-sulfur cluster carrier protein ApbC,True,DB_refined_AMR_or_resistance_related
mcr1|mcr1_riskaware_top5|GCF_000807395.2|NZ_CP010361.1:1694400-1697522:-|gene=nan|product=MdtB/MuxB_family_multidrug_efflux_RND_transporter_permease_subunit|record=514,mcr1,mcr1_riskaware_top5,GCF_000807395.2,data_cas_offinder/expanded_panel/genomes/GCF_000807395.2_genomic.fna,NZ_CP010361.1,1694400,1697522,-,3123,,MdtB/MuxB family multidrug efflux RND transporter permease subunit,True,DB_refined_AMR_or_resistance_related
mcr1|mcr1_riskaware_top5|GCF_000807395.2|NZ_CP010361.1:2052979-2053863:+|gene=ntrB|product=nitrate_ABC_transporter_permease|record=515,mcr1,mcr1_riskaware_top5,GCF_000807395.2,data_cas_offinder/expanded_panel/genomes/GCF_000807395.2_genomic.fna,NZ_CP010361.1,2052979,2053863,+,885,ntrB,nitrate ABC transporter permease,True,DB_refined_AMR_or_resistance_related
mcr1|mcr1_riskaware_top5|GCF_000807395.2|NZ_CP010361.1:2269131-2270090:-|gene=nan|product=ABC_transporter_permease|record=516,mcr1,mcr1_riskaware_top5,GCF_000807395.2,data_cas_offinder/expanded_panel/genomes/GCF_000807395.2_genomic.fna,NZ_CP010361.1,2269131,2270090,-,960,,ABC transporter permease,True,DB_refined_AMR_or_resistance_related
mcr1|mcr1_riskaware_top5|GCF_000807395.2|NZ_CP010361.1:2291157-2292323:+|gene=nan|product=MFS_transporter|record=517,mcr1,mcr1_riskaware_top5,GCF_000807395.2,data_cas_offinder/expanded_panel/genomes/GCF_000807395.2_genomic.fna,NZ_CP010361.1,2291157,2292323,+,1167,,MFS transporter,False,DB_refined_mobile_or_plasmid_related
mcr1|mcr1_riskaware_top5|GCF_000807395.2|NZ_CP010361.1:3636784-3637842:-|gene=modC|product=molybdenum_ABC_transporter_ATP-binding_protein_ModC|record=518,mcr1,mcr1_riskaware_top5,GCF_000807395.2,data_cas_offinder/expanded_panel/genomes/GCF_000807395.2_genomic.fna,NZ_CP010361.1,3636784,3637842,-,1059,modC,molybdenum ABC transporter ATP-binding protein ModC,False,DB_refined_mobile_or_plasmid_related
mcr1|mcr1_riskaware_top5|GCF_000807395.2|NZ_CP010361.1:3685784-3687463:+|gene=kdpA|product=potassium-transporting_ATPase_subunit_KdpA|record=519,mcr1,mcr1_riskaware_top5,GCF_000807395.2,data_cas_offinder/expanded_panel/genomes/GCF_000807395.2_genomic.fna,NZ_CP010361.1,3685784,3687463,+,1680,kdpA,potassium-transporting ATPase subunit KdpA,False,DB_refined_mobile_or_plasmid_related
mcr1|mcr1_riskaware_top5|GCF_000807395.2|NZ_CP010361.1:3724231-3725901:+|gene=nan|product=ShlB/FhaC/HecB_family_hemolysin_secretion/activation_protein|record=520,mcr1,mcr1_riskaware_top5,GCF_000807395.2,data_cas_offinder/expanded_panel/genomes/GCF_000807395.2_genomic.fna,NZ_CP010361.1,3724231,3725901,+,1671,,ShlB/FhaC/HecB family hemolysin secretion/activation protein,False,DB_refined_virulence_related
mcr1|mcr1_riskaware_top5|GCF_000807395.2|NZ_CP010361.1:3765163-3766152:+|gene=nan|product=ABC_transporter_permease|record=521,mcr1,mcr1_riskaware_top5,GCF_000807395.2,data_cas_offinder/expanded_panel/genomes/GCF_000807395.2_genomic.fna,NZ_CP010361.1,3765163,3766152,+,990,,ABC transporter permease,True,DB_refined_AMR_or_resistance_related
mcr1|mcr1_riskaware_top5|GCF_000807395.2|NZ_CP010361.1:3929792-3930814:-|gene=nan|product=ABC_transporter_permease|record=522,mcr1,mcr1_riskaware_top5,GCF_000807395.2,data_cas_offinder/expanded_panel/genomes/GCF_000807395.2_genomic.fna,NZ_CP010361.1,3929792,3930814,-,1023,,ABC transporter permease,True,DB_refined_AMR_or_resistance_related
mcr1|mcr1_riskaware_top5|GCF_000807395.2|NZ_CP010361.1:4020496-4022910:-|gene=nan|product=ABC_transporter_permease|record=523,mcr1,mcr1_riskaware_top5,GCF_000807395.2,data_cas_offinder/expanded_panel/genomes/GCF_000807395.2_genomic.fna,NZ_CP010361.1,4020496,4022910,-,2415,,ABC transporter permease,True,DB_refined_AMR_or_resistance_related
mcr1|mcr1_riskaware_top5|GCF_000807395.2|NZ_CP010361.1:4071065-4072372:-|gene=nan|product=sugar_ABC_transporter_permease|record=524,mcr1,mcr1_riskaware_top5,GCF_000807395.2,data_cas_offinder/expanded_panel/genomes/GCF_000807395.2_genomic.fna,NZ_CP010361.1,4071065,4072372,-,1308,,sugar ABC transporter permease,True,DB_refined_AMR_or_resistance_related
mcr1|mcr1_riskaware_top5|GCF_000807395.2|NZ_CP010361.1:4420706-4421911:+|gene=hofC|product=protein_transport_protein_HofC|record=525,mcr1,mcr1_riskaware_top5,GCF_000807395.2,data_cas_offinder/expanded_panel/genomes/GCF_000807395.2_genomic.fna,NZ_CP010361.1,4420706,4421911,+,1206,hofC,protein transport protein HofC,False,DB_refined_mobile_or_plasmid_related
mcr1|mcr1_riskaware_top5|GCF_000807395.2|NZ_CP010361.1:4441844-4443331:-|gene=murE|product=UDP-N-acetylmuramoyl-L-alanyl-D-glutamate--2%2C6-diaminopimelate_ligase|record=526,mcr1,mcr1_riskaware_top5,GCF_000807395.2,data_cas_offinder/expanded_panel/genomes/GCF_000807395.2_genomic.fna,NZ_CP010361.1,4441844,4443331,-,1488,murE,UDP-N-acetylmuramoyl-L-alanyl-D-glutamate--2%2C6-diaminopimelate ligase,False,DB_refined_essential_like
mcr1|mcr1_riskaware_top5|GCF_000807395.2|NZ_CP010361.1:4443318-4445084:-|gene=nan|product=peptidoglycan_glycosyltransferase_FtsI|record=527,mcr1,mcr1_riskaware_top5,GCF_000807395.2,data_cas_offinder/expanded_panel/genomes/GCF_000807395.2_genomic.fna,NZ_CP010361.1,4443318,4445084,-,1767,,peptidoglycan glycosyltransferase FtsI,False,DB_refined_essential_like
mcr1|mcr1_riskaware_top5|GCF_000807395.2|NZ_CP010361.1:4536755-4538059:-|gene=nan|product=MFS_transporter|record=528,mcr1,mcr1_riskaware_top5,GCF_000807395.2,data_cas_offinder/expanded_panel/genomes/GCF_000807395.2_genomic.fna,NZ_CP010361.1,4536755,4538059,-,1305,,MFS transporter,False,DB_refined_mobile_or_plasmid_related
mcr1|mcr1_riskaware_top5|GCF_000807395.2|NZ_CP010361.1:5030792-5032576:-|gene=aceK|product=bifunctional_isocitrate_dehydrogenase_kinase/phosphatase|record=529,mcr1,mcr1_riskaware_top5,GCF_000807395.2,data_cas_offinder/expanded_panel/genomes/GCF_000807395.2_genomic.fna,NZ_CP010361.1,5030792,5032576,-,1785,aceK,bifunctional isocitrate dehydrogenase kinase/phosphatase,False,DB_refined_mobile_or_plasmid_related
mcr1|mcr1_riskaware_top5|GCF_000807395.2|NZ_CP010361.1:5247977-5249242:-|gene=nan|product=MFS_transporter|record=530,mcr1,mcr1_riskaware_top5,GCF_000807395.2,data_cas_offinder/expanded_panel/genomes/GCF_000807395.2_genomic.fna,NZ_CP010361.1,5247977,5249242,-,1266,,MFS transporter,False,DB_refined_mobile_or_plasmid_related
mcr1|mcr1_riskaware_top5|GCF_000814145.2|NZ_CP010371.1:1242711-1243505:-|gene=potC|product=spermidine/putrescine_ABC_transporter_permease_PotC|record=531,mcr1,mcr1_riskaware_top5,GCF_000814145.2,data_cas_offinder/expanded_panel/genomes/GCF_000814145.2_genomic.fna,NZ_CP010371.1,1242711,1243505,-,795,potC,spermidine/putrescine ABC transporter permease PotC,True,DB_refined_AMR_or_resistance_related
mcr1|mcr1_riskaware_top5|GCF_000814145.2|NZ_CP010371.1:2048085-2050808:+|gene=nan|product=phage_tail_tape_measure_protein|record=532,mcr1,mcr1_riskaware_top5,GCF_000814145.2,data_cas_offinder/expanded_panel/genomes/GCF_000814145.2_genomic.fna,NZ_CP010371.1,2048085,2050808,+,2724,,phage tail tape measure protein,False,DB_refined_mobile_or_plasmid_related
mcr1|mcr1_riskaware_top5|GCF_000814145.2|NZ_CP010371.1:585286-587700:+|gene=ybbP|product=putative_ABC_transporter_permease_subunit_YbbP|record=533,mcr1,mcr1_riskaware_top5,GCF_000814145.2,data_cas_offinder/expanded_panel/genomes/GCF_000814145.2_genomic.fna,NZ_CP010371.1,585286,587700,+,2415,ybbP,putative ABC transporter permease subunit YbbP,True,DB_refined_AMR_or_resistance_related
mcr1|mcr1_riskaware_top5|GCF_000814145.2|NZ_CP010371.1:2675323-2676384:-|gene=yfgO|product=AI-2E_family_transporter|record=534,mcr1,mcr1_riskaware_top5,GCF_000814145.2,data_cas_offinder/expanded_panel/genomes/GCF_000814145.2_genomic.fna,NZ_CP010371.1,2675323,2676384,-,1062,yfgO,AI-2E family transporter,False,DB_refined_mobile_or_plasmid_related
mcr1|mcr1_riskaware_top5|GCF_000814145.2|NZ_CP010371.1:3742286-3743188:-|gene=dppC|product=dipeptide_ABC_transporter_permease_DppC|record=535,mcr1,mcr1_riskaware_top5,GCF_000814145.2,data_cas_offinder/expanded_panel/genomes/GCF_000814145.2_genomic.fna,NZ_CP010371.1,3742286,3743188,-,903,dppC,dipeptide ABC transporter permease DppC,True,DB_refined_AMR_or_resistance_related
mcr1|mcr1_riskaware_top5|GCF_000814145.2|NZ_CP010371.1:4641439-4641786:-|gene=tnpB|product=IS66_family_insertion_sequence_element_accessory_protein_TnpB|record=536,mcr1,mcr1_riskaware_top5,GCF_000814145.2,data_cas_offinder/expanded_panel/genomes/GCF_000814145.2_genomic.fna,NZ_CP010371.1,4641439,4641786,-,348,tnpB,IS66 family insertion sequence element accessory protein TnpB,True,DB_refined_AMR_or_resistance_related
mcr1|mcr1_riskaware_top5|GCF_000814305.1|NZ_CP010392.1:4939243-4940100:-|gene=nan|product=ABC_transporter_permease|record=537,mcr1,mcr1_riskaware_top5,GCF_000814305.1,data_cas_offinder/expanded_panel/genomes/GCF_000814305.1_genomic.fna,NZ_CP010392.1,4939243,4940100,-,858,,ABC transporter permease,True,DB_refined_AMR_or_resistance_related
mcr1|mcr1_riskaware_top5|GCF_000814305.1|NZ_CP010392.1:634559-635593:+|gene=lsrC|product=autoinducer_2_ABC_transporter_permease_LsrC|record=538,mcr1,mcr1_riskaware_top5,GCF_000814305.1,data_cas_offinder/expanded_panel/genomes/GCF_000814305.1_genomic.fna,NZ_CP010392.1,634559,635593,+,1035,lsrC,autoinducer 2 ABC transporter permease LsrC,True,DB_refined_AMR_or_resistance_related
mcr1|mcr1_riskaware_top5|GCF_000814305.1|NZ_CP010392.1:685396-688233:+|gene=glnE|product=bifunctional_[glutamate--ammonia_ligase]-adenylyl-L-tyrosine_phosphorylase/[glut|record=539,mcr1,mcr1_riskaware_top5,GCF_000814305.1,data_cas_offinder/expanded_panel/genomes/GCF_000814305.1_genomic.fna,NZ_CP010392.1,685396,688233,+,2838,glnE,bifunctional [glutamate--ammonia ligase]-adenylyl-L-tyrosine phosphorylase/[glutamate--ammonia-ligase] adenylyltransferase,False,DB_refined_essential_like
mcr1|mcr1_riskaware_top5|GCF_000814305.1|NZ_CP010392.1:1693185-1696307:-|gene=nan|product=MdtB/MuxB_family_multidrug_efflux_RND_transporter_permease_subunit|record=540,mcr1,mcr1_riskaware_top5,GCF_000814305.1,data_cas_offinder/expanded_panel/genomes/GCF_000814305.1_genomic.fna,NZ_CP010392.1,1693185,1696307,-,3123,,MdtB/MuxB family multidrug efflux RND transporter permease subunit,True,DB_refined_AMR_or_resistance_related
mcr1|mcr1_riskaware_top5|GCF_000814305.1|NZ_CP010392.1:5121189-5122319:-|gene=rffA|product=dTDP-4-amino-4%2C6-dideoxygalactose_transaminase|record=541,mcr1,mcr1_riskaware_top5,GCF_000814305.1,data_cas_offinder/expanded_panel/genomes/GCF_000814305.1_genomic.fna,NZ_CP010392.1,5121189,5122319,-,1131,rffA,dTDP-4-amino-4%2C6-dideoxygalactose transaminase,False,DB_refined_mobile_or_plasmid_related
mcr1|mcr1_riskaware_top5|GCF_000814305.1|NZ_CP010393.1:204440-204787:-|gene=tnpB|product=IS66_family_insertion_sequence_element_accessory_protein_TnpB|record=542,mcr1,mcr1_riskaware_top5,GCF_000814305.1,data_cas_offinder/expanded_panel/genomes/GCF_000814305.1_genomic.fna,NZ_CP010393.1,204440,204787,-,348,tnpB,IS66 family insertion sequence element accessory protein TnpB,True,DB_refined_AMR_or_resistance_related
mcr1|mcr1_riskaware_top5|GCF_000814305.1|NZ_CP010392.1:222716-223618:+|gene=dppC|product=dipeptide_ABC_transporter_permease_DppC|record=543,mcr1,mcr1_riskaware_top5,GCF_000814305.1,data_cas_offinder/expanded_panel/genomes/GCF_000814305.1_genomic.fna,NZ_CP010392.1,222716,223618,+,903,dppC,dipeptide ABC transporter permease DppC,True,DB_refined_AMR_or_resistance_related
mcr1|mcr1_riskaware_top5|GCF_000814305.1|NZ_CP010392.1:485510-486118:-|gene=msrQ|product=protein-methionine-sulfoxide_reductase_heme-binding_subunit_MsrQ|record=544,mcr1,mcr1_riskaware_top5,GCF_000814305.1,data_cas_offinder/expanded_panel/genomes/GCF_000814305.1_genomic.fna,NZ_CP010392.1,485510,486118,-,609,msrQ,protein-methionine-sulfoxide reductase heme-binding subunit MsrQ,True,DB_refined_AMR_or_resistance_related
mcr1|mcr1_riskaware_top5|GCF_000814305.1|NZ_CP010392.1:1103396-1104391:-|gene=nan|product=FecCD_family_ABC_transporter_permease|record=545,mcr1,mcr1_riskaware_top5,GCF_000814305.1,data_cas_offinder/expanded_panel/genomes/GCF_000814305.1_genomic.fna,NZ_CP010392.1,1103396,1104391,-,996,,FecCD family ABC transporter permease,True,DB_refined_AMR_or_resistance_related
mcr1|mcr1_riskaware_top5|GCF_000814305.1|NZ_CP010392.1:1374879-1375940:+|gene=nan|product=AI-2E_family_transporter|record=546,mcr1,mcr1_riskaware_top5,GCF_000814305.1,data_cas_offinder/expanded_panel/genomes/GCF_000814305.1_genomic.fna,NZ_CP010392.1,1374879,1375940,+,1062,,AI-2E family transporter,False,DB_refined_mobile_or_plasmid_related
mcr1|mcr1_riskaware_top5|GCF_000814305.1|NZ_CP010392.1:1523961-1525490:+|gene=nuoM|product=NADH-quinone_oxidoreductase_subunit_M|record=547,mcr1,mcr1_riskaware_top5,GCF_000814305.1,data_cas_offinder/expanded_panel/genomes/GCF_000814305.1_genomic.fna,NZ_CP010392.1,1523961,1525490,+,1530,nuoM,NADH-quinone oxidoreductase subunit M,False,DB_refined_essential_like
mcr1|mcr1_riskaware_top5|GCF_000814305.1|NZ_CP010392.1:1562157-1564814:-|gene=rcsD|product=phosphotransferase_RcsD|record=548,mcr1,mcr1_riskaware_top5,GCF_000814305.1,data_cas_offinder/expanded_panel/genomes/GCF_000814305.1_genomic.fna,NZ_CP010392.1,1562157,1564814,-,2658,rcsD,phosphotransferase RcsD,False,DB_refined_mobile_or_plasmid_related
mcr1|mcr1_riskaware_top5|GCF_000814305.1|NZ_CP010392.1:1655620-1656729:+|gene=apbC|product=iron-sulfur_cluster_carrier_protein_ApbC|record=549,mcr1,mcr1_riskaware_top5,GCF_000814305.1,data_cas_offinder/expanded_panel/genomes/GCF_000814305.1_genomic.fna,NZ_CP010392.1,1655620,1656729,+,1110,apbC,iron-sulfur cluster carrier protein ApbC,True,DB_refined_AMR_or_resistance_related
mcr1|mcr1_riskaware_top5|GCF_000814305.1|NZ_CP010392.1:2051049-2051933:+|gene=ntrB|product=nitrate_ABC_transporter_permease|record=550,mcr1,mcr1_riskaware_top5,GCF_000814305.1,data_cas_offinder/expanded_panel/genomes/GCF_000814305.1_genomic.fna,NZ_CP010392.1,2051049,2051933,+,885,ntrB,nitrate ABC transporter permease,True,DB_refined_AMR_or_resistance_related
mcr1|mcr1_riskaware_top5|GCF_000814305.1|NZ_CP010392.1:2260441-2261400:-|gene=nan|product=ABC_transporter_permease|record=551,mcr1,mcr1_riskaware_top5,GCF_000814305.1,data_cas_offinder/expanded_panel/genomes/GCF_000814305.1_genomic.fna,NZ_CP010392.1,2260441,2261400,-,960,,ABC transporter permease,True,DB_refined_AMR_or_resistance_related
mcr1|mcr1_riskaware_top5|GCF_000814305.1|NZ_CP010392.1:2283667-2284833:+|gene=nan|product=MFS_transporter|record=552,mcr1,mcr1_riskaware_top5,GCF_000814305.1,data_cas_offinder/expanded_panel/genomes/GCF_000814305.1_genomic.fna,NZ_CP010392.1,2283667,2284833,+,1167,,MFS transporter,False,DB_refined_mobile_or_plasmid_related
mcr1|mcr1_riskaware_top5|GCF_000814305.1|NZ_CP010392.1:3614450-3615508:-|gene=modC|product=molybdenum_ABC_transporter_ATP-binding_protein_ModC|record=553,mcr1,mcr1_riskaware_top5,GCF_000814305.1,data_cas_offinder/expanded_panel/genomes/GCF_000814305.1_genomic.fna,NZ_CP010392.1,3614450,3615508,-,1059,modC,molybdenum ABC transporter ATP-binding protein ModC,False,DB_refined_mobile_or_plasmid_related
mcr1|mcr1_riskaware_top5|GCF_000814305.1|NZ_CP010392.1:3663450-3665129:+|gene=kdpA|product=potassium-transporting_ATPase_subunit_KdpA|record=554,mcr1,mcr1_riskaware_top5,GCF_000814305.1,data_cas_offinder/expanded_panel/genomes/GCF_000814305.1_genomic.fna,NZ_CP010392.1,3663450,3665129,+,1680,kdpA,potassium-transporting ATPase subunit KdpA,False,DB_refined_mobile_or_plasmid_related
mcr1|mcr1_riskaware_top5|GCF_000814305.1|NZ_CP010392.1:3701897-3703567:+|gene=nan|product=ShlB/FhaC/HecB_family_hemolysin_secretion/activation_protein|record=555,mcr1,mcr1_riskaware_top5,GCF_000814305.1,data_cas_offinder/expanded_panel/genomes/GCF_000814305.1_genomic.fna,NZ_CP010392.1,3701897,3703567,+,1671,,ShlB/FhaC/HecB family hemolysin secretion/activation protein,False,DB_refined_virulence_related
mcr1|mcr1_riskaware_top5|GCF_000814305.1|NZ_CP010392.1:3742830-3743819:+|gene=nan|product=ABC_transporter_permease|record=556,mcr1,mcr1_riskaware_top5,GCF_000814305.1,data_cas_offinder/expanded_panel/genomes/GCF_000814305.1_genomic.fna,NZ_CP010392.1,3742830,3743819,+,990,,ABC transporter permease,True,DB_refined_AMR_or_resistance_related
mcr1|mcr1_riskaware_top5|GCF_000814305.1|NZ_CP010392.1:3908653-3909675:-|gene=nan|product=ABC_transporter_permease|record=557,mcr1,mcr1_riskaware_top5,GCF_000814305.1,data_cas_offinder/expanded_panel/genomes/GCF_000814305.1_genomic.fna,NZ_CP010392.1,3908653,3909675,-,1023,,ABC transporter permease,True,DB_refined_AMR_or_resistance_related
mcr1|mcr1_riskaware_top5|GCF_000814305.1|NZ_CP010392.1:3999358-4001772:-|gene=ybbP|product=putative_ABC_transporter_permease_subunit_YbbP|record=558,mcr1,mcr1_riskaware_top5,GCF_000814305.1,data_cas_offinder/expanded_panel/genomes/GCF_000814305.1_genomic.fna,NZ_CP010392.1,3999358,4001772,-,2415,ybbP,putative ABC transporter permease subunit YbbP,True,DB_refined_AMR_or_resistance_related
mcr1|mcr1_riskaware_top5|GCF_000814305.1|NZ_CP010392.1:4049927-4051234:-|gene=nan|product=carbohydrate_ABC_transporter_permease|record=559,mcr1,mcr1_riskaware_top5,GCF_000814305.1,data_cas_offinder/expanded_panel/genomes/GCF_000814305.1_genomic.fna,NZ_CP010392.1,4049927,4051234,-,1308,,carbohydrate ABC transporter permease,True,DB_refined_AMR_or_resistance_related
mcr1|mcr1_riskaware_top5|GCF_000814305.1|NZ_CP010392.1:4399636-4400841:+|gene=hofC|product=protein_transport_protein_HofC|record=560,mcr1,mcr1_riskaware_top5,GCF_000814305.1,data_cas_offinder/expanded_panel/genomes/GCF_000814305.1_genomic.fna,NZ_CP010392.1,4399636,4400841,+,1206,hofC,protein transport protein HofC,False,DB_refined_mobile_or_plasmid_related
mcr1|mcr1_riskaware_top5|GCF_000814305.1|NZ_CP010392.1:4420774-4422261:-|gene=murE|product=UDP-N-acetylmuramoyl-L-alanyl-D-glutamate--2%2C6-diaminopimelate_ligase|record=561,mcr1,mcr1_riskaware_top5,GCF_000814305.1,data_cas_offinder/expanded_panel/genomes/GCF_000814305.1_genomic.fna,NZ_CP010392.1,4420774,4422261,-,1488,murE,UDP-N-acetylmuramoyl-L-alanyl-D-glutamate--2%2C6-diaminopimelate ligase,False,DB_refined_essential_like
mcr1|mcr1_riskaware_top5|GCF_000814305.1|NZ_CP010392.1:4422248-4424014:-|gene=nan|product=peptidoglycan_glycosyltransferase_FtsI|record=562,mcr1,mcr1_riskaware_top5,GCF_000814305.1,data_cas_offinder/expanded_panel/genomes/GCF_000814305.1_genomic.fna,NZ_CP010392.1,4422248,4424014,-,1767,,peptidoglycan glycosyltransferase FtsI,False,DB_refined_essential_like
mcr1|mcr1_riskaware_top5|GCF_000814305.1|NZ_CP010392.1:4515685-4516989:-|gene=nan|product=MFS_transporter|record=563,mcr1,mcr1_riskaware_top5,GCF_000814305.1,data_cas_offinder/expanded_panel/genomes/GCF_000814305.1_genomic.fna,NZ_CP010392.1,4515685,4516989,-,1305,,MFS transporter,False,DB_refined_mobile_or_plasmid_related
mcr1|mcr1_riskaware_top5|GCF_000814305.1|NZ_CP010392.1:5009606-5011390:-|gene=aceK|product=bifunctional_isocitrate_dehydrogenase_kinase/phosphatase|record=564,mcr1,mcr1_riskaware_top5,GCF_000814305.1,data_cas_offinder/expanded_panel/genomes/GCF_000814305.1_genomic.fna,NZ_CP010392.1,5009606,5011390,-,1785,aceK,bifunctional isocitrate dehydrogenase kinase/phosphatase,False,DB_refined_mobile_or_plasmid_related
mcr1|mcr1_riskaware_top5|GCF_000814305.1|NZ_CP010392.1:5217121-5218386:-|gene=nan|product=MFS_transporter|record=565,mcr1,mcr1_riskaware_top5,GCF_000814305.1,data_cas_offinder/expanded_panel/genomes/GCF_000814305.1_genomic.fna,NZ_CP010392.1,5217121,5218386,-,1266,,MFS transporter,False,DB_refined_mobile_or_plasmid_related
mcr1|mcr1_riskaware_top5|GCF_000968155.1|NZ_FO834906.1:5292362-5293219:-|gene=nan|product=ABC_transporter_permease|record=566,mcr1,mcr1_riskaware_top5,GCF_000968155.1,data_cas_offinder/expanded_panel/genomes/GCF_000968155.1_genomic.fna,NZ_FO834906.1,5292362,5293219,-,858,,ABC transporter permease,True,DB_refined_AMR_or_resistance_related
mcr1|mcr1_riskaware_top5|GCF_000968155.1|NZ_FO834906.1:622431-623465:+|gene=lsrC|product=autoinducer_2_ABC_transporter_permease_LsrC|record=567,mcr1,mcr1_riskaware_top5,GCF_000968155.1,data_cas_offinder/expanded_panel/genomes/GCF_000968155.1_genomic.fna,NZ_FO834906.1,622431,623465,+,1035,lsrC,autoinducer 2 ABC transporter permease LsrC,True,DB_refined_AMR_or_resistance_related
mcr1|mcr1_riskaware_top5|GCF_000968155.1|NZ_FO834906.1:673260-676097:+|gene=glnE|product=bifunctional_[glutamate--ammonia_ligase]-adenylyl-L-tyrosine_phosphorylase/[glut|record=568,mcr1,mcr1_riskaware_top5,GCF_000968155.1,data_cas_offinder/expanded_panel/genomes/GCF_000968155.1_genomic.fna,NZ_FO834906.1,673260,676097,+,2838,glnE,bifunctional [glutamate--ammonia ligase]-adenylyl-L-tyrosine phosphorylase/[glutamate--ammonia-ligase] adenylyltransferase,False,DB_refined_essential_like
mcr1|mcr1_riskaware_top5|GCF_000968155.1|NZ_FO834906.1:4252472-4253533:-|gene=nan|product=AI-2E_family_transporter|record=569,mcr1,mcr1_riskaware_top5,GCF_000968155.1,data_cas_offinder/expanded_panel/genomes/GCF_000968155.1_genomic.fna,NZ_FO834906.1,4252472,4253533,-,1062,,AI-2E family transporter,False,DB_refined_mobile_or_plasmid_related
mcr1|mcr1_riskaware_top5|GCF_000968155.1|NZ_FO834906.1:4860998-4862128:-|gene=rffA|product=dTDP-4-amino-4%2C6-dideoxygalactose_transaminase|record=570,mcr1,mcr1_riskaware_top5,GCF_000968155.1,data_cas_offinder/expanded_panel/genomes/GCF_000968155.1_genomic.fna,NZ_FO834906.1,4860998,4862128,-,1131,rffA,dTDP-4-amino-4%2C6-dideoxygalactose transaminase,False,DB_refined_mobile_or_plasmid_related
mcr1|mcr1_riskaware_top5|GCF_000968155.1|NZ_FO834906.1:231935-232837:+|gene=dppC|product=dipeptide_ABC_transporter_permease_DppC|record=571,mcr1,mcr1_riskaware_top5,GCF_000968155.1,data_cas_offinder/expanded_panel/genomes/GCF_000968155.1_genomic.fna,NZ_FO834906.1,231935,232837,+,903,dppC,dipeptide ABC transporter permease DppC,True,DB_refined_AMR_or_resistance_related
mcr1|mcr1_riskaware_top5|GCF_000968155.1|NZ_FO834906.1:477766-478374:-|gene=msrQ|product=protein-methionine-sulfoxide_reductase_heme-binding_subunit_MsrQ|record=572,mcr1,mcr1_riskaware_top5,GCF_000968155.1,data_cas_offinder/expanded_panel/genomes/GCF_000968155.1_genomic.fna,NZ_FO834906.1,477766,478374,-,609,msrQ,protein-methionine-sulfoxide reductase heme-binding subunit MsrQ,True,DB_refined_AMR_or_resistance_related
mcr1|mcr1_riskaware_top5|GCF_000968155.1|NZ_FO834906.1:1072483-1073478:-|gene=nan|product=FecCD_family_ABC_transporter_permease|record=573,mcr1,mcr1_riskaware_top5,GCF_000968155.1,data_cas_offinder/expanded_panel/genomes/GCF_000968155.1_genomic.fna,NZ_FO834906.1,1072483,1073478,-,996,,FecCD family ABC transporter permease,True,DB_refined_AMR_or_resistance_related
mcr1|mcr1_riskaware_top5|GCF_000968155.1|NZ_FO834906.1:1445119-1446426:+|gene=nan|product=carbohydrate_ABC_transporter_permease|record=574,mcr1,mcr1_riskaware_top5,GCF_000968155.1,data_cas_offinder/expanded_panel/genomes/GCF_000968155.1_genomic.fna,NZ_FO834906.1,1445119,1446426,+,1308,,carbohydrate ABC transporter permease,True,DB_refined_AMR_or_resistance_related
mcr1|mcr1_riskaware_top5|GCF_000968155.1|NZ_FO834906.1:1494579-1496993:+|gene=ybbP|product=putative_ABC_transporter_permease_subunit_YbbP|record=575,mcr1,mcr1_riskaware_top5,GCF_000968155.1,data_cas_offinder/expanded_panel/genomes/GCF_000968155.1_genomic.fna,NZ_FO834906.1,1494579,1496993,+,2415,ybbP,putative ABC transporter permease subunit YbbP,True,DB_refined_AMR_or_resistance_related
mcr1|mcr1_riskaware_top5|GCF_000968155.1|NZ_FO834906.1:1597684-1598706:+|gene=nan|product=ABC_transporter_permease|record=576,mcr1,mcr1_riskaware_top5,GCF_000968155.1,data_cas_offinder/expanded_panel/genomes/GCF_000968155.1_genomic.fna,NZ_FO834906.1,1597684,1598706,+,1023,,ABC transporter permease,True,DB_refined_AMR_or_resistance_related
mcr1|mcr1_riskaware_top5|GCF_000968155.1|NZ_FO834906.1:1759705-1760694:-|gene=nan|product=ABC_transporter_permease|record=577,mcr1,mcr1_riskaware_top5,GCF_000968155.1,data_cas_offinder/expanded_panel/genomes/GCF_000968155.1_genomic.fna,NZ_FO834906.1,1759705,1760694,-,990,,ABC transporter permease,True,DB_refined_AMR_or_resistance_related
mcr1|mcr1_riskaware_top5|GCF_000968155.1|NZ_FO834906.1:1799957-1801627:-|gene=nan|product=ShlB/FhaC/HecB_family_hemolysin_secretion/activation_protein|record=578,mcr1,mcr1_riskaware_top5,GCF_000968155.1,data_cas_offinder/expanded_panel/genomes/GCF_000968155.1_genomic.fna,NZ_FO834906.1,1799957,1801627,-,1671,,ShlB/FhaC/HecB family hemolysin secretion/activation protein,False,DB_refined_virulence_related
mcr1|mcr1_riskaware_top5|GCF_000968155.1|NZ_FO834906.1:1838400-1840079:-|gene=kdpA|product=potassium-transporting_ATPase_subunit_KdpA|record=579,mcr1,mcr1_riskaware_top5,GCF_000968155.1,data_cas_offinder/expanded_panel/genomes/GCF_000968155.1_genomic.fna,NZ_FO834906.1,1838400,1840079,-,1680,kdpA,potassium-transporting ATPase subunit KdpA,False,DB_refined_mobile_or_plasmid_related
mcr1|mcr1_riskaware_top5|GCF_000968155.1|NZ_FO834906.1:1887746-1888804:+|gene=modC|product=molybdenum_ABC_transporter_ATP-binding_protein_ModC|record=580,mcr1,mcr1_riskaware_top5,GCF_000968155.1,data_cas_offinder/expanded_panel/genomes/GCF_000968155.1_genomic.fna,NZ_FO834906.1,1887746,1888804,+,1059,modC,molybdenum ABC transporter ATP-binding protein ModC,False,DB_refined_mobile_or_plasmid_related
mcr1|mcr1_riskaware_top5|GCF_000968155.1|NZ_FO834906.1:3100520-3102175:-|gene=nan|product=ABC_transporter_permease|record=581,mcr1,mcr1_riskaware_top5,GCF_000968155.1,data_cas_offinder/expanded_panel/genomes/GCF_000968155.1_genomic.fna,NZ_FO834906.1,3100520,3102175,-,1656,,ABC transporter permease,True,DB_refined_AMR_or_resistance_related
mcr1|mcr1_riskaware_top5|GCF_000968155.1|NZ_FO834906.1:3204076-3205242:-|gene=nan|product=MFS_transporter|record=582,mcr1,mcr1_riskaware_top5,GCF_000968155.1,data_cas_offinder/expanded_panel/genomes/GCF_000968155.1_genomic.fna,NZ_FO834906.1,3204076,3205242,-,1167,,MFS transporter,False,DB_refined_mobile_or_plasmid_related
mcr1|mcr1_riskaware_top5|GCF_000968155.1|NZ_FO834906.1:3228441-3229400:+|gene=nan|product=ABC_transporter_permease|record=583,mcr1,mcr1_riskaware_top5,GCF_000968155.1,data_cas_offinder/expanded_panel/genomes/GCF_000968155.1_genomic.fna,NZ_FO834906.1,3228441,3229400,+,960,,ABC transporter permease,True,DB_refined_AMR_or_resistance_related
mcr1|mcr1_riskaware_top5|GCF_000968155.1|NZ_FO834906.1:3455564-3456448:-|gene=ntrB|product=nitrate_ABC_transporter_permease|record=584,mcr1,mcr1_riskaware_top5,GCF_000968155.1,data_cas_offinder/expanded_panel/genomes/GCF_000968155.1_genomic.fna,NZ_FO834906.1,3455564,3456448,-,885,ntrB,nitrate ABC transporter permease,True,DB_refined_AMR_or_resistance_related
mcr1|mcr1_riskaware_top5|GCF_000968155.1|NZ_FO834906.1:3932593-3935715:+|gene=nan|product=MdtB/MuxB_family_multidrug_efflux_RND_transporter_permease_subunit|record=585,mcr1,mcr1_riskaware_top5,GCF_000968155.1,data_cas_offinder/expanded_panel/genomes/GCF_000968155.1_genomic.fna,NZ_FO834906.1,3932593,3935715,+,3123,,MdtB/MuxB family multidrug efflux RND transporter permease subunit,True,DB_refined_AMR_or_resistance_related
mcr1|mcr1_riskaware_top5|GCF_000968155.1|NZ_FO834906.1:3972869-3973978:-|gene=apbC|product=iron-sulfur_cluster_carrier_protein_ApbC|record=586,mcr1,mcr1_riskaware_top5,GCF_000968155.1,data_cas_offinder/expanded_panel/genomes/GCF_000968155.1_genomic.fna,NZ_FO834906.1,3972869,3973978,-,1110,apbC,iron-sulfur cluster carrier protein ApbC,True,DB_refined_AMR_or_resistance_related
mcr1|mcr1_riskaware_top5|GCF_000968155.1|NZ_FO834906.1:4063595-4066252:+|gene=rcsD|product=phosphotransferase_RcsD|record=587,mcr1,mcr1_riskaware_top5,GCF_000968155.1,data_cas_offinder/expanded_panel/genomes/GCF_000968155.1_genomic.fna,NZ_FO834906.1,4063595,4066252,+,2658,rcsD,phosphotransferase RcsD,False,DB_refined_mobile_or_plasmid_related
mcr1|mcr1_riskaware_top5|GCF_000968155.1|NZ_FO834906.1:4102917-4104446:-|gene=nuoM|product=NADH-quinone_oxidoreductase_subunit_M|record=588,mcr1,mcr1_riskaware_top5,GCF_000968155.1,data_cas_offinder/expanded_panel/genomes/GCF_000968155.1_genomic.fna,NZ_FO834906.1,4102917,4104446,-,1530,nuoM,NADH-quinone oxidoreductase subunit M,False,DB_refined_essential_like
mcr1|mcr1_riskaware_top5|GCF_000968155.1|NZ_FO834906.1:4491733-4492938:+|gene=hofC|product=protein_transport_protein_HofC|record=589,mcr1,mcr1_riskaware_top5,GCF_000968155.1,data_cas_offinder/expanded_panel/genomes/GCF_000968155.1_genomic.fna,NZ_FO834906.1,4491733,4492938,+,1206,hofC,protein transport protein HofC,False,DB_refined_mobile_or_plasmid_related
mcr1|mcr1_riskaware_top5|GCF_000968155.1|NZ_FO834906.1:4512871-4514358:-|gene=murE|product=UDP-N-acetylmuramoyl-L-alanyl-D-glutamate--2%2C6-diaminopimelate_ligase|record=590,mcr1,mcr1_riskaware_top5,GCF_000968155.1,data_cas_offinder/expanded_panel/genomes/GCF_000968155.1_genomic.fna,NZ_FO834906.1,4512871,4514358,-,1488,murE,UDP-N-acetylmuramoyl-L-alanyl-D-glutamate--2%2C6-diaminopimelate ligase,False,DB_refined_essential_like
mcr1|mcr1_riskaware_top5|GCF_000968155.1|NZ_FO834906.1:4514345-4516111:-|gene=nan|product=peptidoglycan_glycosyltransferase_FtsI|record=591,mcr1,mcr1_riskaware_top5,GCF_000968155.1,data_cas_offinder/expanded_panel/genomes/GCF_000968155.1_genomic.fna,NZ_FO834906.1,4514345,4516111,-,1767,,peptidoglycan glycosyltransferase FtsI,False,DB_refined_essential_like
mcr1|mcr1_riskaware_top5|GCF_000968155.1|NZ_FO834906.1:4607660-4608964:-|gene=nan|product=MFS_transporter|record=592,mcr1,mcr1_riskaware_top5,GCF_000968155.1,data_cas_offinder/expanded_panel/genomes/GCF_000968155.1_genomic.fna,NZ_FO834906.1,4607660,4608964,-,1305,,MFS transporter,False,DB_refined_mobile_or_plasmid_related
mcr1|mcr1_riskaware_top5|GCF_000968155.1|NZ_FO834906.1:4956778-4958043:-|gene=nan|product=MFS_transporter|record=593,mcr1,mcr1_riskaware_top5,GCF_000968155.1,data_cas_offinder/expanded_panel/genomes/GCF_000968155.1_genomic.fna,NZ_FO834906.1,4956778,4958043,-,1266,,MFS transporter,False,DB_refined_mobile_or_plasmid_related
mcr1|mcr1_riskaware_top5|GCF_000968155.1|NZ_FO834906.1:5362727-5364511:-|gene=aceK|product=bifunctional_isocitrate_dehydrogenase_kinase/phosphatase|record=594,mcr1,mcr1_riskaware_top5,GCF_000968155.1,data_cas_offinder/expanded_panel/genomes/GCF_000968155.1_genomic.fna,NZ_FO834906.1,5362727,5364511,-,1785,aceK,bifunctional isocitrate dehydrogenase kinase/phosphatase,False,DB_refined_mobile_or_plasmid_related
mcr1|mcr1_riskaware_top5|GCF_001022035.1|NZ_CP011578.1:3822465-3823322:+|gene=nan|product=ABC_transporter_permease|record=595,mcr1,mcr1_riskaware_top5,GCF_001022035.1,data_cas_offinder/expanded_panel/genomes/GCF_001022035.1_genomic.fna,NZ_CP011578.1,3822465,3823322,+,858,,ABC transporter permease,True,DB_refined_AMR_or_resistance_related
mcr1|mcr1_riskaware_top5|GCF_001022035.1|NZ_CP011578.1:1714083-1717205:+|gene=nan|product=MdtB/MuxB_family_multidrug_efflux_RND_transporter_permease_subunit|record=596,mcr1,mcr1_riskaware_top5,GCF_001022035.1,data_cas_offinder/expanded_panel/genomes/GCF_001022035.1_genomic.fna,NZ_CP011578.1,1714083,1717205,+,3123,,MdtB/MuxB family multidrug efflux RND transporter permease subunit,True,DB_refined_AMR_or_resistance_related
mcr1|mcr1_riskaware_top5|GCF_001022035.1|NZ_CP011578.1:2758454-2761291:-|gene=glnE|product=bifunctional_[glutamate--ammonia_ligase]-adenylyl-L-tyrosine_phosphorylase/[glut|record=597,mcr1,mcr1_riskaware_top5,GCF_001022035.1,data_cas_offinder/expanded_panel/genomes/GCF_001022035.1_genomic.fna,NZ_CP011578.1,2758454,2761291,-,2838,glnE,bifunctional [glutamate--ammonia ligase]-adenylyl-L-tyrosine phosphorylase/[glutamate--ammonia-ligase] adenylyltransferase,False,DB_refined_essential_like
mcr1|mcr1_riskaware_top5|GCF_001022035.1|NZ_CP011578.1:2812300-2813334:-|gene=lsrC|product=autoinducer_2_ABC_transporter_permease_LsrC|record=598,mcr1,mcr1_riskaware_top5,GCF_001022035.1,data_cas_offinder/expanded_panel/genomes/GCF_001022035.1_genomic.fna,NZ_CP011578.1,2812300,2813334,-,1035,lsrC,autoinducer 2 ABC transporter permease LsrC,True,DB_refined_AMR_or_resistance_related
mcr1|mcr1_riskaware_top5|GCF_001022035.1|NZ_CP011578.1:3640249-3641379:+|gene=rffA|product=dTDP-4-amino-4%2C6-dideoxygalactose_transaminase|record=599,mcr1,mcr1_riskaware_top5,GCF_001022035.1,data_cas_offinder/expanded_panel/genomes/GCF_001022035.1_genomic.fna,NZ_CP011578.1,3640249,3641379,+,1131,rffA,dTDP-4-amino-4%2C6-dideoxygalactose transaminase,False,DB_refined_mobile_or_plasmid_related
mcr1|mcr1_riskaware_top5|GCF_001022035.1|NZ_CP011578.1:1028513-1030168:-|gene=nan|product=ABC_transporter_permease|record=600,mcr1,mcr1_riskaware_top5,GCF_001022035.1,data_cas_offinder/expanded_panel/genomes/GCF_001022035.1_genomic.fna,NZ_CP011578.1,1028513,1030168,-,1656,,ABC transporter permease,True,DB_refined_AMR_or_resistance_related
mcr1|mcr1_riskaware_top5|GCF_001022035.1|NZ_CP011578.1:1138851-1140017:-|gene=nan|product=MFS_transporter|record=601,mcr1,mcr1_riskaware_top5,GCF_001022035.1,data_cas_offinder/expanded_panel/genomes/GCF_001022035.1_genomic.fna,NZ_CP011578.1,1138851,1140017,-,1167,,MFS transporter,False,DB_refined_mobile_or_plasmid_related
mcr1|mcr1_riskaware_top5|GCF_001022035.1|NZ_CP011578.1:1161138-1162097:+|gene=nan|product=ABC_transporter_permease|record=602,mcr1,mcr1_riskaware_top5,GCF_001022035.1,data_cas_offinder/expanded_panel/genomes/GCF_001022035.1_genomic.fna,NZ_CP011578.1,1161138,1162097,+,960,,ABC transporter permease,True,DB_refined_AMR_or_resistance_related
mcr1|mcr1_riskaware_top5|GCF_001022035.1|NZ_CP011578.1:1380691-1381575:-|gene=ntrB|product=nitrate_ABC_transporter_permease|record=603,mcr1,mcr1_riskaware_top5,GCF_001022035.1,data_cas_offinder/expanded_panel/genomes/GCF_001022035.1_genomic.fna,NZ_CP011578.1,1380691,1381575,-,885,ntrB,nitrate ABC transporter permease,True,DB_refined_AMR_or_resistance_related
mcr1|mcr1_riskaware_top5|GCF_001022035.1|NZ_CP011578.1:1754358-1755467:-|gene=apbC|product=iron-sulfur_cluster_carrier_protein_ApbC|record=604,mcr1,mcr1_riskaware_top5,GCF_001022035.1,data_cas_offinder/expanded_panel/genomes/GCF_001022035.1_genomic.fna,NZ_CP011578.1,1754358,1755467,-,1110,apbC,iron-sulfur cluster carrier protein ApbC,True,DB_refined_AMR_or_resistance_related
mcr1|mcr1_riskaware_top5|GCF_001022035.1|NZ_CP011578.1:1846525-1849182:+|gene=rcsD|product=phosphotransferase_RcsD|record=605,mcr1,mcr1_riskaware_top5,GCF_001022035.1,data_cas_offinder/expanded_panel/genomes/GCF_001022035.1_genomic.fna,NZ_CP011578.1,1846525,1849182,+,2658,rcsD,phosphotransferase RcsD,False,DB_refined_mobile_or_plasmid_related
mcr1|mcr1_riskaware_top5|GCF_001022035.1|NZ_CP011578.1:1885862-1887391:-|gene=nuoM|product=NADH-quinone_oxidoreductase_subunit_M|record=606,mcr1,mcr1_riskaware_top5,GCF_001022035.1,data_cas_offinder/expanded_panel/genomes/GCF_001022035.1_genomic.fna,NZ_CP011578.1,1885862,1887391,-,1530,nuoM,NADH-quinone oxidoreductase subunit M,False,DB_refined_essential_like
mcr1|mcr1_riskaware_top5|GCF_001022035.1|NZ_CP011578.1:2035412-2036473:-|gene=nan|product=AI-2E_family_transporter|record=607,mcr1,mcr1_riskaware_top5,GCF_001022035.1,data_cas_offinder/expanded_panel/genomes/GCF_001022035.1_genomic.fna,NZ_CP011578.1,2035412,2036473,-,1062,,AI-2E family transporter,False,DB_refined_mobile_or_plasmid_related
mcr1|mcr1_riskaware_top5|GCF_001022035.1|NZ_CP011578.1:2343497-2344492:+|gene=nan|product=FecCD_family_ABC_transporter_permease|record=608,mcr1,mcr1_riskaware_top5,GCF_001022035.1,data_cas_offinder/expanded_panel/genomes/GCF_001022035.1_genomic.fna,NZ_CP011578.1,2343497,2344492,+,996,,FecCD family ABC transporter permease,True,DB_refined_AMR_or_resistance_related
mcr1|mcr1_riskaware_top5|GCF_001022035.1|NZ_CP011578.1:2961763-2962371:+|gene=msrQ|product=protein-methionine-sulfoxide_reductase_heme-binding_subunit_MsrQ|record=609,mcr1,mcr1_riskaware_top5,GCF_001022035.1,data_cas_offinder/expanded_panel/genomes/GCF_001022035.1_genomic.fna,NZ_CP011578.1,2961763,2962371,+,609,msrQ,protein-methionine-sulfoxide reductase heme-binding subunit MsrQ,True,DB_refined_AMR_or_resistance_related
mcr1|mcr1_riskaware_top5|GCF_001022035.1|NZ_CP011578.1:3223197-3224099:-|gene=dppC|product=dipeptide_ABC_transporter_permease_DppC|record=610,mcr1,mcr1_riskaware_top5,GCF_001022035.1,data_cas_offinder/expanded_panel/genomes/GCF_001022035.1_genomic.fna,NZ_CP011578.1,3223197,3224099,-,903,dppC,dipeptide ABC transporter permease DppC,True,DB_refined_AMR_or_resistance_related
mcr1|mcr1_riskaware_top5|GCF_001022035.1|NZ_CP011578.1:3543049-3544314:+|gene=nan|product=MFS_transporter|record=611,mcr1,mcr1_riskaware_top5,GCF_001022035.1,data_cas_offinder/expanded_panel/genomes/GCF_001022035.1_genomic.fna,NZ_CP011578.1,3543049,3544314,+,1266,,MFS transporter,False,DB_refined_mobile_or_plasmid_related
mcr1|mcr1_riskaware_top5|GCF_001022035.1|NZ_CP011578.1:3751175-3752959:+|gene=aceK|product=bifunctional_isocitrate_dehydrogenase_kinase/phosphatase|record=612,mcr1,mcr1_riskaware_top5,GCF_001022035.1,data_cas_offinder/expanded_panel/genomes/GCF_001022035.1_genomic.fna,NZ_CP011578.1,3751175,3752959,+,1785,aceK,bifunctional isocitrate dehydrogenase kinase/phosphatase,False,DB_refined_mobile_or_plasmid_related
mcr1|mcr1_riskaware_top5|GCF_001022035.1|NZ_CP011578.1:4241343-4242647:+|gene=nan|product=MFS_transporter|record=613,mcr1,mcr1_riskaware_top5,GCF_001022035.1,data_cas_offinder/expanded_panel/genomes/GCF_001022035.1_genomic.fna,NZ_CP011578.1,4241343,4242647,+,1305,,MFS transporter,False,DB_refined_mobile_or_plasmid_related
mcr1|mcr1_riskaware_top5|GCF_001022035.1|NZ_CP011578.1:4335624-4337390:+|gene=nan|product=peptidoglycan_glycosyltransferase_FtsI|record=614,mcr1,mcr1_riskaware_top5,GCF_001022035.1,data_cas_offinder/expanded_panel/genomes/GCF_001022035.1_genomic.fna,NZ_CP011578.1,4335624,4337390,+,1767,,peptidoglycan glycosyltransferase FtsI,False,DB_refined_essential_like
mcr1|mcr1_riskaware_top5|GCF_001022035.1|NZ_CP011578.1:4337377-4338864:+|gene=murE|product=UDP-N-acetylmuramoyl-L-alanyl-D-glutamate--2%2C6-diaminopimelate_ligase|record=615,mcr1,mcr1_riskaware_top5,GCF_001022035.1,data_cas_offinder/expanded_panel/genomes/GCF_001022035.1_genomic.fna,NZ_CP011578.1,4337377,4338864,+,1488,murE,UDP-N-acetylmuramoyl-L-alanyl-D-glutamate--2%2C6-diaminopimelate ligase,False,DB_refined_essential_like
mcr1|mcr1_riskaware_top5|GCF_001022035.1|NZ_CP011578.1:4360322-4361308:-|gene=hofC|product=protein_transport_protein_HofC|record=616,mcr1,mcr1_riskaware_top5,GCF_001022035.1,data_cas_offinder/expanded_panel/genomes/GCF_001022035.1_genomic.fna,NZ_CP011578.1,4360322,4361308,-,987,hofC,protein transport protein HofC,True,DB_refined_AMR_or_resistance_related
mcr1|mcr1_riskaware_top5|GCF_001022035.1|NZ_CP011578.1:4709724-4711031:+|gene=nan|product=carbohydrate_ABC_transporter_permease|record=617,mcr1,mcr1_riskaware_top5,GCF_001022035.1,data_cas_offinder/expanded_panel/genomes/GCF_001022035.1_genomic.fna,NZ_CP011578.1,4709724,4711031,+,1308,,carbohydrate ABC transporter permease,True,DB_refined_AMR_or_resistance_related
mcr1|mcr1_riskaware_top5|GCF_001022035.1|NZ_CP011578.1:4759186-4761600:+|gene=ybbP|product=putative_ABC_transporter_permease_subunit_YbbP|record=618,mcr1,mcr1_riskaware_top5,GCF_001022035.1,data_cas_offinder/expanded_panel/genomes/GCF_001022035.1_genomic.fna,NZ_CP011578.1,4759186,4761600,+,2415,ybbP,putative ABC transporter permease subunit YbbP,True,DB_refined_AMR_or_resistance_related
mcr1|mcr1_riskaware_top5|GCF_001022035.1|NZ_CP011578.1:4850501-4851523:+|gene=nan|product=ABC_transporter_permease|record=619,mcr1,mcr1_riskaware_top5,GCF_001022035.1,data_cas_offinder/expanded_panel/genomes/GCF_001022035.1_genomic.fna,NZ_CP011578.1,4850501,4851523,+,1023,,ABC transporter permease,True,DB_refined_AMR_or_resistance_related
mcr1|mcr1_riskaware_top5|GCF_001022035.1|NZ_CP011578.1:5025176-5026165:-|gene=nan|product=ABC_transporter_permease|record=620,mcr1,mcr1_riskaware_top5,GCF_001022035.1,data_cas_offinder/expanded_panel/genomes/GCF_001022035.1_genomic.fna,NZ_CP011578.1,5025176,5026165,-,990,,ABC transporter permease,True,DB_refined_AMR_or_resistance_related
mcr1|mcr1_riskaware_top5|GCF_001022035.1|NZ_CP011578.1:5065428-5067098:-|gene=nan|product=ShlB/FhaC/HecB_family_hemolysin_secretion/activation_protein|record=621,mcr1,mcr1_riskaware_top5,GCF_001022035.1,data_cas_offinder/expanded_panel/genomes/GCF_001022035.1_genomic.fna,NZ_CP011578.1,5065428,5067098,-,1671,,ShlB/FhaC/HecB family hemolysin secretion/activation protein,False,DB_refined_virulence_related
mcr1|mcr1_riskaware_top5|GCF_001022035.1|NZ_CP011578.1:5103866-5105545:-|gene=kdpA|product=potassium-transporting_ATPase_subunit_KdpA|record=622,mcr1,mcr1_riskaware_top5,GCF_001022035.1,data_cas_offinder/expanded_panel/genomes/GCF_001022035.1_genomic.fna,NZ_CP011578.1,5103866,5105545,-,1680,kdpA,potassium-transporting ATPase subunit KdpA,False,DB_refined_mobile_or_plasmid_related
mcr1|mcr1_riskaware_top5|GCF_001022035.1|NZ_CP011578.1:5153487-5154545:+|gene=modC|product=molybdenum_ABC_transporter_ATP-binding_protein_ModC|record=623,mcr1,mcr1_riskaware_top5,GCF_001022035.1,data_cas_offinder/expanded_panel/genomes/GCF_001022035.1_genomic.fna,NZ_CP011578.1,5153487,5154545,+,1059,modC,molybdenum ABC transporter ATP-binding protein ModC,False,DB_refined_mobile_or_plasmid_related
mcr1|mcr1_riskaware_top5|GCF_001022175.1|NZ_CP011624.1:1838105-1838962:-|gene=nan|product=ABC_transporter_permease|record=624,mcr1,mcr1_riskaware_top5,GCF_001022175.1,data_cas_offinder/expanded_panel/genomes/GCF_001022175.1_genomic.fna,NZ_CP011624.1,1838105,1838962,-,858,,ABC transporter permease,True,DB_refined_AMR_or_resistance_related
mcr1|mcr1_riskaware_top5|GCF_001022175.1|NZ_CP011624.1:2022374-2023504:-|gene=rffA|product=dTDP-4-amino-4%2C6-dideoxygalactose_transaminase|record=625,mcr1,mcr1_riskaware_top5,GCF_001022175.1,data_cas_offinder/expanded_panel/genomes/GCF_001022175.1_genomic.fna,NZ_CP011624.1,2022374,2023504,-,1131,rffA,dTDP-4-amino-4%2C6-dideoxygalactose transaminase,False,DB_refined_mobile_or_plasmid_related
mcr1|mcr1_riskaware_top5|GCF_001022175.1|NZ_CP011624.1:2838554-2839588:+|gene=lsrC|product=autoinducer_2_ABC_transporter_permease_LsrC|record=626,mcr1,mcr1_riskaware_top5,GCF_001022175.1,data_cas_offinder/expanded_panel/genomes/GCF_001022175.1_genomic.fna,NZ_CP011624.1,2838554,2839588,+,1035,lsrC,autoinducer 2 ABC transporter permease LsrC,True,DB_refined_AMR_or_resistance_related
mcr1|mcr1_riskaware_top5|GCF_001022175.1|NZ_CP011624.1:2925743-2928580:+|gene=glnE|product=bifunctional_[glutamate--ammonia_ligase]-adenylyl-L-tyrosine_phosphorylase/[glut|record=627,mcr1,mcr1_riskaware_top5,GCF_001022175.1,data_cas_offinder/expanded_panel/genomes/GCF_001022175.1_genomic.fna,NZ_CP011624.1,2925743,2928580,+,2838,glnE,bifunctional [glutamate--ammonia ligase]-adenylyl-L-tyrosine phosphorylase/[glutamate--ammonia-ligase] adenylyltransferase,False,DB_refined_essential_like
mcr1|mcr1_riskaware_top5|GCF_001022175.1|NZ_CP011624.1:3959038-3962160:-|gene=nan|product=MdtB/MuxB_family_multidrug_efflux_RND_transporter_permease_subunit|record=628,mcr1,mcr1_riskaware_top5,GCF_001022175.1,data_cas_offinder/expanded_panel/genomes/GCF_001022175.1_genomic.fna,NZ_CP011624.1,3959038,3962160,-,3123,,MdtB/MuxB family multidrug efflux RND transporter permease subunit,True,DB_refined_AMR_or_resistance_related
mcr1|mcr1_riskaware_top5|GCF_001022175.1|NZ_CP011624.1:544187-545245:-|gene=modC|product=molybdenum_ABC_transporter_ATP-binding_protein_ModC|record=629,mcr1,mcr1_riskaware_top5,GCF_001022175.1,data_cas_offinder/expanded_panel/genomes/GCF_001022175.1_genomic.fna,NZ_CP011624.1,544187,545245,-,1059,modC,molybdenum ABC transporter ATP-binding protein ModC,False,DB_refined_mobile_or_plasmid_related
mcr1|mcr1_riskaware_top5|GCF_001022175.1|NZ_CP011624.1:593190-594869:+|gene=kdpA|product=potassium-transporting_ATPase_subunit_KdpA|record=630,mcr1,mcr1_riskaware_top5,GCF_001022175.1,data_cas_offinder/expanded_panel/genomes/GCF_001022175.1_genomic.fna,NZ_CP011624.1,593190,594869,+,1680,kdpA,potassium-transporting ATPase subunit KdpA,False,DB_refined_mobile_or_plasmid_related
mcr1|mcr1_riskaware_top5|GCF_001022175.1|NZ_CP011624.1:631637-633307:+|gene=nan|product=ShlB/FhaC/HecB_family_hemolysin_secretion/activation_protein|record=631,mcr1,mcr1_riskaware_top5,GCF_001022175.1,data_cas_offinder/expanded_panel/genomes/GCF_001022175.1_genomic.fna,NZ_CP011624.1,631637,633307,+,1671,,ShlB/FhaC/HecB family hemolysin secretion/activation protein,False,DB_refined_virulence_related
mcr1|mcr1_riskaware_top5|GCF_001022175.1|NZ_CP011624.1:673770-674759:+|gene=nan|product=ABC_transporter_permease|record=632,mcr1,mcr1_riskaware_top5,GCF_001022175.1,data_cas_offinder/expanded_panel/genomes/GCF_001022175.1_genomic.fna,NZ_CP011624.1,673770,674759,+,990,,ABC transporter permease,True,DB_refined_AMR_or_resistance_related
mcr1|mcr1_riskaware_top5|GCF_001022175.1|NZ_CP011624.1:816805-817827:-|gene=nan|product=ABC_transporter_permease|record=633,mcr1,mcr1_riskaware_top5,GCF_001022175.1,data_cas_offinder/expanded_panel/genomes/GCF_001022175.1_genomic.fna,NZ_CP011624.1,816805,817827,-,1023,,ABC transporter permease,True,DB_refined_AMR_or_resistance_related
mcr1|mcr1_riskaware_top5|GCF_001022175.1|NZ_CP011624.1:957091-958398:-|gene=nan|product=carbohydrate_ABC_transporter_permease|record=634,mcr1,mcr1_riskaware_top5,GCF_001022175.1,data_cas_offinder/expanded_panel/genomes/GCF_001022175.1_genomic.fna,NZ_CP011624.1,957091,958398,-,1308,,carbohydrate ABC transporter permease,True,DB_refined_AMR_or_resistance_related
mcr1|mcr1_riskaware_top5|GCF_001022175.1|NZ_CP011624.1:1233870-1235027:-|gene=cdaR|product=DNA-binding_transcriptional_regulator_CdaR|record=635,mcr1,mcr1_riskaware_top5,GCF_001022175.1,data_cas_offinder/expanded_panel/genomes/GCF_001022175.1_genomic.fna,NZ_CP011624.1,1233870,1235027,-,1158,cdaR,DNA-binding transcriptional regulator CdaR,False,DB_refined_essential_like
mcr1|mcr1_riskaware_top5|GCF_001022175.1|NZ_CP011624.1:1316576-1317781:+|gene=hofC|product=protein_transport_protein_HofC|record=636,mcr1,mcr1_riskaware_top5,GCF_001022175.1,data_cas_offinder/expanded_panel/genomes/GCF_001022175.1_genomic.fna,NZ_CP011624.1,1316576,1317781,+,1206,hofC,protein transport protein HofC,False,DB_refined_mobile_or_plasmid_related
mcr1|mcr1_riskaware_top5|GCF_001022175.1|NZ_CP011624.1:1337714-1339201:-|gene=murE|product=UDP-N-acetylmuramoyl-L-alanyl-D-glutamate--2%2C6-diaminopimelate_ligase|record=637,mcr1,mcr1_riskaware_top5,GCF_001022175.1,data_cas_offinder/expanded_panel/genomes/GCF_001022175.1_genomic.fna,NZ_CP011624.1,1337714,1339201,-,1488,murE,UDP-N-acetylmuramoyl-L-alanyl-D-glutamate--2%2C6-diaminopimelate ligase,False,DB_refined_essential_like
mcr1|mcr1_riskaware_top5|GCF_001022175.1|NZ_CP011624.1:1339188-1340954:-|gene=nan|product=peptidoglycan_glycosyltransferase_FtsI|record=638,mcr1,mcr1_riskaware_top5,GCF_001022175.1,data_cas_offinder/expanded_panel/genomes/GCF_001022175.1_genomic.fna,NZ_CP011624.1,1339188,1340954,-,1767,,peptidoglycan glycosyltransferase FtsI,False,DB_refined_essential_like
mcr1|mcr1_riskaware_top5|GCF_001022175.1|NZ_CP011624.1:1432625-1433929:-|gene=nan|product=MFS_transporter|record=639,mcr1,mcr1_riskaware_top5,GCF_001022175.1,data_cas_offinder/expanded_panel/genomes/GCF_001022175.1_genomic.fna,NZ_CP011624.1,1432625,1433929,-,1305,,MFS transporter,False,DB_refined_mobile_or_plasmid_related
mcr1|mcr1_riskaware_top5|GCF_001022175.1|NZ_CP011624.1:1785775-1786146:-|gene=nan|product=plasmid_partitioning/stability_family_protein|record=640,mcr1,mcr1_riskaware_top5,GCF_001022175.1,data_cas_offinder/expanded_panel/genomes/GCF_001022175.1_genomic.fna,NZ_CP011624.1,1785775,1786146,-,372,,plasmid partitioning/stability family protein,False,DB_refined_mobile_or_plasmid_related
mcr1|mcr1_riskaware_top5|GCF_001022175.1|NZ_CP011624.1:1910756-1912540:-|gene=aceK|product=bifunctional_isocitrate_dehydrogenase_kinase/phosphatase|record=641,mcr1,mcr1_riskaware_top5,GCF_001022175.1,data_cas_offinder/expanded_panel/genomes/GCF_001022175.1_genomic.fna,NZ_CP011624.1,1910756,1912540,-,1785,aceK,bifunctional isocitrate dehydrogenase kinase/phosphatase,False,DB_refined_mobile_or_plasmid_related
mcr1|mcr1_riskaware_top5|GCF_001022175.1|NZ_CP011624.1:2118147-2119412:-|gene=nan|product=MFS_transporter|record=642,mcr1,mcr1_riskaware_top5,GCF_001022175.1,data_cas_offinder/expanded_panel/genomes/GCF_001022175.1_genomic.fna,NZ_CP011624.1,2118147,2119412,-,1266,,MFS transporter,False,DB_refined_mobile_or_plasmid_related
mcr1|mcr1_riskaware_top5|GCF_001022175.1|NZ_CP011624.1:2442460-2443362:+|gene=dppC|product=dipeptide_ABC_transporter_permease_DppC|record=643,mcr1,mcr1_riskaware_top5,GCF_001022175.1,data_cas_offinder/expanded_panel/genomes/GCF_001022175.1_genomic.fna,NZ_CP011624.1,2442460,2443362,+,903,dppC,dipeptide ABC transporter permease DppC,True,DB_refined_AMR_or_resistance_related
mcr1|mcr1_riskaware_top5|GCF_001022175.1|NZ_CP011624.1:2689514-2690122:-|gene=msrQ|product=protein-methionine-sulfoxide_reductase_heme-binding_subunit_MsrQ|record=644,mcr1,mcr1_riskaware_top5,GCF_001022175.1,data_cas_offinder/expanded_panel/genomes/GCF_001022175.1_genomic.fna,NZ_CP011624.1,2689514,2690122,-,609,msrQ,protein-methionine-sulfoxide reductase heme-binding subunit MsrQ,True,DB_refined_AMR_or_resistance_related
mcr1|mcr1_riskaware_top5|GCF_001022175.1|NZ_CP011624.1:3321655-3322650:-|gene=nan|product=FecCD_family_ABC_transporter_permease|record=645,mcr1,mcr1_riskaware_top5,GCF_001022175.1,data_cas_offinder/expanded_panel/genomes/GCF_001022175.1_genomic.fna,NZ_CP011624.1,3321655,3322650,-,996,,FecCD family ABC transporter permease,True,DB_refined_AMR_or_resistance_related
mcr1|mcr1_riskaware_top5|GCF_001022175.1|NZ_CP011624.1:3641198-3642259:+|gene=nan|product=AI-2E_family_transporter|record=646,mcr1,mcr1_riskaware_top5,GCF_001022175.1,data_cas_offinder/expanded_panel/genomes/GCF_001022175.1_genomic.fna,NZ_CP011624.1,3641198,3642259,+,1062,,AI-2E family transporter,False,DB_refined_mobile_or_plasmid_related
mcr1|mcr1_riskaware_top5|GCF_001022175.1|NZ_CP011624.1:3790282-3791811:+|gene=nuoM|product=NADH-quinone_oxidoreductase_subunit_M|record=647,mcr1,mcr1_riskaware_top5,GCF_001022175.1,data_cas_offinder/expanded_panel/genomes/GCF_001022175.1_genomic.fna,NZ_CP011624.1,3790282,3791811,+,1530,nuoM,NADH-quinone oxidoreductase subunit M,False,DB_refined_essential_like
mcr1|mcr1_riskaware_top5|GCF_001022175.1|NZ_CP011624.1:3828491-3831148:-|gene=rcsD|product=phosphotransferase_RcsD|record=648,mcr1,mcr1_riskaware_top5,GCF_001022175.1,data_cas_offinder/expanded_panel/genomes/GCF_001022175.1_genomic.fna,NZ_CP011624.1,3828491,3831148,-,2658,rcsD,phosphotransferase RcsD,False,DB_refined_mobile_or_plasmid_related
mcr1|mcr1_riskaware_top5|GCF_001022175.1|NZ_CP011624.1:3920776-3921885:+|gene=apbC|product=iron-sulfur_cluster_carrier_protein_ApbC|record=649,mcr1,mcr1_riskaware_top5,GCF_001022175.1,data_cas_offinder/expanded_panel/genomes/GCF_001022175.1_genomic.fna,NZ_CP011624.1,3920776,3921885,+,1110,apbC,iron-sulfur cluster carrier protein ApbC,True,DB_refined_AMR_or_resistance_related
mcr1|mcr1_riskaware_top5|GCF_001022175.1|NZ_CP011624.1:4318565-4319449:+|gene=ntrB|product=nitrate_ABC_transporter_permease|record=650,mcr1,mcr1_riskaware_top5,GCF_001022175.1,data_cas_offinder/expanded_panel/genomes/GCF_001022175.1_genomic.fna,NZ_CP011624.1,4318565,4319449,+,885,ntrB,nitrate ABC transporter permease,True,DB_refined_AMR_or_resistance_related
mcr1|mcr1_riskaware_top5|GCF_001022175.1|NZ_CP011624.1:4527491-4528450:-|gene=nan|product=ABC_transporter_permease|record=651,mcr1,mcr1_riskaware_top5,GCF_001022175.1,data_cas_offinder/expanded_panel/genomes/GCF_001022175.1_genomic.fna,NZ_CP011624.1,4527491,4528450,-,960,,ABC transporter permease,True,DB_refined_AMR_or_resistance_related
mcr1|mcr1_riskaware_top5|GCF_001022175.1|NZ_CP011624.1:4551530-4552696:+|gene=nan|product=MFS_transporter|record=652,mcr1,mcr1_riskaware_top5,GCF_001022175.1,data_cas_offinder/expanded_panel/genomes/GCF_001022175.1_genomic.fna,NZ_CP011624.1,4551530,4552696,+,1167,,MFS transporter,False,DB_refined_mobile_or_plasmid_related
mcr1|mcr1_riskaware_top5|GCF_001022175.1|NZ_CP011624.1:4661486-4663141:+|gene=nan|product=ABC_transporter_permease|record=653,mcr1,mcr1_riskaware_top5,GCF_001022175.1,data_cas_offinder/expanded_panel/genomes/GCF_001022175.1_genomic.fna,NZ_CP011624.1,4661486,4663141,+,1656,,ABC transporter permease,True,DB_refined_AMR_or_resistance_related
mcr1|mcr1_riskaware_top5|GCF_001022235.1|NZ_CP011647.1:1518663-1519520:+|gene=nan|product=ABC_transporter_permease|record=654,mcr1,mcr1_riskaware_top5,GCF_001022235.1,data_cas_offinder/expanded_panel/genomes/GCF_001022235.1_genomic.fna,NZ_CP011647.1,1518663,1519520,+,858,,ABC transporter permease,True,DB_refined_AMR_or_resistance_related
mcr1|mcr1_riskaware_top5|GCF_001022235.1|NZ_CP011647.1:454233-457070:-|gene=glnE|product=bifunctional_[glutamate--ammonia_ligase]-adenylyl-L-tyrosine_phosphorylase/[glut|record=655,mcr1,mcr1_riskaware_top5,GCF_001022235.1,data_cas_offinder/expanded_panel/genomes/GCF_001022235.1_genomic.fna,NZ_CP011647.1,454233,457070,-,2838,glnE,bifunctional [glutamate--ammonia ligase]-adenylyl-L-tyrosine phosphorylase/[glutamate--ammonia-ligase] adenylyltransferase,False,DB_refined_essential_like
mcr1|mcr1_riskaware_top5|GCF_001022235.1|NZ_CP011647.1:506879-507913:-|gene=lsrC|product=autoinducer_2_ABC_transporter_permease_LsrC|record=656,mcr1,mcr1_riskaware_top5,GCF_001022235.1,data_cas_offinder/expanded_panel/genomes/GCF_001022235.1_genomic.fna,NZ_CP011647.1,506879,507913,-,1035,lsrC,autoinducer 2 ABC transporter permease LsrC,True,DB_refined_AMR_or_resistance_related
mcr1|mcr1_riskaware_top5|GCF_001022235.1|NZ_CP011647.1:1336444-1337574:+|gene=rffA|product=dTDP-4-amino-4%2C6-dideoxygalactose_transaminase|record=657,mcr1,mcr1_riskaware_top5,GCF_001022235.1,data_cas_offinder/expanded_panel/genomes/GCF_001022235.1_genomic.fna,NZ_CP011647.1,1336444,1337574,+,1131,rffA,dTDP-4-amino-4%2C6-dideoxygalactose transaminase,False,DB_refined_mobile_or_plasmid_related
mcr1|mcr1_riskaware_top5|GCF_001022235.1|NZ_CP011647.1:38315-39310:+|gene=nan|product=FecCD_family_ABC_transporter_permease|record=658,mcr1,mcr1_riskaware_top5,GCF_001022235.1,data_cas_offinder/expanded_panel/genomes/GCF_001022235.1_genomic.fna,NZ_CP011647.1,38315,39310,+,996,,FecCD family ABC transporter permease,True,DB_refined_AMR_or_resistance_related
mcr1|mcr1_riskaware_top5|GCF_001022235.1|NZ_CP011647.1:657660-658268:+|gene=msrQ|product=protein-methionine-sulfoxide_reductase_heme-binding_subunit_MsrQ|record=659,mcr1,mcr1_riskaware_top5,GCF_001022235.1,data_cas_offinder/expanded_panel/genomes/GCF_001022235.1_genomic.fna,NZ_CP011647.1,657660,658268,+,609,msrQ,protein-methionine-sulfoxide reductase heme-binding subunit MsrQ,True,DB_refined_AMR_or_resistance_related
mcr1|mcr1_riskaware_top5|GCF_001022235.1|NZ_CP011647.1:920421-921323:-|gene=dppC|product=dipeptide_ABC_transporter_permease_DppC|record=660,mcr1,mcr1_riskaware_top5,GCF_001022235.1,data_cas_offinder/expanded_panel/genomes/GCF_001022235.1_genomic.fna,NZ_CP011647.1,920421,921323,-,903,dppC,dipeptide ABC transporter permease DppC,True,DB_refined_AMR_or_resistance_related
mcr1|mcr1_riskaware_top5|GCF_001022235.1|NZ_CP011647.1:1240441-1241706:+|gene=nan|product=MFS_transporter|record=661,mcr1,mcr1_riskaware_top5,GCF_001022235.1,data_cas_offinder/expanded_panel/genomes/GCF_001022235.1_genomic.fna,NZ_CP011647.1,1240441,1241706,+,1266,,MFS transporter,False,DB_refined_mobile_or_plasmid_related
mcr1|mcr1_riskaware_top5|GCF_001022235.1|NZ_CP011647.1:1447373-1449157:+|gene=aceK|product=bifunctional_isocitrate_dehydrogenase_kinase/phosphatase|record=662,mcr1,mcr1_riskaware_top5,GCF_001022235.1,data_cas_offinder/expanded_panel/genomes/GCF_001022235.1_genomic.fna,NZ_CP011647.1,1447373,1449157,+,1785,aceK,bifunctional isocitrate dehydrogenase kinase/phosphatase,False,DB_refined_mobile_or_plasmid_related
mcr1|mcr1_riskaware_top5|GCF_001022235.1|NZ_CP011647.1:1941517-1942821:+|gene=nan|product=MFS_transporter|record=663,mcr1,mcr1_riskaware_top5,GCF_001022235.1,data_cas_offinder/expanded_panel/genomes/GCF_001022235.1_genomic.fna,NZ_CP011647.1,1941517,1942821,+,1305,,MFS transporter,False,DB_refined_mobile_or_plasmid_related
mcr1|mcr1_riskaware_top5|GCF_001022235.1|NZ_CP011647.1:2034492-2036258:+|gene=nan|product=peptidoglycan_glycosyltransferase_FtsI|record=664,mcr1,mcr1_riskaware_top5,GCF_001022235.1,data_cas_offinder/expanded_panel/genomes/GCF_001022235.1_genomic.fna,NZ_CP011647.1,2034492,2036258,+,1767,,peptidoglycan glycosyltransferase FtsI,False,DB_refined_essential_like
mcr1|mcr1_riskaware_top5|GCF_001022235.1|NZ_CP011647.1:2036245-2037732:+|gene=murE|product=UDP-N-acetylmuramoyl-L-alanyl-D-glutamate--2%2C6-diaminopimelate_ligase|record=665,mcr1,mcr1_riskaware_top5,GCF_001022235.1,data_cas_offinder/expanded_panel/genomes/GCF_001022235.1_genomic.fna,NZ_CP011647.1,2036245,2037732,+,1488,murE,UDP-N-acetylmuramoyl-L-alanyl-D-glutamate--2%2C6-diaminopimelate ligase,False,DB_refined_essential_like
mcr1|mcr1_riskaware_top5|GCF_001022235.1|NZ_CP011647.1:2057665-2058870:-|gene=hofC|product=protein_transport_protein_HofC|record=666,mcr1,mcr1_riskaware_top5,GCF_001022235.1,data_cas_offinder/expanded_panel/genomes/GCF_001022235.1_genomic.fna,NZ_CP011647.1,2057665,2058870,-,1206,hofC,protein transport protein HofC,False,DB_refined_mobile_or_plasmid_related
mcr1|mcr1_riskaware_top5|GCF_001022235.1|NZ_CP011647.1:2407283-2408590:+|gene=nan|product=carbohydrate_ABC_transporter_permease|record=667,mcr1,mcr1_riskaware_top5,GCF_001022235.1,data_cas_offinder/expanded_panel/genomes/GCF_001022235.1_genomic.fna,NZ_CP011647.1,2407283,2408590,+,1308,,carbohydrate ABC transporter permease,True,DB_refined_AMR_or_resistance_related
mcr1|mcr1_riskaware_top5|GCF_001022235.1|NZ_CP011647.1:2456745-2459159:+|gene=ybbP|product=putative_ABC_transporter_permease_subunit_YbbP|record=668,mcr1,mcr1_riskaware_top5,GCF_001022235.1,data_cas_offinder/expanded_panel/genomes/GCF_001022235.1_genomic.fna,NZ_CP011647.1,2456745,2459159,+,2415,ybbP,putative ABC transporter permease subunit YbbP,True,DB_refined_AMR_or_resistance_related
mcr1|mcr1_riskaware_top5|GCF_001022235.1|NZ_CP011647.1:2550148-2551170:+|gene=nan|product=ABC_transporter_permease|record=669,mcr1,mcr1_riskaware_top5,GCF_001022235.1,data_cas_offinder/expanded_panel/genomes/GCF_001022235.1_genomic.fna,NZ_CP011647.1,2550148,2551170,+,1023,,ABC transporter permease,True,DB_refined_AMR_or_resistance_related
mcr1|mcr1_riskaware_top5|GCF_001022235.1|NZ_CP011647.1:2716488-2717477:-|gene=nan|product=ABC_transporter_permease|record=670,mcr1,mcr1_riskaware_top5,GCF_001022235.1,data_cas_offinder/expanded_panel/genomes/GCF_001022235.1_genomic.fna,NZ_CP011647.1,2716488,2717477,-,990,,ABC transporter permease,True,DB_refined_AMR_or_resistance_related
mcr1|mcr1_riskaware_top5|GCF_001022235.1|NZ_CP011647.1:2756740-2758410:-|gene=nan|product=ShlB/FhaC/HecB_family_hemolysin_secretion/activation_protein|record=671,mcr1,mcr1_riskaware_top5,GCF_001022235.1,data_cas_offinder/expanded_panel/genomes/GCF_001022235.1_genomic.fna,NZ_CP011647.1,2756740,2758410,-,1671,,ShlB/FhaC/HecB family hemolysin secretion/activation protein,False,DB_refined_virulence_related
mcr1|mcr1_riskaware_top5|GCF_001022235.1|NZ_CP011647.1:2795178-2796857:-|gene=kdpA|product=potassium-transporting_ATPase_subunit_KdpA|record=672,mcr1,mcr1_riskaware_top5,GCF_001022235.1,data_cas_offinder/expanded_panel/genomes/GCF_001022235.1_genomic.fna,NZ_CP011647.1,2795178,2796857,-,1680,kdpA,potassium-transporting ATPase subunit KdpA,False,DB_refined_mobile_or_plasmid_related
mcr1|mcr1_riskaware_top5|GCF_001022235.1|NZ_CP011647.1:2844799-2845857:+|gene=modC|product=molybdenum_ABC_transporter_ATP-binding_protein_ModC|record=673,mcr1,mcr1_riskaware_top5,GCF_001022235.1,data_cas_offinder/expanded_panel/genomes/GCF_001022235.1_genomic.fna,NZ_CP011647.1,2844799,2845857,+,1059,modC,molybdenum ABC transporter ATP-binding protein ModC,False,DB_refined_mobile_or_plasmid_related
mcr1|mcr1_riskaware_top5|GCF_001022235.1|NZ_CP011647.1:4142390-4143556:-|gene=nan|product=MFS_transporter|record=674,mcr1,mcr1_riskaware_top5,GCF_001022235.1,data_cas_offinder/expanded_panel/genomes/GCF_001022235.1_genomic.fna,NZ_CP011647.1,4142390,4143556,-,1167,,MFS transporter,False,DB_refined_mobile_or_plasmid_related
mcr1|mcr1_riskaware_top5|GCF_001022235.1|NZ_CP011647.1:4164623-4165582:+|gene=nan|product=ABC_transporter_permease|record=675,mcr1,mcr1_riskaware_top5,GCF_001022235.1,data_cas_offinder/expanded_panel/genomes/GCF_001022235.1_genomic.fna,NZ_CP011647.1,4164623,4165582,+,960,,ABC transporter permease,True,DB_refined_AMR_or_resistance_related
mcr1|mcr1_riskaware_top5|GCF_001022235.1|NZ_CP011647.1:4381901-4382785:-|gene=ntrB|product=nitrate_ABC_transporter_permease|record=676,mcr1,mcr1_riskaware_top5,GCF_001022235.1,data_cas_offinder/expanded_panel/genomes/GCF_001022235.1_genomic.fna,NZ_CP011647.1,4381901,4382785,-,885,ntrB,nitrate ABC transporter permease,True,DB_refined_AMR_or_resistance_related
mcr1|mcr1_riskaware_top5|GCF_001022235.1|NZ_CP011647.1:4808229-4811351:+|gene=nan|product=MdtB/MuxB_family_multidrug_efflux_RND_transporter_permease_subunit|record=677,mcr1,mcr1_riskaware_top5,GCF_001022235.1,data_cas_offinder/expanded_panel/genomes/GCF_001022235.1_genomic.fna,NZ_CP011647.1,4808229,4811351,+,3123,,MdtB/MuxB family multidrug efflux RND transporter permease subunit,True,DB_refined_AMR_or_resistance_related
mcr1|mcr1_riskaware_top5|GCF_001022235.1|NZ_CP011647.1:4848506-4849615:-|gene=apbC|product=iron-sulfur_cluster_carrier_protein_ApbC|record=678,mcr1,mcr1_riskaware_top5,GCF_001022235.1,data_cas_offinder/expanded_panel/genomes/GCF_001022235.1_genomic.fna,NZ_CP011647.1,4848506,4849615,-,1110,apbC,iron-sulfur cluster carrier protein ApbC,True,DB_refined_AMR_or_resistance_related
mcr1|mcr1_riskaware_top5|GCF_001022235.1|NZ_CP011647.1:4943329-4945986:+|gene=rcsD|product=phosphotransferase_RcsD|record=679,mcr1,mcr1_riskaware_top5,GCF_001022235.1,data_cas_offinder/expanded_panel/genomes/GCF_001022235.1_genomic.fna,NZ_CP011647.1,4943329,4945986,+,2658,rcsD,phosphotransferase RcsD,False,DB_refined_mobile_or_plasmid_related
mcr1|mcr1_riskaware_top5|GCF_001022235.1|NZ_CP011647.1:4982665-4984194:-|gene=nuoM|product=NADH-quinone_oxidoreductase_subunit_M|record=680,mcr1,mcr1_riskaware_top5,GCF_001022235.1,data_cas_offinder/expanded_panel/genomes/GCF_001022235.1_genomic.fna,NZ_CP011647.1,4982665,4984194,-,1530,nuoM,NADH-quinone oxidoreductase subunit M,False,DB_refined_essential_like
mcr1|mcr1_riskaware_top5|GCF_001022235.1|NZ_CP011647.1:5132215-5133276:-|gene=nan|product=AI-2E_family_transporter|record=681,mcr1,mcr1_riskaware_top5,GCF_001022235.1,data_cas_offinder/expanded_panel/genomes/GCF_001022235.1_genomic.fna,NZ_CP011647.1,5132215,5133276,-,1062,,AI-2E family transporter,False,DB_refined_mobile_or_plasmid_related
mecA|mecA_riskaware_top1|GCF_000364385.3|NZ_CP006659.2:338976-339833:+|gene=nan|product=ABC_transporter_permease|record=682,mecA,mecA_riskaware_top1,GCF_000364385.3,data_cas_offinder/expanded_panel/genomes/GCF_000364385.3_genomic.fna,NZ_CP006659.2,338976,339833,+,858,,ABC transporter permease,True,DB_refined_AMR_or_resistance_related
mecA|mecA_riskaware_top1|GCF_000364385.3|NZ_CP006659.2:656089-658833:-|gene=rbbA|product=ribosome-associated_ATPase/putative_transporter_RbbA|record=683,mecA,mecA_riskaware_top1,GCF_000364385.3,data_cas_offinder/expanded_panel/genomes/GCF_000364385.3_genomic.fna,NZ_CP006659.2,656089,658833,-,2745,rbbA,ribosome-associated ATPase/putative transporter RbbA,False,DB_refined_essential_like
mecA|mecA_riskaware_top1|GCF_000364385.3|NZ_CP006659.2:60866-62131:+|gene=nan|product=MFS_transporter|record=684,mecA,mecA_riskaware_top1,GCF_000364385.3,data_cas_offinder/expanded_panel/genomes/GCF_000364385.3_genomic.fna,NZ_CP006659.2,60866,62131,+,1266,,MFS transporter,False,DB_refined_mobile_or_plasmid_related
mecA|mecA_riskaware_top1|GCF_000364385.3|NZ_CP006659.2:329802-332225:+|gene=bamA|product=outer_membrane_protein_assembly_factor_BamA|record=685,mecA,mecA_riskaware_top1,GCF_000364385.3,data_cas_offinder/expanded_panel/genomes/GCF_000364385.3_genomic.fna,NZ_CP006659.2,329802,332225,+,2424,bamA,outer membrane protein assembly factor BamA,False,DB_refined_virulence_related
mecA|mecA_riskaware_top1|GCF_000364385.3|NZ_CP006659.2:343389-344057:+|gene=nan|product=glutathione_S-transferase_family_protein|record=686,mecA,mecA_riskaware_top1,GCF_000364385.3,data_cas_offinder/expanded_panel/genomes/GCF_000364385.3_genomic.fna,NZ_CP006659.2,343389,344057,+,669,,glutathione S-transferase family protein,False,DB_refined_mobile_or_plasmid_related
mecA|mecA_riskaware_top1|GCF_000364385.3|NZ_CP006659.2:736008-736796:-|gene=fhuF|product=siderophore-iron_reductase_FhuF|record=687,mecA,mecA_riskaware_top1,GCF_000364385.3,data_cas_offinder/expanded_panel/genomes/GCF_000364385.3_genomic.fna,NZ_CP006659.2,736008,736796,-,789,fhuF,siderophore-iron reductase FhuF,False,DB_refined_virulence_related
mecA|mecA_riskaware_top1|GCF_000364385.3|NZ_CP006659.2:770164-770850:+|gene=nan|product=tRNA/rRNA_methyltransferase|record=688,mecA,mecA_riskaware_top1,GCF_000364385.3,data_cas_offinder/expanded_panel/genomes/GCF_000364385.3_genomic.fna,NZ_CP006659.2,770164,770850,+,687,,tRNA/rRNA methyltransferase,False,DB_refined_mobile_or_plasmid_related
mecA|mecA_riskaware_top1|GCF_000364385.3|NZ_CP006659.2:844762-845607:+|gene=araC|product=arabinose_operon_transcriptional_regulator_AraC|record=689,mecA,mecA_riskaware_top1,GCF_000364385.3,data_cas_offinder/expanded_panel/genomes/GCF_000364385.3_genomic.fna,NZ_CP006659.2,844762,845607,+,846,araC,arabinose operon transcriptional regulator AraC,False,DB_refined_essential_like
mecA|mecA_riskaware_top1|GCF_000364385.3|NZ_CP006659.2:1227831-1229258:-|gene=nan|product=PLP-dependent_aminotransferase_family_protein|record=690,mecA,mecA_riskaware_top1,GCF_000364385.3,data_cas_offinder/expanded_panel/genomes/GCF_000364385.3_genomic.fna,NZ_CP006659.2,1227831,1229258,-,1428,,PLP-dependent aminotransferase family protein,False,DB_refined_mobile_or_plasmid_related
mecA|mecA_riskaware_top1|GCF_000364385.3|NZ_CP006659.2:1285375-1287789:+|gene=ybbP|product=putative_ABC_transporter_permease_subunit_YbbP|record=691,mecA,mecA_riskaware_top1,GCF_000364385.3,data_cas_offinder/expanded_panel/genomes/GCF_000364385.3_genomic.fna,NZ_CP006659.2,1285375,1287789,+,2415,ybbP,putative ABC transporter permease subunit YbbP,True,DB_refined_AMR_or_resistance_related
mecA|mecA_riskaware_top1|GCF_000364385.3|NZ_CP006659.2:1431951-1433378:-|gene=nan|product=MFS_transporter|record=692,mecA,mecA_riskaware_top1,GCF_000364385.3,data_cas_offinder/expanded_panel/genomes/GCF_000364385.3_genomic.fna,NZ_CP006659.2,1431951,1433378,-,1428,,MFS transporter,False,DB_refined_mobile_or_plasmid_related
mecA|mecA_riskaware_top1|GCF_000364385.3|NZ_CP006659.2:1449286-1452009:+|gene=nan|product=cation-transporting_P-type_ATPase|record=693,mecA,mecA_riskaware_top1,GCF_000364385.3,data_cas_offinder/expanded_panel/genomes/GCF_000364385.3_genomic.fna,NZ_CP006659.2,1449286,1452009,+,2724,,cation-transporting P-type ATPase,True,DB_refined_AMR_or_resistance_related
mecA|mecA_riskaware_top1|GCF_000364385.3|NZ_CP006659.2:1506539-1507531:-|gene=fepG|product=iron-enterobactin_ABC_transporter_permease|record=694,mecA,mecA_riskaware_top1,GCF_000364385.3,data_cas_offinder/expanded_panel/genomes/GCF_000364385.3_genomic.fna,NZ_CP006659.2,1506539,1507531,-,993,fepG,iron-enterobactin ABC transporter permease,True,DB_refined_AMR_or_resistance_related
mecA|mecA_riskaware_top1|GCF_000364385.3|NZ_CP006659.2:1622132-1623811:-|gene=kdpA|product=potassium-transporting_ATPase_subunit_KdpA|record=695,mecA,mecA_riskaware_top1,GCF_000364385.3,data_cas_offinder/expanded_panel/genomes/GCF_000364385.3_genomic.fna,NZ_CP006659.2,1622132,1623811,-,1680,kdpA,potassium-transporting ATPase subunit KdpA,False,DB_refined_mobile_or_plasmid_related
mecA|mecA_riskaware_top1|GCF_000364385.3|NZ_CP006659.2:1832276-1833121:+|gene=potI|product=putrescine_ABC_transporter_permease_PotI|record=696,mecA,mecA_riskaware_top1,GCF_000364385.3,data_cas_offinder/expanded_panel/genomes/GCF_000364385.3_genomic.fna,NZ_CP006659.2,1832276,1833121,+,846,potI,putrescine ABC transporter permease PotI,True,DB_refined_AMR_or_resistance_related
mecA|mecA_riskaware_top1|GCF_000364385.3|NZ_CP006659.2:2050285-2052813:+|gene=mdoH|product=glucans_biosynthesis_glucosyltransferase_MdoH|record=697,mecA,mecA_riskaware_top1,GCF_000364385.3,data_cas_offinder/expanded_panel/genomes/GCF_000364385.3_genomic.fna,NZ_CP006659.2,2050285,2052813,+,2529,mdoH,glucans biosynthesis glucosyltransferase MdoH,False,DB_refined_mobile_or_plasmid_related
mecA|mecA_riskaware_top1|GCF_000364385.3|NZ_CP006659.2:3108854-3109408:-|gene=nan|product=DsbE_family_thiol:disulfide_interchange_protein|record=698,mecA,mecA_riskaware_top1,GCF_000364385.3,data_cas_offinder/expanded_panel/genomes/GCF_000364385.3_genomic.fna,NZ_CP006659.2,3108854,3109408,-,555,,DsbE family thiol:disulfide interchange protein,True,DB_refined_AMR_or_resistance_related
mecA|mecA_riskaware_top1|GCF_000364385.3|NZ_CP006659.2:3136505-3137482:-|gene=nan|product=ABC_transporter_substrate-binding_protein|record=699,mecA,mecA_riskaware_top1,GCF_000364385.3,data_cas_offinder/expanded_panel/genomes/GCF_000364385.3_genomic.fna,NZ_CP006659.2,3136505,3137482,-,978,,ABC transporter substrate-binding protein,False,DB_refined_mobile_or_plasmid_related
mecA|mecA_riskaware_top1|GCF_000364385.3|NZ_CP006659.2:3263818-3265596:+|gene=narX|product=nitrate/nitrite_two-component_system_sensor_histidine_kinase_NarX|record=700,mecA,mecA_riskaware_top1,GCF_000364385.3,data_cas_offinder/expanded_panel/genomes/GCF_000364385.3_genomic.fna,NZ_CP006659.2,3263818,3265596,+,1779,narX,nitrate/nitrite two-component system sensor histidine kinase NarX,True,DB_refined_AMR_or_resistance_related
mecA|mecA_riskaware_top1|GCF_000364385.3|NZ_CP006659.2:3347104-3348435:-|gene=tdcC|product=threonine/serine_transporter_TdcC|record=701,mecA,mecA_riskaware_top1,GCF_000364385.3,data_cas_offinder/expanded_panel/genomes/GCF_000364385.3_genomic.fna,NZ_CP006659.2,3347104,3348435,-,1332,tdcC,threonine/serine transporter TdcC,False,DB_refined_mobile_or_plasmid_related
mecA|mecA_riskaware_top1|GCF_000364385.3|NZ_CP006659.2:3796669-3798198:-|gene=nuoM|product=NADH-quinone_oxidoreductase_subunit_M|record=702,mecA,mecA_riskaware_top1,GCF_000364385.3,data_cas_offinder/expanded_panel/genomes/GCF_000364385.3_genomic.fna,NZ_CP006659.2,3796669,3798198,-,1530,nuoM,NADH-quinone oxidoreductase subunit M,False,DB_refined_essential_like
mecA|mecA_riskaware_top1|GCF_000364385.3|NZ_CP006659.2:4051206-4052642:-|gene=nan|product=sugar_porter_family_MFS_transporter|record=703,mecA,mecA_riskaware_top1,GCF_000364385.3,data_cas_offinder/expanded_panel/genomes/GCF_000364385.3_genomic.fna,NZ_CP006659.2,4051206,4052642,-,1437,,sugar porter family MFS transporter,False,DB_refined_mobile_or_plasmid_related
mecA|mecA_riskaware_top1|GCF_000364385.3|NZ_CP006659.2:4214836-4215903:+|gene=proW|product=glycine_betaine/L-proline_ABC_transporter_permease_ProW|record=704,mecA,mecA_riskaware_top1,GCF_000364385.3,data_cas_offinder/expanded_panel/genomes/GCF_000364385.3_genomic.fna,NZ_CP006659.2,4214836,4215903,+,1068,proW,glycine betaine/L-proline ABC transporter permease ProW,True,DB_refined_AMR_or_resistance_related
mecA|mecA_riskaware_top1|GCF_000364385.3|NZ_CP006659.2:4294801-4295796:+|gene=nan|product=FecCD_family_ABC_transporter_permease|record=705,mecA,mecA_riskaware_top1,GCF_000364385.3,data_cas_offinder/expanded_panel/genomes/GCF_000364385.3_genomic.fna,NZ_CP006659.2,4294801,4295796,+,996,,FecCD family ABC transporter permease,True,DB_refined_AMR_or_resistance_related
mecA|mecA_riskaware_top1|GCF_000364385.3|NZ_CP006659.2:4393239-4394378:-|gene=cbiD|product=cobalt-precorrin-5B_(C(1))-methyltransferase_CbiD|record=706,mecA,mecA_riskaware_top1,GCF_000364385.3,data_cas_offinder/expanded_panel/genomes/GCF_000364385.3_genomic.fna,NZ_CP006659.2,4393239,4394378,-,1140,cbiD,cobalt-precorrin-5B (C(1))-methyltransferase CbiD,False,DB_refined_mobile_or_plasmid_related
mecA|mecA_riskaware_top1|GCF_000364385.3|NZ_CP006659.2:4583343-4584737:+|gene=nan|product=sugar_porter_family_MFS_transporter|record=707,mecA,mecA_riskaware_top1,GCF_000364385.3,data_cas_offinder/expanded_panel/genomes/GCF_000364385.3_genomic.fna,NZ_CP006659.2,4583343,4584737,+,1395,,sugar porter family MFS transporter,False,DB_refined_mobile_or_plasmid_related
mecA|mecA_riskaware_top1|GCF_000364385.3|NZ_CP006659.2:4723694-4725301:+|gene=nan|product=purine-cytosine_permease_family_protein|record=708,mecA,mecA_riskaware_top1,GCF_000364385.3,data_cas_offinder/expanded_panel/genomes/GCF_000364385.3_genomic.fna,NZ_CP006659.2,4723694,4725301,+,1608,,purine-cytosine permease family protein,True,DB_refined_AMR_or_resistance_related
mecA|mecA_riskaware_top1|GCF_000364385.3|NZ_CP006659.2:4761405-4762403:-|gene=lsrD|product=autoinducer_2_ABC_transporter_permease_LsrD|record=709,mecA,mecA_riskaware_top1,GCF_000364385.3,data_cas_offinder/expanded_panel/genomes/GCF_000364385.3_genomic.fna,NZ_CP006659.2,4761405,4762403,-,999,lsrD,autoinducer 2 ABC transporter permease LsrD,True,DB_refined_AMR_or_resistance_related
mecA|mecA_riskaware_top1|GCF_000364385.3|NZ_CP006659.2:4762404-4763438:-|gene=lsrC|product=autoinducer_2_ABC_transporter_permease_LsrC|record=710,mecA,mecA_riskaware_top1,GCF_000364385.3,data_cas_offinder/expanded_panel/genomes/GCF_000364385.3_genomic.fna,NZ_CP006659.2,4762404,4763438,-,1035,lsrC,autoinducer 2 ABC transporter permease LsrC,True,DB_refined_AMR_or_resistance_related
mecA|mecA_riskaware_top1|GCF_000364385.3|NZ_CP006659.2:5081302-5082546:-|gene=nan|product=aromatic_amino_acid_transport_family_protein|record=711,mecA,mecA_riskaware_top1,GCF_000364385.3,data_cas_offinder/expanded_panel/genomes/GCF_000364385.3_genomic.fna,NZ_CP006659.2,5081302,5082546,-,1245,,aromatic amino acid transport family protein,False,DB_refined_mobile_or_plasmid_related
mecA|mecA_riskaware_top1|GCF_000364385.3|NZ_CP006659.2:5173313-5174215:-|gene=dppC|product=dipeptide_ABC_transporter_permease_DppC|record=712,mecA,mecA_riskaware_top1,GCF_000364385.3,data_cas_offinder/expanded_panel/genomes/GCF_000364385.3_genomic.fna,NZ_CP006659.2,5173313,5174215,-,903,dppC,dipeptide ABC transporter permease DppC,True,DB_refined_AMR_or_resistance_related
mecA|mecA_riskaware_top1|GCF_000364385.3|NZ_CP006659.2:5250126-5251295:+|gene=nan|product=O-antigen_ligase_family_protein|record=713,mecA,mecA_riskaware_top1,GCF_000364385.3,data_cas_offinder/expanded_panel/genomes/GCF_000364385.3_genomic.fna,NZ_CP006659.2,5250126,5251295,+,1170,,O-antigen ligase family protein,False,DB_refined_essential_like
mecA|mecA_riskaware_top1|GCF_000364385.3|NZ_CP006659.2:5297384-5298775:+|gene=nan|product=nucleobase:cation_symporter-2_family_protein|record=714,mecA,mecA_riskaware_top1,GCF_000364385.3,data_cas_offinder/expanded_panel/genomes/GCF_000364385.3_genomic.fna,NZ_CP006659.2,5297384,5298775,+,1392,,nucleobase:cation symporter-2 family protein,True,DB_refined_AMR_or_resistance_related
mecA|mecA_riskaware_top1|GCF_000597845.1|NZ_CP007265.1:93623-94417:+|gene=potC|product=spermidine/putrescine_ABC_transporter_permease_PotC|record=715,mecA,mecA_riskaware_top1,GCF_000597845.1,data_cas_offinder/expanded_panel/genomes/GCF_000597845.1_genomic.fna,NZ_CP007265.1,93623,94417,+,795,potC,spermidine/putrescine ABC transporter permease PotC,True,DB_refined_AMR_or_resistance_related
mecA|mecA_riskaware_top1|GCF_000597845.1|NZ_CP007265.1:376926-377594:+|gene=artM|product=arginine_ABC_transporter_permease_ArtM|record=716,mecA,mecA_riskaware_top1,GCF_000597845.1,data_cas_offinder/expanded_panel/genomes/GCF_000597845.1_genomic.fna,NZ_CP007265.1,376926,377594,+,669,artM,arginine ABC transporter permease ArtM,True,DB_refined_AMR_or_resistance_related
mecA|mecA_riskaware_top1|GCF_000597845.1|NZ_CP007265.1:735506-737763:+|gene=nrfB|product=cyclic_di-3'%2C5'-guanylate-activated_glycosyltransferase_NrfB|record=717,mecA,mecA_riskaware_top1,GCF_000597845.1,data_cas_offinder/expanded_panel/genomes/GCF_000597845.1_genomic.fna,NZ_CP007265.1,735506,737763,+,2258,nrfB,cyclic di-3'%2C5'-guanylate-activated glycosyltransferase NrfB,False,DB_refined_mobile_or_plasmid_related
mecA|mecA_riskaware_top1|GCF_000597845.1|NZ_CP007265.1:1136220-1137077:-|gene=cdsA|product=phosphatidate_cytidylyltransferase|record=718,mecA,mecA_riskaware_top1,GCF_000597845.1,data_cas_offinder/expanded_panel/genomes/GCF_000597845.1_genomic.fna,NZ_CP007265.1,1136220,1137077,-,858,cdsA,phosphatidate cytidylyltransferase,False,DB_refined_mobile_or_plasmid_related
mecA|mecA_riskaware_top1|GCF_000597845.1|NZ_CP007265.1:1159310-1161292:-|gene=fhuB|product=Fe(3+)-hydroxamate_ABC_transporter_permease_FhuB|record=719,mecA,mecA_riskaware_top1,GCF_000597845.1,data_cas_offinder/expanded_panel/genomes/GCF_000597845.1_genomic.fna,NZ_CP007265.1,1159310,1161292,-,1983,fhuB,Fe(3+)-hydroxamate ABC transporter permease FhuB,True,DB_refined_AMR_or_resistance_related
mecA|mecA_riskaware_top1|GCF_000597845.1|NZ_CP007265.1:1201364-1203256:-|gene=aceF|product=pyruvate_dehydrogenase_complex_dihydrolipoyllysine-residue_acetyltransferase|record=720,mecA,mecA_riskaware_top1,GCF_000597845.1,data_cas_offinder/expanded_panel/genomes/GCF_000597845.1_genomic.fna,NZ_CP007265.1,1201364,1203256,-,1893,aceF,pyruvate dehydrogenase complex dihydrolipoyllysine-residue acetyltransferase,False,DB_refined_mobile_or_plasmid_related
mecA|mecA_riskaware_top1|GCF_000597845.1|NZ_CP007265.1:1933041-1934372:+|gene=tdcC|product=threonine/serine_transporter_TdcC|record=721,mecA,mecA_riskaware_top1,GCF_000597845.1,data_cas_offinder/expanded_panel/genomes/GCF_000597845.1_genomic.fna,NZ_CP007265.1,1933041,1934372,+,1332,tdcC,threonine/serine transporter TdcC,False,DB_refined_mobile_or_plasmid_related
mecA|mecA_riskaware_top1|GCF_000597845.1|NZ_CP007265.1:3074702-3076345:-|gene=yojI|product=microcin_J25_efflux_ABC_transporter_YojI|record=722,mecA,mecA_riskaware_top1,GCF_000597845.1,data_cas_offinder/expanded_panel/genomes/GCF_000597845.1_genomic.fna,NZ_CP007265.1,3074702,3076345,-,1644,yojI,microcin J25 efflux ABC transporter YojI,True,DB_refined_AMR_or_resistance_related
mecA|mecA_riskaware_top1|GCF_000597845.1|NZ_CP007265.1:3870929-3872098:+|gene=ydhP|product=MFS_transporter|record=723,mecA,mecA_riskaware_top1,GCF_000597845.1,data_cas_offinder/expanded_panel/genomes/GCF_000597845.1_genomic.fna,NZ_CP007265.1,3870929,3872098,+,1170,ydhP,MFS transporter,False,DB_refined_mobile_or_plasmid_related
mecA|mecA_riskaware_top1|GCF_000597845.1|NZ_CP007265.1:4454699-4455601:-|gene=dppC|product=dipeptide_ABC_transporter_permease_DppC|record=724,mecA,mecA_riskaware_top1,GCF_000597845.1,data_cas_offinder/expanded_panel/genomes/GCF_000597845.1_genomic.fna,NZ_CP007265.1,4454699,4455601,-,903,dppC,dipeptide ABC transporter permease DppC,True,DB_refined_AMR_or_resistance_related
mecA|mecA_riskaware_top1|GCF_000599625.1|NZ_CP007390.1:182544-183446:+|gene=dppC|product=dipeptide_ABC_transporter_permease_DppC|record=725,mecA,mecA_riskaware_top1,GCF_000599625.1,data_cas_offinder/expanded_panel/genomes/GCF_000599625.1_genomic.fna,NZ_CP007390.1,182544,183446,+,903,dppC,dipeptide ABC transporter permease DppC,True,DB_refined_AMR_or_resistance_related
mecA|mecA_riskaware_top1|GCF_000599625.1|NZ_CP007390.1:629215-630546:+|gene=tdcC|product=threonine/serine_transporter_TdcC|record=726,mecA,mecA_riskaware_top1,GCF_000599625.1,data_cas_offinder/expanded_panel/genomes/GCF_000599625.1_genomic.fna,NZ_CP007390.1,629215,630546,+,1332,tdcC,threonine/serine transporter TdcC,False,DB_refined_mobile_or_plasmid_related
mecA|mecA_riskaware_top1|GCF_000599625.1|NZ_CP007390.1:1596946-1598589:+|gene=yojI|product=microcin_J25_efflux_ABC_transporter_YojI|record=727,mecA,mecA_riskaware_top1,GCF_000599625.1,data_cas_offinder/expanded_panel/genomes/GCF_000599625.1_genomic.fna,NZ_CP007390.1,1596946,1598589,+,1644,yojI,microcin J25 efflux ABC transporter YojI,True,DB_refined_AMR_or_resistance_related
mecA|mecA_riskaware_top1|GCF_000599625.1|NZ_CP007390.1:2141159-2142328:+|gene=ydhP|product=MFS_transporter|record=728,mecA,mecA_riskaware_top1,GCF_000599625.1,data_cas_offinder/expanded_panel/genomes/GCF_000599625.1_genomic.fna,NZ_CP007390.1,2141159,2142328,+,1170,ydhP,MFS transporter,False,DB_refined_mobile_or_plasmid_related
mecA|mecA_riskaware_top1|GCF_000599625.1|NZ_CP007390.1:2665882-2666676:+|gene=potC|product=spermidine/putrescine_ABC_transporter_permease_PotC|record=729,mecA,mecA_riskaware_top1,GCF_000599625.1,data_cas_offinder/expanded_panel/genomes/GCF_000599625.1_genomic.fna,NZ_CP007390.1,2665882,2666676,+,795,potC,spermidine/putrescine ABC transporter permease PotC,True,DB_refined_AMR_or_resistance_related
mecA|mecA_riskaware_top1|GCF_000599625.1|NZ_CP007390.1:2949183-2949851:+|gene=artM|product=arginine_ABC_transporter_permease_ArtM|record=730,mecA,mecA_riskaware_top1,GCF_000599625.1,data_cas_offinder/expanded_panel/genomes/GCF_000599625.1_genomic.fna,NZ_CP007390.1,2949183,2949851,+,669,artM,arginine ABC transporter permease ArtM,True,DB_refined_AMR_or_resistance_related
mecA|mecA_riskaware_top1|GCF_000599625.1|NZ_CP007390.1:3309316-3311573:+|gene=nrfB|product=cyclic_di-3'%2C5'-guanylate-activated_glycosyltransferase_NrfB|record=731,mecA,mecA_riskaware_top1,GCF_000599625.1,data_cas_offinder/expanded_panel/genomes/GCF_000599625.1_genomic.fna,NZ_CP007390.1,3309316,3311573,+,2258,nrfB,cyclic di-3'%2C5'-guanylate-activated glycosyltransferase NrfB,False,DB_refined_mobile_or_plasmid_related
mecA|mecA_riskaware_top1|GCF_000599625.1|NZ_CP007390.1:3710030-3710887:-|gene=cdsA|product=phosphatidate_cytidylyltransferase|record=732,mecA,mecA_riskaware_top1,GCF_000599625.1,data_cas_offinder/expanded_panel/genomes/GCF_000599625.1_genomic.fna,NZ_CP007390.1,3710030,3710887,-,858,cdsA,phosphatidate cytidylyltransferase,False,DB_refined_mobile_or_plasmid_related
mecA|mecA_riskaware_top1|GCF_000599625.1|NZ_CP007390.1:3733120-3735102:-|gene=fhuB|product=Fe(3+)-hydroxamate_ABC_transporter_permease_FhuB|record=733,mecA,mecA_riskaware_top1,GCF_000599625.1,data_cas_offinder/expanded_panel/genomes/GCF_000599625.1_genomic.fna,NZ_CP007390.1,3733120,3735102,-,1983,fhuB,Fe(3+)-hydroxamate ABC transporter permease FhuB,True,DB_refined_AMR_or_resistance_related
mecA|mecA_riskaware_top1|GCF_000599625.1|NZ_CP007390.1:3775174-3777066:-|gene=aceF|product=pyruvate_dehydrogenase_complex_dihydrolipoyllysine-residue_acetyltransferase|record=734,mecA,mecA_riskaware_top1,GCF_000599625.1,data_cas_offinder/expanded_panel/genomes/GCF_000599625.1_genomic.fna,NZ_CP007390.1,3775174,3777066,-,1893,aceF,pyruvate dehydrogenase complex dihydrolipoyllysine-residue acetyltransferase,False,DB_refined_mobile_or_plasmid_related
mecA|mecA_riskaware_top1|GCF_000599645.1|NZ_CP007391.1:271183-272085:+|gene=dppC|product=dipeptide_ABC_transporter_permease_DppC|record=735,mecA,mecA_riskaware_top1,GCF_000599645.1,data_cas_offinder/expanded_panel/genomes/GCF_000599645.1_genomic.fna,NZ_CP007391.1,271183,272085,+,903,dppC,dipeptide ABC transporter permease DppC,True,DB_refined_AMR_or_resistance_related
mecA|mecA_riskaware_top1|GCF_000599645.1|NZ_CP007391.1:724098-725429:+|gene=tdcC|product=threonine/serine_transporter_TdcC|record=736,mecA,mecA_riskaware_top1,GCF_000599645.1,data_cas_offinder/expanded_panel/genomes/GCF_000599645.1_genomic.fna,NZ_CP007391.1,724098,725429,+,1332,tdcC,threonine/serine transporter TdcC,False,DB_refined_mobile_or_plasmid_related
mecA|mecA_riskaware_top1|GCF_000599645.1|NZ_CP007391.1:1691721-1693364:+|gene=yojI|product=microcin_J25_efflux_ABC_transporter_YojI|record=737,mecA,mecA_riskaware_top1,GCF_000599645.1,data_cas_offinder/expanded_panel/genomes/GCF_000599645.1_genomic.fna,NZ_CP007391.1,1691721,1693364,+,1644,yojI,microcin J25 efflux ABC transporter YojI,True,DB_refined_AMR_or_resistance_related
mecA|mecA_riskaware_top1|GCF_000599645.1|NZ_CP007391.1:2240947-2242116:+|gene=ydhP|product=MFS_transporter|record=738,mecA,mecA_riskaware_top1,GCF_000599645.1,data_cas_offinder/expanded_panel/genomes/GCF_000599645.1_genomic.fna,NZ_CP007391.1,2240947,2242116,+,1170,ydhP,MFS transporter,False,DB_refined_mobile_or_plasmid_related
mecA|mecA_riskaware_top1|GCF_000599645.1|NZ_CP007391.1:2766555-2767349:+|gene=potC|product=spermidine/putrescine_ABC_transporter_permease_PotC|record=739,mecA,mecA_riskaware_top1,GCF_000599645.1,data_cas_offinder/expanded_panel/genomes/GCF_000599645.1_genomic.fna,NZ_CP007391.1,2766555,2767349,+,795,potC,spermidine/putrescine ABC transporter permease PotC,True,DB_refined_AMR_or_resistance_related
mecA|mecA_riskaware_top1|GCF_000599645.1|NZ_CP007391.1:3049857-3050525:+|gene=artM|product=arginine_ABC_transporter_permease_ArtM|record=740,mecA,mecA_riskaware_top1,GCF_000599645.1,data_cas_offinder/expanded_panel/genomes/GCF_000599645.1_genomic.fna,NZ_CP007391.1,3049857,3050525,+,669,artM,arginine ABC transporter permease ArtM,True,DB_refined_AMR_or_resistance_related
mecA|mecA_riskaware_top1|GCF_000599645.1|NZ_CP007391.1:3408437-3410694:+|gene=nrfB|product=cyclic_di-3'%2C5'-guanylate-activated_glycosyltransferase_NrfB|record=741,mecA,mecA_riskaware_top1,GCF_000599645.1,data_cas_offinder/expanded_panel/genomes/GCF_000599645.1_genomic.fna,NZ_CP007391.1,3408437,3410694,+,2258,nrfB,cyclic di-3'%2C5'-guanylate-activated glycosyltransferase NrfB,False,DB_refined_mobile_or_plasmid_related
mecA|mecA_riskaware_top1|GCF_000599645.1|NZ_CP007391.1:3807249-3808106:-|gene=cdsA|product=phosphatidate_cytidylyltransferase|record=742,mecA,mecA_riskaware_top1,GCF_000599645.1,data_cas_offinder/expanded_panel/genomes/GCF_000599645.1_genomic.fna,NZ_CP007391.1,3807249,3808106,-,858,cdsA,phosphatidate cytidylyltransferase,False,DB_refined_mobile_or_plasmid_related
mecA|mecA_riskaware_top1|GCF_000599645.1|NZ_CP007391.1:3830339-3832321:-|gene=fhuB|product=Fe(3+)-hydroxamate_ABC_transporter_permease_FhuB|record=743,mecA,mecA_riskaware_top1,GCF_000599645.1,data_cas_offinder/expanded_panel/genomes/GCF_000599645.1_genomic.fna,NZ_CP007391.1,3830339,3832321,-,1983,fhuB,Fe(3+)-hydroxamate ABC transporter permease FhuB,True,DB_refined_AMR_or_resistance_related
mecA|mecA_riskaware_top1|GCF_000599645.1|NZ_CP007391.1:3872393-3874285:-|gene=aceF|product=pyruvate_dehydrogenase_complex_dihydrolipoyllysine-residue_acetyltransferase|record=744,mecA,mecA_riskaware_top1,GCF_000599645.1,data_cas_offinder/expanded_panel/genomes/GCF_000599645.1_genomic.fna,NZ_CP007391.1,3872393,3874285,-,1893,aceF,pyruvate dehydrogenase complex dihydrolipoyllysine-residue acetyltransferase,False,DB_refined_mobile_or_plasmid_related
mecA|mecA_riskaware_top1|GCF_000599665.1|NZ_CP007392.1:755494-757386:+|gene=aceF|product=pyruvate_dehydrogenase_complex_dihydrolipoyllysine-residue_acetyltransferase|record=745,mecA,mecA_riskaware_top1,GCF_000599665.1,data_cas_offinder/expanded_panel/genomes/GCF_000599665.1_genomic.fna,NZ_CP007392.1,755494,757386,+,1893,aceF,pyruvate dehydrogenase complex dihydrolipoyllysine-residue acetyltransferase,False,DB_refined_mobile_or_plasmid_related
mecA|mecA_riskaware_top1|GCF_000599665.1|NZ_CP007392.1:800578-802560:+|gene=fhuB|product=Fe(3+)-hydroxamate_ABC_transporter_permease_FhuB|record=746,mecA,mecA_riskaware_top1,GCF_000599665.1,data_cas_offinder/expanded_panel/genomes/GCF_000599665.1_genomic.fna,NZ_CP007392.1,800578,802560,+,1983,fhuB,Fe(3+)-hydroxamate ABC transporter permease FhuB,True,DB_refined_AMR_or_resistance_related
mecA|mecA_riskaware_top1|GCF_000599665.1|NZ_CP007392.1:823920-824777:+|gene=cdsA|product=phosphatidate_cytidylyltransferase|record=747,mecA,mecA_riskaware_top1,GCF_000599665.1,data_cas_offinder/expanded_panel/genomes/GCF_000599665.1_genomic.fna,NZ_CP007392.1,823920,824777,+,858,cdsA,phosphatidate cytidylyltransferase,False,DB_refined_mobile_or_plasmid_related
mecA|mecA_riskaware_top1|GCF_000599665.1|NZ_CP007392.1:875565-878348:-|gene=tssH|product=type_VI_secretion_system_ATPase_TssH|record=748,mecA,mecA_riskaware_top1,GCF_000599665.1,data_cas_offinder/expanded_panel/genomes/GCF_000599665.1_genomic.fna,NZ_CP007392.1,875565,878348,-,2784,tssH,type VI secretion system ATPase TssH,True,DB_refined_AMR_or_resistance_related
mecA|mecA_riskaware_top1|GCF_000599665.1|NZ_CP007392.1:1864370-1865164:-|gene=potC|product=spermidine/putrescine_ABC_transporter_permease_PotC|record=749,mecA,mecA_riskaware_top1,GCF_000599665.1,data_cas_offinder/expanded_panel/genomes/GCF_000599665.1_genomic.fna,NZ_CP007392.1,1864370,1865164,-,795,potC,spermidine/putrescine ABC transporter permease PotC,True,DB_refined_AMR_or_resistance_related
mecA|mecA_riskaware_top1|GCF_000599665.1|NZ_CP007392.1:2541818-2542987:-|gene=ydhP|product=MFS_transporter|record=750,mecA,mecA_riskaware_top1,GCF_000599665.1,data_cas_offinder/expanded_panel/genomes/GCF_000599665.1_genomic.fna,NZ_CP007392.1,2541818,2542987,-,1170,ydhP,MFS transporter,False,DB_refined_mobile_or_plasmid_related
mecA|mecA_riskaware_top1|GCF_000599665.1|NZ_CP007392.1:2927791-2929185:-|gene=wcaJ|product=undecaprenyl-phosphate_glucose_phosphotransferase|record=751,mecA,mecA_riskaware_top1,GCF_000599665.1,data_cas_offinder/expanded_panel/genomes/GCF_000599665.1_genomic.fna,NZ_CP007392.1,2927791,2929185,-,1395,wcaJ,undecaprenyl-phosphate glucose phosphotransferase,False,DB_refined_mobile_or_plasmid_related
mecA|mecA_riskaware_top1|GCF_000599665.1|NZ_CP007392.1:3150562-3152205:-|gene=yojI|product=microcin_J25_efflux_ABC_transporter_YojI|record=752,mecA,mecA_riskaware_top1,GCF_000599665.1,data_cas_offinder/expanded_panel/genomes/GCF_000599665.1_genomic.fna,NZ_CP007392.1,3150562,3152205,-,1644,yojI,microcin J25 efflux ABC transporter YojI,True,DB_refined_AMR_or_resistance_related
mecA|mecA_riskaware_top1|GCF_000599665.1|NZ_CP007392.1:4165696-4167027:-|gene=tdcC|product=threonine/serine_transporter_TdcC|record=753,mecA,mecA_riskaware_top1,GCF_000599665.1,data_cas_offinder/expanded_panel/genomes/GCF_000599665.1_genomic.fna,NZ_CP007392.1,4165696,4167027,-,1332,tdcC,threonine/serine transporter TdcC,False,DB_refined_mobile_or_plasmid_related
mecA|mecA_riskaware_top1|GCF_000599665.1|NZ_CP007392.1:4397294-4399429:+|gene=igaA|product=intracellular_growth_attenuator_protein_IgaA|record=754,mecA,mecA_riskaware_top1,GCF_000599665.1,data_cas_offinder/expanded_panel/genomes/GCF_000599665.1_genomic.fna,NZ_CP007392.1,4397294,4399429,+,2136,igaA,intracellular growth attenuator protein IgaA,False,DB_refined_mobile_or_plasmid_related
mecA|mecA_riskaware_top1|GCF_000599685.1|NZ_CP007393.1:763035-764927:+|gene=aceF|product=pyruvate_dehydrogenase_complex_dihydrolipoyllysine-residue_acetyltransferase|record=755,mecA,mecA_riskaware_top1,GCF_000599685.1,data_cas_offinder/expanded_panel/genomes/GCF_000599685.1_genomic.fna,NZ_CP007393.1,763035,764927,+,1893,aceF,pyruvate dehydrogenase complex dihydrolipoyllysine-residue acetyltransferase,False,DB_refined_mobile_or_plasmid_related
mecA|mecA_riskaware_top1|GCF_000599685.1|NZ_CP007393.1:808119-810101:+|gene=fhuB|product=Fe(3+)-hydroxamate_ABC_transporter_permease_FhuB|record=756,mecA,mecA_riskaware_top1,GCF_000599685.1,data_cas_offinder/expanded_panel/genomes/GCF_000599685.1_genomic.fna,NZ_CP007393.1,808119,810101,+,1983,fhuB,Fe(3+)-hydroxamate ABC transporter permease FhuB,True,DB_refined_AMR_or_resistance_related
mecA|mecA_riskaware_top1|GCF_000599685.1|NZ_CP007393.1:831462-832319:+|gene=cdsA|product=phosphatidate_cytidylyltransferase|record=757,mecA,mecA_riskaware_top1,GCF_000599685.1,data_cas_offinder/expanded_panel/genomes/GCF_000599685.1_genomic.fna,NZ_CP007393.1,831462,832319,+,858,cdsA,phosphatidate cytidylyltransferase,False,DB_refined_mobile_or_plasmid_related
mecA|mecA_riskaware_top1|GCF_000599685.1|NZ_CP007393.1:883106-885889:-|gene=tssH|product=type_VI_secretion_system_ATPase_TssH|record=758,mecA,mecA_riskaware_top1,GCF_000599685.1,data_cas_offinder/expanded_panel/genomes/GCF_000599685.1_genomic.fna,NZ_CP007393.1,883106,885889,-,2784,tssH,type VI secretion system ATPase TssH,True,DB_refined_AMR_or_resistance_related
mecA|mecA_riskaware_top1|GCF_000599685.1|NZ_CP007393.1:1872124-1872918:-|gene=potC|product=spermidine/putrescine_ABC_transporter_permease_PotC|record=759,mecA,mecA_riskaware_top1,GCF_000599685.1,data_cas_offinder/expanded_panel/genomes/GCF_000599685.1_genomic.fna,NZ_CP007393.1,1872124,1872918,-,795,potC,spermidine/putrescine ABC transporter permease PotC,True,DB_refined_AMR_or_resistance_related
mecA|mecA_riskaware_top1|GCF_000599685.1|NZ_CP007393.1:2534956-2536125:-|gene=ydhP|product=MFS_transporter|record=760,mecA,mecA_riskaware_top1,GCF_000599685.1,data_cas_offinder/expanded_panel/genomes/GCF_000599685.1_genomic.fna,NZ_CP007393.1,2534956,2536125,-,1170,ydhP,MFS transporter,False,DB_refined_mobile_or_plasmid_related
mecA|mecA_riskaware_top1|GCF_000599685.1|NZ_CP007393.1:2917864-2919258:-|gene=wcaJ|product=undecaprenyl-phosphate_glucose_phosphotransferase|record=761,mecA,mecA_riskaware_top1,GCF_000599685.1,data_cas_offinder/expanded_panel/genomes/GCF_000599685.1_genomic.fna,NZ_CP007393.1,2917864,2919258,-,1395,wcaJ,undecaprenyl-phosphate glucose phosphotransferase,False,DB_refined_mobile_or_plasmid_related
mecA|mecA_riskaware_top1|GCF_000599685.1|NZ_CP007393.1:3140349-3141992:-|gene=yojI|product=microcin_J25_efflux_ABC_transporter_YojI|record=762,mecA,mecA_riskaware_top1,GCF_000599685.1,data_cas_offinder/expanded_panel/genomes/GCF_000599685.1_genomic.fna,NZ_CP007393.1,3140349,3141992,-,1644,yojI,microcin J25 efflux ABC transporter YojI,True,DB_refined_AMR_or_resistance_related
mecA|mecA_riskaware_top1|GCF_000599685.1|NZ_CP007393.1:4158529-4159860:-|gene=tdcC|product=threonine/serine_transporter_TdcC|record=763,mecA,mecA_riskaware_top1,GCF_000599685.1,data_cas_offinder/expanded_panel/genomes/GCF_000599685.1_genomic.fna,NZ_CP007393.1,4158529,4159860,-,1332,tdcC,threonine/serine transporter TdcC,False,DB_refined_mobile_or_plasmid_related
mecA|mecA_riskaware_top1|GCF_000599685.1|NZ_CP007393.1:4390127-4392262:+|gene=igaA|product=intracellular_growth_attenuator_protein_IgaA|record=764,mecA,mecA_riskaware_top1,GCF_000599685.1,data_cas_offinder/expanded_panel/genomes/GCF_000599685.1_genomic.fna,NZ_CP007393.1,4390127,4392262,+,2136,igaA,intracellular growth attenuator protein IgaA,False,DB_refined_mobile_or_plasmid_related
mecA|mecA_riskaware_top1|GCF_000599705.1|NZ_CP007394.1:762620-764512:+|gene=aceF|product=pyruvate_dehydrogenase_complex_dihydrolipoyllysine-residue_acetyltransferase|record=765,mecA,mecA_riskaware_top1,GCF_000599705.1,data_cas_offinder/expanded_panel/genomes/GCF_000599705.1_genomic.fna,NZ_CP007394.1,762620,764512,+,1893,aceF,pyruvate dehydrogenase complex dihydrolipoyllysine-residue acetyltransferase,False,DB_refined_mobile_or_plasmid_related
mecA|mecA_riskaware_top1|GCF_000599705.1|NZ_CP007394.1:807703-809685:+|gene=fhuB|product=Fe(3+)-hydroxamate_ABC_transporter_permease_FhuB|record=766,mecA,mecA_riskaware_top1,GCF_000599705.1,data_cas_offinder/expanded_panel/genomes/GCF_000599705.1_genomic.fna,NZ_CP007394.1,807703,809685,+,1983,fhuB,Fe(3+)-hydroxamate ABC transporter permease FhuB,True,DB_refined_AMR_or_resistance_related
mecA|mecA_riskaware_top1|GCF_000599705.1|NZ_CP007394.1:831044-831901:+|gene=cdsA|product=phosphatidate_cytidylyltransferase|record=767,mecA,mecA_riskaware_top1,GCF_000599705.1,data_cas_offinder/expanded_panel/genomes/GCF_000599705.1_genomic.fna,NZ_CP007394.1,831044,831901,+,858,cdsA,phosphatidate cytidylyltransferase,False,DB_refined_mobile_or_plasmid_related
mecA|mecA_riskaware_top1|GCF_000599705.1|NZ_CP007394.1:884078-886861:-|gene=tssH|product=type_VI_secretion_system_ATPase_TssH|record=768,mecA,mecA_riskaware_top1,GCF_000599705.1,data_cas_offinder/expanded_panel/genomes/GCF_000599705.1_genomic.fna,NZ_CP007394.1,884078,886861,-,2784,tssH,type VI secretion system ATPase TssH,True,DB_refined_AMR_or_resistance_related
mecA|mecA_riskaware_top1|GCF_000599705.1|NZ_CP007394.1:1882079-1882873:-|gene=potC|product=spermidine/putrescine_ABC_transporter_permease_PotC|record=769,mecA,mecA_riskaware_top1,GCF_000599705.1,data_cas_offinder/expanded_panel/genomes/GCF_000599705.1_genomic.fna,NZ_CP007394.1,1882079,1882873,-,795,potC,spermidine/putrescine ABC transporter permease PotC,True,DB_refined_AMR_or_resistance_related
mecA|mecA_riskaware_top1|GCF_000599705.1|NZ_CP007394.1:2491225-2492394:-|gene=ydhP|product=MFS_transporter|record=770,mecA,mecA_riskaware_top1,GCF_000599705.1,data_cas_offinder/expanded_panel/genomes/GCF_000599705.1_genomic.fna,NZ_CP007394.1,2491225,2492394,-,1170,ydhP,MFS transporter,False,DB_refined_mobile_or_plasmid_related
mecA|mecA_riskaware_top1|GCF_000599705.1|NZ_CP007394.1:2871441-2872835:-|gene=wcaJ|product=undecaprenyl-phosphate_glucose_phosphotransferase|record=771,mecA,mecA_riskaware_top1,GCF_000599705.1,data_cas_offinder/expanded_panel/genomes/GCF_000599705.1_genomic.fna,NZ_CP007394.1,2871441,2872835,-,1395,wcaJ,undecaprenyl-phosphate glucose phosphotransferase,False,DB_refined_mobile_or_plasmid_related
mecA|mecA_riskaware_top1|GCF_000599705.1|NZ_CP007394.1:3097198-3098841:-|gene=yojI|product=microcin_J25_efflux_ABC_transporter_YojI|record=772,mecA,mecA_riskaware_top1,GCF_000599705.1,data_cas_offinder/expanded_panel/genomes/GCF_000599705.1_genomic.fna,NZ_CP007394.1,3097198,3098841,-,1644,yojI,microcin J25 efflux ABC transporter YojI,True,DB_refined_AMR_or_resistance_related
mecA|mecA_riskaware_top1|GCF_000599705.1|NZ_CP007394.1:4088885-4090216:-|gene=tdcC|product=threonine/serine_transporter_TdcC|record=773,mecA,mecA_riskaware_top1,GCF_000599705.1,data_cas_offinder/expanded_panel/genomes/GCF_000599705.1_genomic.fna,NZ_CP007394.1,4088885,4090216,-,1332,tdcC,threonine/serine transporter TdcC,False,DB_refined_mobile_or_plasmid_related
mecA|mecA_riskaware_top1|GCF_000599705.1|NZ_CP007394.1:4334395-4336530:+|gene=igaA|product=intracellular_growth_attenuator_protein_IgaA|record=774,mecA,mecA_riskaware_top1,GCF_000599705.1,data_cas_offinder/expanded_panel/genomes/GCF_000599705.1_genomic.fna,NZ_CP007394.1,4334395,4336530,+,2136,igaA,intracellular growth attenuator protein IgaA,False,DB_refined_mobile_or_plasmid_related
mecA|mecA_riskaware_top1|GCF_000739495.1|NZ_CP009114.1:3841665-3842522:+|gene=nan|product=ABC_transporter_permease|record=775,mecA,mecA_riskaware_top1,GCF_000739495.1,data_cas_offinder/expanded_panel/genomes/GCF_000739495.1_genomic.fna,NZ_CP009114.1,3841665,3842522,+,858,,ABC transporter permease,True,DB_refined_AMR_or_resistance_related
mecA|mecA_riskaware_top1|GCF_000739495.1|NZ_CP009114.1:4169459-4172203:-|gene=rbbA|product=ribosome-associated_ATPase/putative_transporter_RbbA|record=776,mecA,mecA_riskaware_top1,GCF_000739495.1,data_cas_offinder/expanded_panel/genomes/GCF_000739495.1_genomic.fna,NZ_CP009114.1,4169459,4172203,-,2745,rbbA,ribosome-associated ATPase/putative transporter RbbA,False,DB_refined_essential_like
mecA|mecA_riskaware_top1|GCF_000739495.1|NZ_CP009114.1:23921-24766:+|gene=potI|product=putrescine_ABC_transporter_permease_PotI|record=777,mecA,mecA_riskaware_top1,GCF_000739495.1,data_cas_offinder/expanded_panel/genomes/GCF_000739495.1_genomic.fna,NZ_CP009114.1,23921,24766,+,846,potI,putrescine ABC transporter permease PotI,True,DB_refined_AMR_or_resistance_related
mecA|mecA_riskaware_top1|GCF_000739495.1|NZ_CP009114.1:244009-246537:+|gene=mdoH|product=glucans_biosynthesis_glucosyltransferase_MdoH|record=778,mecA,mecA_riskaware_top1,GCF_000739495.1,data_cas_offinder/expanded_panel/genomes/GCF_000739495.1_genomic.fna,NZ_CP009114.1,244009,246537,+,2529,mdoH,glucans biosynthesis glucosyltransferase MdoH,False,DB_refined_mobile_or_plasmid_related
mecA|mecA_riskaware_top1|GCF_000739495.1|NZ_CP009114.1:1288925-1289479:-|gene=nan|product=DsbE_family_thiol:disulfide_interchange_protein|record=779,mecA,mecA_riskaware_top1,GCF_000739495.1,data_cas_offinder/expanded_panel/genomes/GCF_000739495.1_genomic.fna,NZ_CP009114.1,1288925,1289479,-,555,,DsbE family thiol:disulfide interchange protein,True,DB_refined_AMR_or_resistance_related
mecA|mecA_riskaware_top1|GCF_000739495.1|NZ_CP009114.1:1316546-1317523:-|gene=nan|product=ABC_transporter_substrate-binding_protein|record=780,mecA,mecA_riskaware_top1,GCF_000739495.1,data_cas_offinder/expanded_panel/genomes/GCF_000739495.1_genomic.fna,NZ_CP009114.1,1316546,1317523,-,978,,ABC transporter substrate-binding protein,False,DB_refined_mobile_or_plasmid_related
mecA|mecA_riskaware_top1|GCF_000739495.1|NZ_CP009114.1:1443860-1445638:+|gene=narX|product=nitrate/nitrite_two-component_system_sensor_histidine_kinase_NarX|record=781,mecA,mecA_riskaware_top1,GCF_000739495.1,data_cas_offinder/expanded_panel/genomes/GCF_000739495.1_genomic.fna,NZ_CP009114.1,1443860,1445638,+,1779,narX,nitrate/nitrite two-component system sensor histidine kinase NarX,True,DB_refined_AMR_or_resistance_related
mecA|mecA_riskaware_top1|GCF_000739495.1|NZ_CP009114.1:1519582-1520913:-|gene=tdcC|product=threonine/serine_transporter_TdcC|record=782,mecA,mecA_riskaware_top1,GCF_000739495.1,data_cas_offinder/expanded_panel/genomes/GCF_000739495.1_genomic.fna,NZ_CP009114.1,1519582,1520913,-,1332,tdcC,threonine/serine transporter TdcC,False,DB_refined_mobile_or_plasmid_related
mecA|mecA_riskaware_top1|GCF_000739495.1|NZ_CP009114.1:1945729-1947258:-|gene=nuoM|product=NADH-quinone_oxidoreductase_subunit_M|record=783,mecA,mecA_riskaware_top1,GCF_000739495.1,data_cas_offinder/expanded_panel/genomes/GCF_000739495.1_genomic.fna,NZ_CP009114.1,1945729,1947258,-,1530,nuoM,NADH-quinone oxidoreductase subunit M,False,DB_refined_essential_like
mecA|mecA_riskaware_top1|GCF_000739495.1|NZ_CP009114.1:2159920-2161356:-|gene=nan|product=sugar_porter_family_MFS_transporter|record=784,mecA,mecA_riskaware_top1,GCF_000739495.1,data_cas_offinder/expanded_panel/genomes/GCF_000739495.1_genomic.fna,NZ_CP009114.1,2159920,2161356,-,1437,,sugar porter family MFS transporter,False,DB_refined_mobile_or_plasmid_related
mecA|mecA_riskaware_top1|GCF_000739495.1|NZ_CP009114.1:2286891-2287958:+|gene=proW|product=glycine_betaine/L-proline_ABC_transporter_permease_ProW|record=785,mecA,mecA_riskaware_top1,GCF_000739495.1,data_cas_offinder/expanded_panel/genomes/GCF_000739495.1_genomic.fna,NZ_CP009114.1,2286891,2287958,+,1068,proW,glycine betaine/L-proline ABC transporter permease ProW,True,DB_refined_AMR_or_resistance_related
mecA|mecA_riskaware_top1|GCF_000739495.1|NZ_CP009114.1:2366858-2367853:+|gene=nan|product=FecCD_family_ABC_transporter_permease|record=786,mecA,mecA_riskaware_top1,GCF_000739495.1,data_cas_offinder/expanded_panel/genomes/GCF_000739495.1_genomic.fna,NZ_CP009114.1,2366858,2367853,+,996,,FecCD family ABC transporter permease,True,DB_refined_AMR_or_resistance_related
mecA|mecA_riskaware_top1|GCF_000739495.1|NZ_CP009114.1:2465296-2466435:-|gene=cbiD|product=cobalt-precorrin-5B_(C(1))-methyltransferase_CbiD|record=787,mecA,mecA_riskaware_top1,GCF_000739495.1,data_cas_offinder/expanded_panel/genomes/GCF_000739495.1_genomic.fna,NZ_CP009114.1,2465296,2466435,-,1140,cbiD,cobalt-precorrin-5B (C(1))-methyltransferase CbiD,False,DB_refined_mobile_or_plasmid_related
mecA|mecA_riskaware_top1|GCF_000739495.1|NZ_CP009114.1:2655400-2656794:+|gene=nan|product=sugar_porter_family_MFS_transporter|record=788,mecA,mecA_riskaware_top1,GCF_000739495.1,data_cas_offinder/expanded_panel/genomes/GCF_000739495.1_genomic.fna,NZ_CP009114.1,2655400,2656794,+,1395,,sugar porter family MFS transporter,False,DB_refined_mobile_or_plasmid_related
mecA|mecA_riskaware_top1|GCF_000739495.1|NZ_CP009114.1:2795693-2797300:+|gene=nan|product=purine-cytosine_permease_family_protein|record=789,mecA,mecA_riskaware_top1,GCF_000739495.1,data_cas_offinder/expanded_panel/genomes/GCF_000739495.1_genomic.fna,NZ_CP009114.1,2795693,2797300,+,1608,,purine-cytosine permease family protein,True,DB_refined_AMR_or_resistance_related
mecA|mecA_riskaware_top1|GCF_000739495.1|NZ_CP009114.1:2833834-2834832:-|gene=lsrD|product=autoinducer_2_ABC_transporter_permease_LsrD|record=790,mecA,mecA_riskaware_top1,GCF_000739495.1,data_cas_offinder/expanded_panel/genomes/GCF_000739495.1_genomic.fna,NZ_CP009114.1,2833834,2834832,-,999,lsrD,autoinducer 2 ABC transporter permease LsrD,True,DB_refined_AMR_or_resistance_related
mecA|mecA_riskaware_top1|GCF_000739495.1|NZ_CP009114.1:2834833-2835867:-|gene=lsrC|product=autoinducer_2_ABC_transporter_permease_LsrC|record=791,mecA,mecA_riskaware_top1,GCF_000739495.1,data_cas_offinder/expanded_panel/genomes/GCF_000739495.1_genomic.fna,NZ_CP009114.1,2834833,2835867,-,1035,lsrC,autoinducer 2 ABC transporter permease LsrC,True,DB_refined_AMR_or_resistance_related
mecA|mecA_riskaware_top1|GCF_000739495.1|NZ_CP009114.1:3149347-3150591:-|gene=nan|product=aromatic_amino_acid_transport_family_protein|record=792,mecA,mecA_riskaware_top1,GCF_000739495.1,data_cas_offinder/expanded_panel/genomes/GCF_000739495.1_genomic.fna,NZ_CP009114.1,3149347,3150591,-,1245,,aromatic amino acid transport family protein,False,DB_refined_mobile_or_plasmid_related
mecA|mecA_riskaware_top1|GCF_000739495.1|NZ_CP009114.1:3241346-3242248:-|gene=dppC|product=dipeptide_ABC_transporter_permease_DppC|record=793,mecA,mecA_riskaware_top1,GCF_000739495.1,data_cas_offinder/expanded_panel/genomes/GCF_000739495.1_genomic.fna,NZ_CP009114.1,3241346,3242248,-,903,dppC,dipeptide ABC transporter permease DppC,True,DB_refined_AMR_or_resistance_related
mecA|mecA_riskaware_top1|GCF_000739495.1|NZ_CP009114.1:3365888-3367279:+|gene=nan|product=nucleobase:cation_symporter-2_family_protein|record=794,mecA,mecA_riskaware_top1,GCF_000739495.1,data_cas_offinder/expanded_panel/genomes/GCF_000739495.1_genomic.fna,NZ_CP009114.1,3365888,3367279,+,1392,,nucleobase:cation symporter-2 family protein,True,DB_refined_AMR_or_resistance_related
mecA|mecA_riskaware_top1|GCF_000739495.1|NZ_CP009114.1:3569436-3570701:+|gene=nan|product=MFS_transporter|record=795,mecA,mecA_riskaware_top1,GCF_000739495.1,data_cas_offinder/expanded_panel/genomes/GCF_000739495.1_genomic.fna,NZ_CP009114.1,3569436,3570701,+,1266,,MFS transporter,False,DB_refined_mobile_or_plasmid_related
mecA|mecA_riskaware_top1|GCF_000739495.1|NZ_CP009114.1:3832491-3834914:+|gene=bamA|product=outer_membrane_protein_assembly_factor_BamA|record=796,mecA,mecA_riskaware_top1,GCF_000739495.1,data_cas_offinder/expanded_panel/genomes/GCF_000739495.1_genomic.fna,NZ_CP009114.1,3832491,3834914,+,2424,bamA,outer membrane protein assembly factor BamA,False,DB_refined_virulence_related
mecA|mecA_riskaware_top1|GCF_000739495.1|NZ_CP009114.1:3846078-3846746:+|gene=nan|product=glutathione_S-transferase_family_protein|record=797,mecA,mecA_riskaware_top1,GCF_000739495.1,data_cas_offinder/expanded_panel/genomes/GCF_000739495.1_genomic.fna,NZ_CP009114.1,3846078,3846746,+,669,,glutathione S-transferase family protein,False,DB_refined_mobile_or_plasmid_related
mecA|mecA_riskaware_top1|GCF_000739495.1|NZ_CP009114.1:4254876-4255664:-|gene=fhuF|product=siderophore-iron_reductase_FhuF|record=798,mecA,mecA_riskaware_top1,GCF_000739495.1,data_cas_offinder/expanded_panel/genomes/GCF_000739495.1_genomic.fna,NZ_CP009114.1,4254876,4255664,-,789,fhuF,siderophore-iron reductase FhuF,False,DB_refined_virulence_related
mecA|mecA_riskaware_top1|GCF_000739495.1|NZ_CP009114.1:4289032-4289718:+|gene=nan|product=tRNA/rRNA_methyltransferase|record=799,mecA,mecA_riskaware_top1,GCF_000739495.1,data_cas_offinder/expanded_panel/genomes/GCF_000739495.1_genomic.fna,NZ_CP009114.1,4289032,4289718,+,687,,tRNA/rRNA methyltransferase,False,DB_refined_mobile_or_plasmid_related
mecA|mecA_riskaware_top1|GCF_000739495.1|NZ_CP009114.1:4363630-4364475:+|gene=araC|product=arabinose_operon_transcriptional_regulator_AraC|record=800,mecA,mecA_riskaware_top1,GCF_000739495.1,data_cas_offinder/expanded_panel/genomes/GCF_000739495.1_genomic.fna,NZ_CP009114.1,4363630,4364475,+,846,araC,arabinose operon transcriptional regulator AraC,False,DB_refined_essential_like
mecA|mecA_riskaware_top1|GCF_000739495.1|NZ_CP009114.1:4758055-4759482:-|gene=nan|product=PLP-dependent_aminotransferase_family_protein|record=801,mecA,mecA_riskaware_top1,GCF_000739495.1,data_cas_offinder/expanded_panel/genomes/GCF_000739495.1_genomic.fna,NZ_CP009114.1,4758055,4759482,-,1428,,PLP-dependent aminotransferase family protein,False,DB_refined_mobile_or_plasmid_related
mecA|mecA_riskaware_top1|GCF_000739495.1|NZ_CP009114.1:4815599-4818013:+|gene=ybbP|product=putative_ABC_transporter_permease_subunit_YbbP|record=802,mecA,mecA_riskaware_top1,GCF_000739495.1,data_cas_offinder/expanded_panel/genomes/GCF_000739495.1_genomic.fna,NZ_CP009114.1,4815599,4818013,+,2415,ybbP,putative ABC transporter permease subunit YbbP,True,DB_refined_AMR_or_resistance_related
mecA|mecA_riskaware_top1|GCF_000739495.1|NZ_CP009114.1:4913041-4914468:-|gene=nan|product=MFS_transporter|record=803,mecA,mecA_riskaware_top1,GCF_000739495.1,data_cas_offinder/expanded_panel/genomes/GCF_000739495.1_genomic.fna,NZ_CP009114.1,4913041,4914468,-,1428,,MFS transporter,False,DB_refined_mobile_or_plasmid_related
mecA|mecA_riskaware_top1|GCF_000739495.1|NZ_CP009114.1:4929070-4931793:+|gene=nan|product=cation-transporting_P-type_ATPase|record=804,mecA,mecA_riskaware_top1,GCF_000739495.1,data_cas_offinder/expanded_panel/genomes/GCF_000739495.1_genomic.fna,NZ_CP009114.1,4929070,4931793,+,2724,,cation-transporting P-type ATPase,True,DB_refined_AMR_or_resistance_related
mecA|mecA_riskaware_top1|GCF_000739495.1|NZ_CP009114.1:4986323-4987315:-|gene=fepG|product=iron-enterobactin_ABC_transporter_permease|record=805,mecA,mecA_riskaware_top1,GCF_000739495.1,data_cas_offinder/expanded_panel/genomes/GCF_000739495.1_genomic.fna,NZ_CP009114.1,4986323,4987315,-,993,fepG,iron-enterobactin ABC transporter permease,True,DB_refined_AMR_or_resistance_related
mecA|mecA_riskaware_top1|GCF_000739495.1|NZ_CP009114.1:5101916-5103595:-|gene=kdpA|product=potassium-transporting_ATPase_subunit_KdpA|record=806,mecA,mecA_riskaware_top1,GCF_000739495.1,data_cas_offinder/expanded_panel/genomes/GCF_000739495.1_genomic.fna,NZ_CP009114.1,5101916,5103595,-,1680,kdpA,potassium-transporting ATPase subunit KdpA,False,DB_refined_mobile_or_plasmid_related
mecA|mecA_riskaware_top1|GCF_000764615.1|NZ_CP008929.1:201737-203266:-|gene=nuoM|product=NADH-quinone_oxidoreductase_subunit_M|record=807,mecA,mecA_riskaware_top1,GCF_000764615.1,data_cas_offinder/expanded_panel/genomes/GCF_000764615.1_genomic.fna,NZ_CP008929.1,201737,203266,-,1530,nuoM,NADH-quinone oxidoreductase subunit M,False,DB_refined_essential_like
mecA|mecA_riskaware_top1|GCF_000764615.1|NZ_CP008929.1:543969-545036:+|gene=proW|product=glycine_betaine/L-proline_ABC_transporter_permease_ProW|record=808,mecA,mecA_riskaware_top1,GCF_000764615.1,data_cas_offinder/expanded_panel/genomes/GCF_000764615.1_genomic.fna,NZ_CP008929.1,543969,545036,+,1068,proW,glycine betaine/L-proline ABC transporter permease ProW,True,DB_refined_AMR_or_resistance_related
mecA|mecA_riskaware_top1|GCF_000764615.1|NZ_CP008929.1:2084963-2085820:+|gene=nan|product=ABC_transporter_permease|record=809,mecA,mecA_riskaware_top1,GCF_000764615.1,data_cas_offinder/expanded_panel/genomes/GCF_000764615.1_genomic.fna,NZ_CP008929.1,2084963,2085820,+,858,,ABC transporter permease,True,DB_refined_AMR_or_resistance_related
mecA|mecA_riskaware_top1|GCF_000764615.1|NZ_CP008929.1:2373905-2376649:-|gene=rbbA|product=ribosome-associated_ATPase/putative_transporter_RbbA|record=810,mecA,mecA_riskaware_top1,GCF_000764615.1,data_cas_offinder/expanded_panel/genomes/GCF_000764615.1_genomic.fna,NZ_CP008929.1,2373905,2376649,-,2745,rbbA,ribosome-associated ATPase/putative transporter RbbA,False,DB_refined_essential_like
mecA|mecA_riskaware_top1|GCF_000764615.1|NZ_CP008929.1:3623210-3624784:+|gene=nan|product=ABC_transporter_permease|record=811,mecA,mecA_riskaware_top1,GCF_000764615.1,data_cas_offinder/expanded_panel/genomes/GCF_000764615.1_genomic.fna,NZ_CP008929.1,3623210,3624784,+,1575,,ABC transporter permease,True,DB_refined_AMR_or_resistance_related
mecA|mecA_riskaware_top1|GCF_000764615.1|NZ_CP008929.1:416727-418163:-|gene=nan|product=sugar_porter_family_MFS_transporter|record=812,mecA,mecA_riskaware_top1,GCF_000764615.1,data_cas_offinder/expanded_panel/genomes/GCF_000764615.1_genomic.fna,NZ_CP008929.1,416727,418163,-,1437,,sugar porter family MFS transporter,False,DB_refined_mobile_or_plasmid_related
mecA|mecA_riskaware_top1|GCF_000764615.1|NZ_CP008929.1:549298-550836:+|gene=emrB|product=multidrug_efflux_MFS_transporter_permease_subunit_EmrB|record=813,mecA,mecA_riskaware_top1,GCF_000764615.1,data_cas_offinder/expanded_panel/genomes/GCF_000764615.1_genomic.fna,NZ_CP008929.1,549298,550836,+,1539,emrB,multidrug efflux MFS transporter permease subunit EmrB,True,DB_refined_AMR_or_resistance_related
mecA|mecA_riskaware_top1|GCF_000764615.1|NZ_CP008929.1:625313-626308:+|gene=nan|product=FecCD_family_ABC_transporter_permease|record=814,mecA,mecA_riskaware_top1,GCF_000764615.1,data_cas_offinder/expanded_panel/genomes/GCF_000764615.1_genomic.fna,NZ_CP008929.1,625313,626308,+,996,,FecCD family ABC transporter permease,True,DB_refined_AMR_or_resistance_related
mecA|mecA_riskaware_top1|GCF_000764615.1|NZ_CP008929.1:744612-745751:-|gene=cbiD|product=cobalt-precorrin-5B_(C(1))-methyltransferase_CbiD|record=815,mecA,mecA_riskaware_top1,GCF_000764615.1,data_cas_offinder/expanded_panel/genomes/GCF_000764615.1_genomic.fna,NZ_CP008929.1,744612,745751,-,1140,cbiD,cobalt-precorrin-5B (C(1))-methyltransferase CbiD,False,DB_refined_mobile_or_plasmid_related
mecA|mecA_riskaware_top1|GCF_000764615.1|NZ_CP008929.1:924284-925678:+|gene=nan|product=sugar_porter_family_MFS_transporter|record=816,mecA,mecA_riskaware_top1,GCF_000764615.1,data_cas_offinder/expanded_panel/genomes/GCF_000764615.1_genomic.fna,NZ_CP008929.1,924284,925678,+,1395,,sugar porter family MFS transporter,False,DB_refined_mobile_or_plasmid_related
mecA|mecA_riskaware_top1|GCF_000764615.1|NZ_CP008929.1:1023450-1025057:+|gene=nan|product=purine-cytosine_permease_family_protein|record=817,mecA,mecA_riskaware_top1,GCF_000764615.1,data_cas_offinder/expanded_panel/genomes/GCF_000764615.1_genomic.fna,NZ_CP008929.1,1023450,1025057,+,1608,,purine-cytosine permease family protein,True,DB_refined_AMR_or_resistance_related
mecA|mecA_riskaware_top1|GCF_000764615.1|NZ_CP008929.1:1105377-1106375:-|gene=lsrD|product=autoinducer_2_ABC_transporter_permease_LsrD|record=818,mecA,mecA_riskaware_top1,GCF_000764615.1,data_cas_offinder/expanded_panel/genomes/GCF_000764615.1_genomic.fna,NZ_CP008929.1,1105377,1106375,-,999,lsrD,autoinducer 2 ABC transporter permease LsrD,True,DB_refined_AMR_or_resistance_related
mecA|mecA_riskaware_top1|GCF_000764615.1|NZ_CP008929.1:1106376-1107410:-|gene=lsrC|product=autoinducer_2_ABC_transporter_permease_LsrC|record=819,mecA,mecA_riskaware_top1,GCF_000764615.1,data_cas_offinder/expanded_panel/genomes/GCF_000764615.1_genomic.fna,NZ_CP008929.1,1106376,1107410,-,1035,lsrC,autoinducer 2 ABC transporter permease LsrC,True,DB_refined_AMR_or_resistance_related
mecA|mecA_riskaware_top1|GCF_000764615.1|NZ_CP008929.1:1404851-1406095:-|gene=nan|product=aromatic_amino_acid_transport_family_protein|record=820,mecA,mecA_riskaware_top1,GCF_000764615.1,data_cas_offinder/expanded_panel/genomes/GCF_000764615.1_genomic.fna,NZ_CP008929.1,1404851,1406095,-,1245,,aromatic amino acid transport family protein,False,DB_refined_mobile_or_plasmid_related
mecA|mecA_riskaware_top1|GCF_000764615.1|NZ_CP008929.1:1497088-1497990:-|gene=dppC|product=dipeptide_ABC_transporter_permease_DppC|record=821,mecA,mecA_riskaware_top1,GCF_000764615.1,data_cas_offinder/expanded_panel/genomes/GCF_000764615.1_genomic.fna,NZ_CP008929.1,1497088,1497990,-,903,dppC,dipeptide ABC transporter permease DppC,True,DB_refined_AMR_or_resistance_related
mecA|mecA_riskaware_top1|GCF_000764615.1|NZ_CP008929.1:1573132-1574301:+|gene=nan|product=O-antigen_ligase_family_protein|record=822,mecA,mecA_riskaware_top1,GCF_000764615.1,data_cas_offinder/expanded_panel/genomes/GCF_000764615.1_genomic.fna,NZ_CP008929.1,1573132,1574301,+,1170,,O-antigen ligase family protein,False,DB_refined_essential_like
mecA|mecA_riskaware_top1|GCF_000764615.1|NZ_CP008929.1:1621573-1622964:+|gene=nan|product=nucleobase:cation_symporter-2_family_protein|record=823,mecA,mecA_riskaware_top1,GCF_000764615.1,data_cas_offinder/expanded_panel/genomes/GCF_000764615.1_genomic.fna,NZ_CP008929.1,1621573,1622964,+,1392,,nucleobase:cation symporter-2 family protein,True,DB_refined_AMR_or_resistance_related
mecA|mecA_riskaware_top1|GCF_000764615.1|NZ_CP008929.1:1812927-1814192:+|gene=nan|product=MFS_transporter|record=824,mecA,mecA_riskaware_top1,GCF_000764615.1,data_cas_offinder/expanded_panel/genomes/GCF_000764615.1_genomic.fna,NZ_CP008929.1,1812927,1814192,+,1266,,MFS transporter,False,DB_refined_mobile_or_plasmid_related
mecA|mecA_riskaware_top1|GCF_000764615.1|NZ_CP008929.1:2075789-2078212:+|gene=bamA|product=outer_membrane_protein_assembly_factor_BamA|record=825,mecA,mecA_riskaware_top1,GCF_000764615.1,data_cas_offinder/expanded_panel/genomes/GCF_000764615.1_genomic.fna,NZ_CP008929.1,2075789,2078212,+,2424,bamA,outer membrane protein assembly factor BamA,False,DB_refined_virulence_related
mecA|mecA_riskaware_top1|GCF_000764615.1|NZ_CP008929.1:2089376-2090044:+|gene=nan|product=glutathione_S-transferase_family_protein|record=826,mecA,mecA_riskaware_top1,GCF_000764615.1,data_cas_offinder/expanded_panel/genomes/GCF_000764615.1_genomic.fna,NZ_CP008929.1,2089376,2090044,+,669,,glutathione S-transferase family protein,False,DB_refined_mobile_or_plasmid_related
mecA|mecA_riskaware_top1|GCF_000764615.1|NZ_CP008929.1:2462984-2463772:-|gene=fhuF|product=siderophore-iron_reductase_FhuF|record=827,mecA,mecA_riskaware_top1,GCF_000764615.1,data_cas_offinder/expanded_panel/genomes/GCF_000764615.1_genomic.fna,NZ_CP008929.1,2462984,2463772,-,789,fhuF,siderophore-iron reductase FhuF,False,DB_refined_virulence_related
mecA|mecA_riskaware_top1|GCF_000764615.1|NZ_CP008929.1:2497140-2497826:+|gene=nan|product=tRNA/rRNA_methyltransferase|record=828,mecA,mecA_riskaware_top1,GCF_000764615.1,data_cas_offinder/expanded_panel/genomes/GCF_000764615.1_genomic.fna,NZ_CP008929.1,2497140,2497826,+,687,,tRNA/rRNA methyltransferase,False,DB_refined_mobile_or_plasmid_related
mecA|mecA_riskaware_top1|GCF_000764615.1|NZ_CP008929.1:2978022-2979449:-|gene=nan|product=PLP-dependent_aminotransferase_family_protein|record=829,mecA,mecA_riskaware_top1,GCF_000764615.1,data_cas_offinder/expanded_panel/genomes/GCF_000764615.1_genomic.fna,NZ_CP008929.1,2978022,2979449,-,1428,,PLP-dependent aminotransferase family protein,False,DB_refined_mobile_or_plasmid_related
mecA|mecA_riskaware_top1|GCF_000764615.1|NZ_CP008929.1:3035559-3037973:+|gene=ybbP|product=putative_ABC_transporter_permease_subunit_YbbP|record=830,mecA,mecA_riskaware_top1,GCF_000764615.1,data_cas_offinder/expanded_panel/genomes/GCF_000764615.1_genomic.fna,NZ_CP008929.1,3035559,3037973,+,2415,ybbP,putative ABC transporter permease subunit YbbP,True,DB_refined_AMR_or_resistance_related
mecA|mecA_riskaware_top1|GCF_000764615.1|NZ_CP008929.1:3119740-3121167:-|gene=nan|product=MFS_transporter|record=831,mecA,mecA_riskaware_top1,GCF_000764615.1,data_cas_offinder/expanded_panel/genomes/GCF_000764615.1_genomic.fna,NZ_CP008929.1,3119740,3121167,-,1428,,MFS transporter,False,DB_refined_mobile_or_plasmid_related
mecA|mecA_riskaware_top1|GCF_000764615.1|NZ_CP008929.1:3129060-3131783:+|gene=nan|product=cation-transporting_P-type_ATPase|record=832,mecA,mecA_riskaware_top1,GCF_000764615.1,data_cas_offinder/expanded_panel/genomes/GCF_000764615.1_genomic.fna,NZ_CP008929.1,3129060,3131783,+,2724,,cation-transporting P-type ATPase,True,DB_refined_AMR_or_resistance_related
mecA|mecA_riskaware_top1|GCF_000764615.1|NZ_CP008929.1:3185772-3186764:-|gene=fepG|product=iron-enterobactin_ABC_transporter_permease|record=833,mecA,mecA_riskaware_top1,GCF_000764615.1,data_cas_offinder/expanded_panel/genomes/GCF_000764615.1_genomic.fna,NZ_CP008929.1,3185772,3186764,-,993,fepG,iron-enterobactin ABC transporter permease,True,DB_refined_AMR_or_resistance_related
mecA|mecA_riskaware_top1|GCF_000764615.1|NZ_CP008929.1:3301712-3303391:-|gene=kdpA|product=potassium-transporting_ATPase_subunit_KdpA|record=834,mecA,mecA_riskaware_top1,GCF_000764615.1,data_cas_offinder/expanded_panel/genomes/GCF_000764615.1_genomic.fna,NZ_CP008929.1,3301712,3303391,-,1680,kdpA,potassium-transporting ATPase subunit KdpA,False,DB_refined_mobile_or_plasmid_related
mecA|mecA_riskaware_top1|GCF_000764615.1|NZ_CP008929.1:3483169-3484014:+|gene=potI|product=putrescine_ABC_transporter_permease_PotI|record=835,mecA,mecA_riskaware_top1,GCF_000764615.1,data_cas_offinder/expanded_panel/genomes/GCF_000764615.1_genomic.fna,NZ_CP008929.1,3483169,3484014,+,846,potI,putrescine ABC transporter permease PotI,True,DB_refined_AMR_or_resistance_related
mecA|mecA_riskaware_top1|GCF_000764615.1|NZ_CP008929.1:3690314-3692842:+|gene=mdoH|product=glucans_biosynthesis_glucosyltransferase_MdoH|record=836,mecA,mecA_riskaware_top1,GCF_000764615.1,data_cas_offinder/expanded_panel/genomes/GCF_000764615.1_genomic.fna,NZ_CP008929.1,3690314,3692842,+,2529,mdoH,glucans biosynthesis glucosyltransferase MdoH,False,DB_refined_mobile_or_plasmid_related
mecA|mecA_riskaware_top1|GCF_000764615.1|NZ_CP008929.1:4753959-4754513:-|gene=nan|product=DsbE_family_thiol:disulfide_interchange_protein|record=837,mecA,mecA_riskaware_top1,GCF_000764615.1,data_cas_offinder/expanded_panel/genomes/GCF_000764615.1_genomic.fna,NZ_CP008929.1,4753959,4754513,-,555,,DsbE family thiol:disulfide interchange protein,True,DB_refined_AMR_or_resistance_related
mecA|mecA_riskaware_top1|GCF_000764615.1|NZ_CP008929.1:4793813-4794790:-|gene=nan|product=ABC_transporter_substrate-binding_protein|record=838,mecA,mecA_riskaware_top1,GCF_000764615.1,data_cas_offinder/expanded_panel/genomes/GCF_000764615.1_genomic.fna,NZ_CP008929.1,4793813,4794790,-,978,,ABC transporter substrate-binding protein,False,DB_refined_mobile_or_plasmid_related
mecA|mecA_riskaware_top1|GCF_000764615.1|NZ_CP008929.1:4921145-4922923:+|gene=narX|product=nitrate/nitrite_two-component_system_sensor_histidine_kinase_NarX|record=839,mecA,mecA_riskaware_top1,GCF_000764615.1,data_cas_offinder/expanded_panel/genomes/GCF_000764615.1_genomic.fna,NZ_CP008929.1,4921145,4922923,+,1779,narX,nitrate/nitrite two-component system sensor histidine kinase NarX,True,DB_refined_AMR_or_resistance_related
mecA|mecA_riskaware_top1|GCF_000764615.1|NZ_CP008929.1:4998678-5000009:-|gene=tdcC|product=threonine/serine_transporter_TdcC|record=840,mecA,mecA_riskaware_top1,GCF_000764615.1,data_cas_offinder/expanded_panel/genomes/GCF_000764615.1_genomic.fna,NZ_CP008929.1,4998678,5000009,-,1332,tdcC,threonine/serine transporter TdcC,False,DB_refined_mobile_or_plasmid_related
mecA|mecA_riskaware_top1|GCF_000775955.1|NZ_CP009461.1:886722-887789:-|gene=proW|product=glycine_betaine/L-proline_ABC_transporter_permease_ProW|record=841,mecA,mecA_riskaware_top1,GCF_000775955.1,data_cas_offinder/expanded_panel/genomes/GCF_000775955.1_genomic.fna,NZ_CP009461.1,886722,887789,-,1068,proW,glycine betaine/L-proline ABC transporter permease ProW,True,DB_refined_AMR_or_resistance_related
mecA|mecA_riskaware_top1|GCF_000775955.1|NZ_CP009461.1:4225751-4228495:+|gene=rbbA|product=ribosome-associated_ATPase/putative_transporter_RbbA|record=842,mecA,mecA_riskaware_top1,GCF_000775955.1,data_cas_offinder/expanded_panel/genomes/GCF_000775955.1_genomic.fna,NZ_CP009461.1,4225751,4228495,+,2745,rbbA,ribosome-associated ATPase/putative transporter RbbA,False,DB_refined_essential_like
mecA|mecA_riskaware_top1|GCF_000775955.1|NZ_CP009461.1:4526094-4526951:-|gene=nan|product=ABC_transporter_permease|record=843,mecA,mecA_riskaware_top1,GCF_000775955.1,data_cas_offinder/expanded_panel/genomes/GCF_000775955.1_genomic.fna,NZ_CP009461.1,4526094,4526951,-,858,,ABC transporter permease,True,DB_refined_AMR_or_resistance_related
mecA|mecA_riskaware_top1|GCF_000775955.1|NZ_CP009461.1:3547-4449:+|gene=dppC|product=dipeptide_ABC_transporter_permease_DppC|record=844,mecA,mecA_riskaware_top1,GCF_000775955.1,data_cas_offinder/expanded_panel/genomes/GCF_000775955.1_genomic.fna,NZ_CP009461.1,3547,4449,+,903,dppC,dipeptide ABC transporter permease DppC,True,DB_refined_AMR_or_resistance_related
mecA|mecA_riskaware_top1|GCF_000775955.1|NZ_CP009461.1:95438-96682:+|gene=nan|product=aromatic_amino_acid_transport_family_protein|record=845,mecA,mecA_riskaware_top1,GCF_000775955.1,data_cas_offinder/expanded_panel/genomes/GCF_000775955.1_genomic.fna,NZ_CP009461.1,95438,96682,+,1245,,aromatic amino acid transport family protein,False,DB_refined_mobile_or_plasmid_related
mecA|mecA_riskaware_top1|GCF_000775955.1|NZ_CP009461.1:397068-398102:+|gene=lsrC|product=autoinducer_2_ABC_transporter_permease_LsrC|record=846,mecA,mecA_riskaware_top1,GCF_000775955.1,data_cas_offinder/expanded_panel/genomes/GCF_000775955.1_genomic.fna,NZ_CP009461.1,397068,398102,+,1035,lsrC,autoinducer 2 ABC transporter permease LsrC,True,DB_refined_AMR_or_resistance_related
mecA|mecA_riskaware_top1|GCF_000775955.1|NZ_CP009461.1:398103-399101:+|gene=lsrD|product=autoinducer_2_ABC_transporter_permease_LsrD|record=847,mecA,mecA_riskaware_top1,GCF_000775955.1,data_cas_offinder/expanded_panel/genomes/GCF_000775955.1_genomic.fna,NZ_CP009461.1,398103,399101,+,999,lsrD,autoinducer 2 ABC transporter permease LsrD,True,DB_refined_AMR_or_resistance_related
mecA|mecA_riskaware_top1|GCF_000775955.1|NZ_CP009461.1:435201-436808:-|gene=nan|product=purine-cytosine_permease_family_protein|record=848,mecA,mecA_riskaware_top1,GCF_000775955.1,data_cas_offinder/expanded_panel/genomes/GCF_000775955.1_genomic.fna,NZ_CP009461.1,435201,436808,-,1608,,purine-cytosine permease family protein,True,DB_refined_AMR_or_resistance_related
mecA|mecA_riskaware_top1|GCF_000775955.1|NZ_CP009461.1:521207-522601:-|gene=nan|product=sugar_porter_family_MFS_transporter|record=849,mecA,mecA_riskaware_top1,GCF_000775955.1,data_cas_offinder/expanded_panel/genomes/GCF_000775955.1_genomic.fna,NZ_CP009461.1,521207,522601,-,1395,,sugar porter family MFS transporter,False,DB_refined_mobile_or_plasmid_related
mecA|mecA_riskaware_top1|GCF_000775955.1|NZ_CP009461.1:708105-709244:+|gene=cbiD|product=cobalt-precorrin-5B_(C(1))-methyltransferase_CbiD|record=850,mecA,mecA_riskaware_top1,GCF_000775955.1,data_cas_offinder/expanded_panel/genomes/GCF_000775955.1_genomic.fna,NZ_CP009461.1,708105,709244,+,1140,cbiD,cobalt-precorrin-5B (C(1))-methyltransferase CbiD,False,DB_refined_mobile_or_plasmid_related
mecA|mecA_riskaware_top1|GCF_000775955.1|NZ_CP009461.1:806673-807668:-|gene=nan|product=FecCD_family_ABC_transporter_permease|record=851,mecA,mecA_riskaware_top1,GCF_000775955.1,data_cas_offinder/expanded_panel/genomes/GCF_000775955.1_genomic.fna,NZ_CP009461.1,806673,807668,-,996,,FecCD family ABC transporter permease,True,DB_refined_AMR_or_resistance_related
mecA|mecA_riskaware_top1|GCF_000775955.1|NZ_CP009461.1:1044061-1045497:+|gene=nan|product=sugar_porter_family_MFS_transporter|record=852,mecA,mecA_riskaware_top1,GCF_000775955.1,data_cas_offinder/expanded_panel/genomes/GCF_000775955.1_genomic.fna,NZ_CP009461.1,1044061,1045497,+,1437,,sugar porter family MFS transporter,False,DB_refined_mobile_or_plasmid_related
mecA|mecA_riskaware_top1|GCF_000775955.1|NZ_CP009461.1:1258146-1259675:+|gene=nuoM|product=NADH-quinone_oxidoreductase_subunit_M|record=853,mecA,mecA_riskaware_top1,GCF_000775955.1,data_cas_offinder/expanded_panel/genomes/GCF_000775955.1_genomic.fna,NZ_CP009461.1,1258146,1259675,+,1530,nuoM,NADH-quinone oxidoreductase subunit M,False,DB_refined_essential_like
mecA|mecA_riskaware_top1|GCF_000775955.1|NZ_CP009461.1:1677995-1679326:+|gene=tdcC|product=threonine/serine_transporter_TdcC|record=854,mecA,mecA_riskaware_top1,GCF_000775955.1,data_cas_offinder/expanded_panel/genomes/GCF_000775955.1_genomic.fna,NZ_CP009461.1,1677995,1679326,+,1332,tdcC,threonine/serine transporter TdcC,False,DB_refined_mobile_or_plasmid_related
mecA|mecA_riskaware_top1|GCF_000775955.1|NZ_CP009461.1:1751954-1753732:-|gene=narX|product=nitrate/nitrite_two-component_system_sensor_histidine_kinase_NarX|record=855,mecA,mecA_riskaware_top1,GCF_000775955.1,data_cas_offinder/expanded_panel/genomes/GCF_000775955.1_genomic.fna,NZ_CP009461.1,1751954,1753732,-,1779,narX,nitrate/nitrite two-component system sensor histidine kinase NarX,True,DB_refined_AMR_or_resistance_related
mecA|mecA_riskaware_top1|GCF_000775955.1|NZ_CP009461.1:1878915-1879892:+|gene=nan|product=ABC_transporter_substrate-binding_protein|record=856,mecA,mecA_riskaware_top1,GCF_000775955.1,data_cas_offinder/expanded_panel/genomes/GCF_000775955.1_genomic.fna,NZ_CP009461.1,1878915,1879892,+,978,,ABC transporter substrate-binding protein,False,DB_refined_mobile_or_plasmid_related
mecA|mecA_riskaware_top1|GCF_000775955.1|NZ_CP009461.1:1906987-1907541:+|gene=nan|product=DsbE_family_thiol:disulfide_interchange_protein|record=857,mecA,mecA_riskaware_top1,GCF_000775955.1,data_cas_offinder/expanded_panel/genomes/GCF_000775955.1_genomic.fna,NZ_CP009461.1,1906987,1907541,+,555,,DsbE family thiol:disulfide interchange protein,True,DB_refined_AMR_or_resistance_related
mecA|mecA_riskaware_top1|GCF_000775955.1|NZ_CP009461.1:2018024-2019184:-|gene=nan|product=MFS_transporter|record=858,mecA,mecA_riskaware_top1,GCF_000775955.1,data_cas_offinder/expanded_panel/genomes/GCF_000775955.1_genomic.fna,NZ_CP009461.1,2018024,2019184,-,1161,,MFS transporter,False,DB_refined_mobile_or_plasmid_related
mecA|mecA_riskaware_top1|GCF_000775955.1|NZ_CP009461.1:2927148-2929676:-|gene=mdoH|product=glucans_biosynthesis_glucosyltransferase_MdoH|record=859,mecA,mecA_riskaware_top1,GCF_000775955.1,data_cas_offinder/expanded_panel/genomes/GCF_000775955.1_genomic.fna,NZ_CP009461.1,2927148,2929676,-,2529,mdoH,glucans biosynthesis glucosyltransferase MdoH,False,DB_refined_mobile_or_plasmid_related
mecA|mecA_riskaware_top1|GCF_000775955.1|NZ_CP009461.1:3117174-3118019:-|gene=potI|product=putrescine_ABC_transporter_permease_PotI|record=860,mecA,mecA_riskaware_top1,GCF_000775955.1,data_cas_offinder/expanded_panel/genomes/GCF_000775955.1_genomic.fna,NZ_CP009461.1,3117174,3118019,-,846,potI,putrescine ABC transporter permease PotI,True,DB_refined_AMR_or_resistance_related
mecA|mecA_riskaware_top1|GCF_000775955.1|NZ_CP009461.1:3296713-3298392:+|gene=kdpA|product=potassium-transporting_ATPase_subunit_KdpA|record=861,mecA,mecA_riskaware_top1,GCF_000775955.1,data_cas_offinder/expanded_panel/genomes/GCF_000775955.1_genomic.fna,NZ_CP009461.1,3296713,3298392,+,1680,kdpA,potassium-transporting ATPase subunit KdpA,False,DB_refined_mobile_or_plasmid_related
mecA|mecA_riskaware_top1|GCF_000775955.1|NZ_CP009461.1:3423026-3424018:+|gene=fepG|product=iron-enterobactin_ABC_transporter_permease|record=862,mecA,mecA_riskaware_top1,GCF_000775955.1,data_cas_offinder/expanded_panel/genomes/GCF_000775955.1_genomic.fna,NZ_CP009461.1,3423026,3424018,+,993,fepG,iron-enterobactin ABC transporter permease,True,DB_refined_AMR_or_resistance_related
mecA|mecA_riskaware_top1|GCF_000775955.1|NZ_CP009461.1:3483855-3486578:-|gene=nan|product=cation-transporting_P-type_ATPase|record=863,mecA,mecA_riskaware_top1,GCF_000775955.1,data_cas_offinder/expanded_panel/genomes/GCF_000775955.1_genomic.fna,NZ_CP009461.1,3483855,3486578,-,2724,,cation-transporting P-type ATPase,True,DB_refined_AMR_or_resistance_related
mecA|mecA_riskaware_top1|GCF_000775955.1|NZ_CP009461.1:3494470-3495897:+|gene=nan|product=MFS_transporter|record=864,mecA,mecA_riskaware_top1,GCF_000775955.1,data_cas_offinder/expanded_panel/genomes/GCF_000775955.1_genomic.fna,NZ_CP009461.1,3494470,3495897,+,1428,,MFS transporter,False,DB_refined_mobile_or_plasmid_related
mecA|mecA_riskaware_top1|GCF_000775955.1|NZ_CP009461.1:3581812-3584226:-|gene=ybbP|product=putative_ABC_transporter_permease_subunit_YbbP|record=865,mecA,mecA_riskaware_top1,GCF_000775955.1,data_cas_offinder/expanded_panel/genomes/GCF_000775955.1_genomic.fna,NZ_CP009461.1,3581812,3584226,-,2415,ybbP,putative ABC transporter permease subunit YbbP,True,DB_refined_AMR_or_resistance_related
mecA|mecA_riskaware_top1|GCF_000775955.1|NZ_CP009461.1:4110658-4111344:-|gene=nan|product=tRNA/rRNA_methyltransferase|record=866,mecA,mecA_riskaware_top1,GCF_000775955.1,data_cas_offinder/expanded_panel/genomes/GCF_000775955.1_genomic.fna,NZ_CP009461.1,4110658,4111344,-,687,,tRNA/rRNA methyltransferase,False,DB_refined_mobile_or_plasmid_related
mecA|mecA_riskaware_top1|GCF_000775955.1|NZ_CP009461.1:4144711-4145499:+|gene=fhuF|product=siderophore-iron_reductase_FhuF|record=867,mecA,mecA_riskaware_top1,GCF_000775955.1,data_cas_offinder/expanded_panel/genomes/GCF_000775955.1_genomic.fna,NZ_CP009461.1,4144711,4145499,+,789,fhuF,siderophore-iron reductase FhuF,False,DB_refined_virulence_related
mecA|mecA_riskaware_top1|GCF_000775955.1|NZ_CP009461.1:4521870-4522538:-|gene=nan|product=glutathione_S-transferase_family_protein|record=868,mecA,mecA_riskaware_top1,GCF_000775955.1,data_cas_offinder/expanded_panel/genomes/GCF_000775955.1_genomic.fna,NZ_CP009461.1,4521870,4522538,-,669,,glutathione S-transferase family protein,False,DB_refined_mobile_or_plasmid_related
mecA|mecA_riskaware_top1|GCF_000775955.1|NZ_CP009461.1:4533701-4536124:-|gene=bamA|product=outer_membrane_protein_assembly_factor_BamA|record=869,mecA,mecA_riskaware_top1,GCF_000775955.1,data_cas_offinder/expanded_panel/genomes/GCF_000775955.1_genomic.fna,NZ_CP009461.1,4533701,4536124,-,2424,bamA,outer membrane protein assembly factor BamA,False,DB_refined_virulence_related
mecA|mecA_riskaware_top1|GCF_000775955.1|NZ_CP009461.1:4671965-4673380:-|gene=nan|product=PTS_transporter_subunit_EIIC|record=870,mecA,mecA_riskaware_top1,GCF_000775955.1,data_cas_offinder/expanded_panel/genomes/GCF_000775955.1_genomic.fna,NZ_CP009461.1,4671965,4673380,-,1416,,PTS transporter subunit EIIC,False,DB_refined_mobile_or_plasmid_related
mecA|mecA_riskaware_top1|GCF_000775955.1|NZ_CP009461.1:4803237-4804502:-|gene=nan|product=MFS_transporter|record=871,mecA,mecA_riskaware_top1,GCF_000775955.1,data_cas_offinder/expanded_panel/genomes/GCF_000775955.1_genomic.fna,NZ_CP009461.1,4803237,4804502,-,1266,,MFS transporter,False,DB_refined_mobile_or_plasmid_related
mecA|mecA_riskaware_top1|GCF_000775955.1|NZ_CP009461.1:4998146-4999537:-|gene=nan|product=nucleobase:cation_symporter-2_family_protein|record=872,mecA,mecA_riskaware_top1,GCF_000775955.1,data_cas_offinder/expanded_panel/genomes/GCF_000775955.1_genomic.fna,NZ_CP009461.1,4998146,4999537,-,1392,,nucleobase:cation symporter-2 family protein,True,DB_refined_AMR_or_resistance_related
mecA|mecA_riskaware_top1|GCF_000775955.1|NZ_CP009461.1:5046802-5047971:-|gene=nan|product=O-antigen_ligase_family_protein|record=873,mecA,mecA_riskaware_top1,GCF_000775955.1,data_cas_offinder/expanded_panel/genomes/GCF_000775955.1_genomic.fna,NZ_CP009461.1,5046802,5047971,-,1170,,O-antigen ligase family protein,False,DB_refined_essential_like
mecA|mecA_riskaware_top1|GCF_000784925.1|NZ_CP009862.1:1-80186:+|gene=nan|product=nan|record=874,mecA,mecA_riskaware_top1,GCF_000784925.1,data_cas_offinder/expanded_panel/genomes/GCF_000784925.1_genomic.fna,NZ_CP009862.1,1,80186,+,80186,,,True,DB_refined_AMR_or_resistance_related
mecA|mecA_riskaware_top1|GCF_000784925.1|NZ_CP009859.1:133984-135876:+|gene=aceF|product=pyruvate_dehydrogenase_complex_dihydrolipoyllysine-residue_acetyltransferase|record=875,mecA,mecA_riskaware_top1,GCF_000784925.1,data_cas_offinder/expanded_panel/genomes/GCF_000784925.1_genomic.fna,NZ_CP009859.1,133984,135876,+,1893,aceF,pyruvate dehydrogenase complex dihydrolipoyllysine-residue acetyltransferase,False,DB_refined_mobile_or_plasmid_related
mecA|mecA_riskaware_top1|GCF_000784925.1|NZ_CP009859.1:203590-204447:+|gene=cdsA|product=phosphatidate_cytidylyltransferase|record=876,mecA,mecA_riskaware_top1,GCF_000784925.1,data_cas_offinder/expanded_panel/genomes/GCF_000784925.1_genomic.fna,NZ_CP009859.1,203590,204447,+,858,cdsA,phosphatidate cytidylyltransferase,False,DB_refined_mobile_or_plasmid_related
mecA|mecA_riskaware_top1|GCF_000784925.1|NZ_CP009859.1:255369-258128:-|gene=tssH|product=type_VI_secretion_system_ATPase_TssH|record=877,mecA,mecA_riskaware_top1,GCF_000784925.1,data_cas_offinder/expanded_panel/genomes/GCF_000784925.1_genomic.fna,NZ_CP009859.1,255369,258128,-,2760,tssH,type VI secretion system ATPase TssH,True,DB_refined_AMR_or_resistance_related
mecA|mecA_riskaware_top1|GCF_000784925.1|NZ_CP009859.1:1002288-1002956:-|gene=artM|product=arginine_ABC_transporter_permease_ArtM|record=878,mecA,mecA_riskaware_top1,GCF_000784925.1,data_cas_offinder/expanded_panel/genomes/GCF_000784925.1_genomic.fna,NZ_CP009859.1,1002288,1002956,-,669,artM,arginine ABC transporter permease ArtM,True,DB_refined_AMR_or_resistance_related
mecA|mecA_riskaware_top1|GCF_000784925.1|NZ_CP009859.1:1361581-1362375:-|gene=potC|product=spermidine/putrescine_ABC_transporter_permease_PotC|record=879,mecA,mecA_riskaware_top1,GCF_000784925.1,data_cas_offinder/expanded_panel/genomes/GCF_000784925.1_genomic.fna,NZ_CP009859.1,1361581,1362375,-,795,potC,spermidine/putrescine ABC transporter permease PotC,True,DB_refined_AMR_or_resistance_related
mecA|mecA_riskaware_top1|GCF_000784925.1|NZ_CP009859.1:1923374-1924543:-|gene=ydhP|product=MFS_transporter|record=880,mecA,mecA_riskaware_top1,GCF_000784925.1,data_cas_offinder/expanded_panel/genomes/GCF_000784925.1_genomic.fna,NZ_CP009859.1,1923374,1924543,-,1170,ydhP,MFS transporter,False,DB_refined_mobile_or_plasmid_related
mecA|mecA_riskaware_top1|GCF_000784925.1|NZ_CP009859.1:2408967-2410361:-|gene=wcaJ|product=undecaprenyl-phosphate_glucose_phosphotransferase|record=881,mecA,mecA_riskaware_top1,GCF_000784925.1,data_cas_offinder/expanded_panel/genomes/GCF_000784925.1_genomic.fna,NZ_CP009859.1,2408967,2410361,-,1395,wcaJ,undecaprenyl-phosphate glucose phosphotransferase,False,DB_refined_mobile_or_plasmid_related
mecA|mecA_riskaware_top1|GCF_000784925.1|NZ_CP009859.1:2593932-2595575:-|gene=yojI|product=microcin_J25_efflux_ABC_transporter_YojI|record=882,mecA,mecA_riskaware_top1,GCF_000784925.1,data_cas_offinder/expanded_panel/genomes/GCF_000784925.1_genomic.fna,NZ_CP009859.1,2593932,2595575,-,1644,yojI,microcin J25 efflux ABC transporter YojI,True,DB_refined_AMR_or_resistance_related
mecA|mecA_riskaware_top1|GCF_000784925.1|NZ_CP009859.1:3729878-3731209:-|gene=tdcC|product=threonine/serine_transporter_TdcC|record=883,mecA,mecA_riskaware_top1,GCF_000784925.1,data_cas_offinder/expanded_panel/genomes/GCF_000784925.1_genomic.fna,NZ_CP009859.1,3729878,3731209,-,1332,tdcC,threonine/serine transporter TdcC,False,DB_refined_mobile_or_plasmid_related
mecA|mecA_riskaware_top1|GCF_000784925.1|NZ_CP009859.1:4338622-4349169:-|gene=iatC|product=inverse_autotransporter_adhesin_IatC|record=884,mecA,mecA_riskaware_top1,GCF_000784925.1,data_cas_offinder/expanded_panel/genomes/GCF_000784925.1_genomic.fna,NZ_CP009859.1,4338622,4349169,-,10548,iatC,inverse autotransporter adhesin IatC,False,DB_refined_virulence_related
mecA|mecA_riskaware_top1|GCF_000801165.1|NZ_CP009104.1:894492-896384:+|gene=aceF|product=pyruvate_dehydrogenase_complex_dihydrolipoyllysine-residue_acetyltransferase|record=885,mecA,mecA_riskaware_top1,GCF_000801165.1,data_cas_offinder/expanded_panel/genomes/GCF_000801165.1_genomic.fna,NZ_CP009104.1,894492,896384,+,1893,aceF,pyruvate dehydrogenase complex dihydrolipoyllysine-residue acetyltransferase,False,DB_refined_mobile_or_plasmid_related
mecA|mecA_riskaware_top1|GCF_000801165.1|NZ_CP009104.1:940210-942192:+|gene=fhuB|product=Fe(3+)-hydroxamate_ABC_transporter_permease_FhuB|record=886,mecA,mecA_riskaware_top1,GCF_000801165.1,data_cas_offinder/expanded_panel/genomes/GCF_000801165.1_genomic.fna,NZ_CP009104.1,940210,942192,+,1983,fhuB,Fe(3+)-hydroxamate ABC transporter permease FhuB,True,DB_refined_AMR_or_resistance_related
mecA|mecA_riskaware_top1|GCF_000801165.1|NZ_CP009104.1:963589-964446:+|gene=cdsA|product=phosphatidate_cytidylyltransferase|record=887,mecA,mecA_riskaware_top1,GCF_000801165.1,data_cas_offinder/expanded_panel/genomes/GCF_000801165.1_genomic.fna,NZ_CP009104.1,963589,964446,+,858,cdsA,phosphatidate cytidylyltransferase,False,DB_refined_mobile_or_plasmid_related
mecA|mecA_riskaware_top1|GCF_000801165.1|NZ_CP009104.1:1405530-1407767:-|gene=nrfB|product=cyclic_di-3'%2C5'-guanylate-activated_glycosyltransferase_NrfB|record=888,mecA,mecA_riskaware_top1,GCF_000801165.1,data_cas_offinder/expanded_panel/genomes/GCF_000801165.1_genomic.fna,NZ_CP009104.1,1405530,1407767,-,2238,nrfB,cyclic di-3'%2C5'-guanylate-activated glycosyltransferase NrfB,False,DB_refined_mobile_or_plasmid_related
mecA|mecA_riskaware_top1|GCF_000801165.1|NZ_CP009104.1:1709657-1710325:-|gene=artM|product=arginine_ABC_transporter_permease_ArtM|record=889,mecA,mecA_riskaware_top1,GCF_000801165.1,data_cas_offinder/expanded_panel/genomes/GCF_000801165.1_genomic.fna,NZ_CP009104.1,1709657,1710325,-,669,artM,arginine ABC transporter permease ArtM,True,DB_refined_AMR_or_resistance_related
mecA|mecA_riskaware_top1|GCF_000801165.1|NZ_CP009104.1:2044766-2045560:-|gene=potC|product=spermidine/putrescine_ABC_transporter_permease_PotC|record=890,mecA,mecA_riskaware_top1,GCF_000801165.1,data_cas_offinder/expanded_panel/genomes/GCF_000801165.1_genomic.fna,NZ_CP009104.1,2044766,2045560,-,795,potC,spermidine/putrescine ABC transporter permease PotC,True,DB_refined_AMR_or_resistance_related
mecA|mecA_riskaware_top1|GCF_000801165.1|NZ_CP009104.1:2593973-2595142:-|gene=ydhP|product=MFS_transporter|record=891,mecA,mecA_riskaware_top1,GCF_000801165.1,data_cas_offinder/expanded_panel/genomes/GCF_000801165.1_genomic.fna,NZ_CP009104.1,2593973,2595142,-,1170,ydhP,MFS transporter,False,DB_refined_mobile_or_plasmid_related
mecA|mecA_riskaware_top1|GCF_000801165.1|NZ_CP009104.1:3041373-3042767:-|gene=wcaJ|product=undecaprenyl-phosphate_glucose_phosphotransferase|record=892,mecA,mecA_riskaware_top1,GCF_000801165.1,data_cas_offinder/expanded_panel/genomes/GCF_000801165.1_genomic.fna,NZ_CP009104.1,3041373,3042767,-,1395,wcaJ,undecaprenyl-phosphate glucose phosphotransferase,False,DB_refined_mobile_or_plasmid_related
mecA|mecA_riskaware_top1|GCF_000801165.1|NZ_CP009104.1:3251505-3253148:-|gene=yojI|product=microcin_J25_efflux_ABC_transporter_YojI|record=893,mecA,mecA_riskaware_top1,GCF_000801165.1,data_cas_offinder/expanded_panel/genomes/GCF_000801165.1_genomic.fna,NZ_CP009104.1,3251505,3253148,-,1644,yojI,microcin J25 efflux ABC transporter YojI,True,DB_refined_AMR_or_resistance_related
mecA|mecA_riskaware_top1|GCF_000801165.1|NZ_CP009104.1:4220299-4221630:-|gene=tdcC|product=threonine/serine_transporter_TdcC|record=894,mecA,mecA_riskaware_top1,GCF_000801165.1,data_cas_offinder/expanded_panel/genomes/GCF_000801165.1_genomic.fna,NZ_CP009104.1,4220299,4221630,-,1332,tdcC,threonine/serine transporter TdcC,False,DB_refined_mobile_or_plasmid_related
mecA|mecA_riskaware_top1|GCF_000801165.1|NZ_CP009104.1:4636091-4636993:-|gene=dppC|product=dipeptide_ABC_transporter_permease_DppC|record=895,mecA,mecA_riskaware_top1,GCF_000801165.1,data_cas_offinder/expanded_panel/genomes/GCF_000801165.1_genomic.fna,NZ_CP009104.1,4636091,4636993,-,903,dppC,dipeptide ABC transporter permease DppC,True,DB_refined_AMR_or_resistance_related
mecA|mecA_riskaware_top1|GCF_000801185.2|NZ_CP009106.2:908548-910440:+|gene=aceF|product=pyruvate_dehydrogenase_complex_dihydrolipoyllysine-residue_acetyltransferase|record=896,mecA,mecA_riskaware_top1,GCF_000801185.2,data_cas_offinder/expanded_panel/genomes/GCF_000801185.2_genomic.fna,NZ_CP009106.2,908548,910440,+,1893,aceF,pyruvate dehydrogenase complex dihydrolipoyllysine-residue acetyltransferase,False,DB_refined_mobile_or_plasmid_related
mecA|mecA_riskaware_top1|GCF_000801185.2|NZ_CP009106.2:977488-978345:+|gene=cdsA|product=phosphatidate_cytidylyltransferase|record=897,mecA,mecA_riskaware_top1,GCF_000801185.2,data_cas_offinder/expanded_panel/genomes/GCF_000801185.2_genomic.fna,NZ_CP009106.2,977488,978345,+,858,cdsA,phosphatidate cytidylyltransferase,False,DB_refined_mobile_or_plasmid_related
mecA|mecA_riskaware_top1|GCF_000801185.2|NZ_CP009106.2:1366851-1369088:-|gene=nrfB|product=cyclic_di-3'%2C5'-guanylate-activated_glycosyltransferase_NrfB|record=898,mecA,mecA_riskaware_top1,GCF_000801185.2,data_cas_offinder/expanded_panel/genomes/GCF_000801185.2_genomic.fna,NZ_CP009106.2,1366851,1369088,-,2238,nrfB,cyclic di-3'%2C5'-guanylate-activated glycosyltransferase NrfB,False,DB_refined_mobile_or_plasmid_related
mecA|mecA_riskaware_top1|GCF_000801185.2|NZ_CP009106.2:1682718-1683386:-|gene=artM|product=arginine_ABC_transporter_permease_ArtM|record=899,mecA,mecA_riskaware_top1,GCF_000801185.2,data_cas_offinder/expanded_panel/genomes/GCF_000801185.2_genomic.fna,NZ_CP009106.2,1682718,1683386,-,669,artM,arginine ABC transporter permease ArtM,True,DB_refined_AMR_or_resistance_related
mecA|mecA_riskaware_top1|GCF_000801185.2|NZ_CP009106.2:1963491-1964285:-|gene=potC|product=spermidine/putrescine_ABC_transporter_permease_PotC|record=900,mecA,mecA_riskaware_top1,GCF_000801185.2,data_cas_offinder/expanded_panel/genomes/GCF_000801185.2_genomic.fna,NZ_CP009106.2,1963491,1964285,-,795,potC,spermidine/putrescine ABC transporter permease PotC,True,DB_refined_AMR_or_resistance_related
mecA|mecA_riskaware_top1|GCF_000801185.2|NZ_CP009106.2:2955203-2956597:-|gene=wcaJ|product=undecaprenyl-phosphate_glucose_phosphotransferase|record=901,mecA,mecA_riskaware_top1,GCF_000801185.2,data_cas_offinder/expanded_panel/genomes/GCF_000801185.2_genomic.fna,NZ_CP009106.2,2955203,2956597,-,1395,wcaJ,undecaprenyl-phosphate glucose phosphotransferase,False,DB_refined_mobile_or_plasmid_related
mecA|mecA_riskaware_top1|GCF_000801185.2|NZ_CP009106.2:3198968-3200611:-|gene=yojI|product=microcin_J25_efflux_ABC_transporter_YojI|record=902,mecA,mecA_riskaware_top1,GCF_000801185.2,data_cas_offinder/expanded_panel/genomes/GCF_000801185.2_genomic.fna,NZ_CP009106.2,3198968,3200611,-,1644,yojI,microcin J25 efflux ABC transporter YojI,True,DB_refined_AMR_or_resistance_related
mecA|mecA_riskaware_top1|GCF_000801185.2|NZ_CP009106.2:4278016-4279347:-|gene=tdcC|product=threonine/serine_transporter_TdcC|record=903,mecA,mecA_riskaware_top1,GCF_000801185.2,data_cas_offinder/expanded_panel/genomes/GCF_000801185.2_genomic.fna,NZ_CP009106.2,4278016,4279347,-,1332,tdcC,threonine/serine transporter TdcC,False,DB_refined_mobile_or_plasmid_related
mecA|mecA_riskaware_top1|GCF_000801185.2|NZ_CP009106.2:4696565-4697467:-|gene=dppC|product=dipeptide_ABC_transporter_permease_DppC|record=904,mecA,mecA_riskaware_top1,GCF_000801185.2,data_cas_offinder/expanded_panel/genomes/GCF_000801185.2_genomic.fna,NZ_CP009106.2,4696565,4697467,-,903,dppC,dipeptide ABC transporter permease DppC,True,DB_refined_AMR_or_resistance_related
mecA|mecA_riskaware_top1|GCF_000807395.2|NZ_CP010361.1:4660119-4662863:+|gene=rbbA|product=ribosome-associated_ATPase/putative_transporter_RbbA|record=905,mecA,mecA_riskaware_top1,GCF_000807395.2,data_cas_offinder/expanded_panel/genomes/GCF_000807395.2_genomic.fna,NZ_CP010361.1,4660119,4662863,+,2745,rbbA,ribosome-associated ATPase/putative transporter RbbA,False,DB_refined_essential_like
mecA|mecA_riskaware_top1|GCF_000807395.2|NZ_CP010361.1:4960429-4961286:-|gene=nan|product=ABC_transporter_permease_subunit|record=906,mecA,mecA_riskaware_top1,GCF_000807395.2,data_cas_offinder/expanded_panel/genomes/GCF_000807395.2_genomic.fna,NZ_CP010361.1,4960429,4961286,-,858,,ABC transporter permease subunit,True,DB_refined_AMR_or_resistance_related
mecA|mecA_riskaware_top1|GCF_000807395.2|NZ_CP010361.1:99368-100759:-|gene=nan|product=uracil-xanthine_permease|record=907,mecA,mecA_riskaware_top1,GCF_000807395.2,data_cas_offinder/expanded_panel/genomes/GCF_000807395.2_genomic.fna,NZ_CP010361.1,99368,100759,-,1392,,uracil-xanthine permease,True,DB_refined_AMR_or_resistance_related
mecA|mecA_riskaware_top1|GCF_000807395.2|NZ_CP010361.1:146848-148017:-|gene=nan|product=O-antigen_ligase_family_protein|record=908,mecA,mecA_riskaware_top1,GCF_000807395.2,data_cas_offinder/expanded_panel/genomes/GCF_000807395.2_genomic.fna,NZ_CP010361.1,146848,148017,-,1170,,O-antigen ligase family protein,False,DB_refined_essential_like
mecA|mecA_riskaware_top1|GCF_000807395.2|NZ_CP010361.1:225028-225930:+|gene=dppC|product=dipeptide_ABC_transporter_permease_DppC|record=909,mecA,mecA_riskaware_top1,GCF_000807395.2,data_cas_offinder/expanded_panel/genomes/GCF_000807395.2_genomic.fna,NZ_CP010361.1,225028,225930,+,903,dppC,dipeptide ABC transporter permease DppC,True,DB_refined_AMR_or_resistance_related
mecA|mecA_riskaware_top1|GCF_000807395.2|NZ_CP010361.1:316697-317941:+|gene=nan|product=amino_acid_permease|record=910,mecA,mecA_riskaware_top1,GCF_000807395.2,data_cas_offinder/expanded_panel/genomes/GCF_000807395.2_genomic.fna,NZ_CP010361.1,316697,317941,+,1245,,amino acid permease,True,DB_refined_AMR_or_resistance_related
mecA|mecA_riskaware_top1|GCF_000807395.2|NZ_CP010361.1:635803-636837:+|gene=lsrC|product=autoinducer_2_ABC_transporter_permease_LsrC|record=911,mecA,mecA_riskaware_top1,GCF_000807395.2,data_cas_offinder/expanded_panel/genomes/GCF_000807395.2_genomic.fna,NZ_CP010361.1,635803,636837,+,1035,lsrC,autoinducer 2 ABC transporter permease LsrC,True,DB_refined_AMR_or_resistance_related
mecA|mecA_riskaware_top1|GCF_000807395.2|NZ_CP010361.1:636838-637836:+|gene=nan|product=histidine_kinase|record=912,mecA,mecA_riskaware_top1,GCF_000807395.2,data_cas_offinder/expanded_panel/genomes/GCF_000807395.2_genomic.fna,NZ_CP010361.1,636838,637836,+,999,,histidine kinase,True,DB_refined_AMR_or_resistance_related
mecA|mecA_riskaware_top1|GCF_000807395.2|NZ_CP010361.1:673934-675541:-|gene=nan|product=cytosine_permease|record=913,mecA,mecA_riskaware_top1,GCF_000807395.2,data_cas_offinder/expanded_panel/genomes/GCF_000807395.2_genomic.fna,NZ_CP010361.1,673934,675541,-,1608,,cytosine permease,True,DB_refined_AMR_or_resistance_related
mecA|mecA_riskaware_top1|GCF_000807395.2|NZ_CP010361.1:814497-815891:-|gene=nan|product=sugar_porter_family_MFS_transporter|record=914,mecA,mecA_riskaware_top1,GCF_000807395.2,data_cas_offinder/expanded_panel/genomes/GCF_000807395.2_genomic.fna,NZ_CP010361.1,814497,815891,-,1395,,sugar porter family MFS transporter,False,DB_refined_mobile_or_plasmid_related
mecA|mecA_riskaware_top1|GCF_000807395.2|NZ_CP010361.1:1004852-1005991:+|gene=nan|product=cobalt-precorrin-5B_(C(1))-methyltransferase|record=915,mecA,mecA_riskaware_top1,GCF_000807395.2,data_cas_offinder/expanded_panel/genomes/GCF_000807395.2_genomic.fna,NZ_CP010361.1,1004852,1005991,+,1140,,cobalt-precorrin-5B (C(1))-methyltransferase,False,DB_refined_mobile_or_plasmid_related
mecA|mecA_riskaware_top1|GCF_000807395.2|NZ_CP010361.1:1103431-1104426:-|gene=nan|product=iron_ABC_transporter_permease|record=916,mecA,mecA_riskaware_top1,GCF_000807395.2,data_cas_offinder/expanded_panel/genomes/GCF_000807395.2_genomic.fna,NZ_CP010361.1,1103431,1104426,-,996,,iron ABC transporter permease,True,DB_refined_AMR_or_resistance_related
mecA|mecA_riskaware_top1|GCF_000807395.2|NZ_CP010361.1:1183325-1184392:-|gene=proW|product=glycine_betaine/L-proline_ABC_transporter_permease_ProW|record=917,mecA,mecA_riskaware_top1,GCF_000807395.2,data_cas_offinder/expanded_panel/genomes/GCF_000807395.2_genomic.fna,NZ_CP010361.1,1183325,1184392,-,1068,proW,glycine betaine/L-proline ABC transporter permease ProW,True,DB_refined_AMR_or_resistance_related
mecA|mecA_riskaware_top1|GCF_000807395.2|NZ_CP010361.1:1310027-1311463:+|gene=nan|product=sugar_porter_family_MFS_transporter|record=918,mecA,mecA_riskaware_top1,GCF_000807395.2,data_cas_offinder/expanded_panel/genomes/GCF_000807395.2_genomic.fna,NZ_CP010361.1,1310027,1311463,+,1437,,sugar porter family MFS transporter,False,DB_refined_mobile_or_plasmid_related
mecA|mecA_riskaware_top1|GCF_000807395.2|NZ_CP010361.1:1524124-1525653:+|gene=nuoM|product=NADH-quinone_oxidoreductase_subunit_M|record=919,mecA,mecA_riskaware_top1,GCF_000807395.2,data_cas_offinder/expanded_panel/genomes/GCF_000807395.2_genomic.fna,NZ_CP010361.1,1524124,1525653,+,1530,nuoM,NADH-quinone oxidoreductase subunit M,False,DB_refined_essential_like
mecA|mecA_riskaware_top1|GCF_000807395.2|NZ_CP010361.1:1978441-1979772:+|gene=tdcC|product=threonine/serine_transporter_TdcC|record=920,mecA,mecA_riskaware_top1,GCF_000807395.2,data_cas_offinder/expanded_panel/genomes/GCF_000807395.2_genomic.fna,NZ_CP010361.1,1978441,1979772,+,1332,tdcC,threonine/serine transporter TdcC,False,DB_refined_mobile_or_plasmid_related
mecA|mecA_riskaware_top1|GCF_000807395.2|NZ_CP010361.1:2063501-2065279:-|gene=narX|product=nitrate/nitrite_two-component_system_sensor_histidine_kinase_NarX|record=921,mecA,mecA_riskaware_top1,GCF_000807395.2,data_cas_offinder/expanded_panel/genomes/GCF_000807395.2_genomic.fna,NZ_CP010361.1,2063501,2065279,-,1779,narX,nitrate/nitrite two-component system sensor histidine kinase NarX,True,DB_refined_AMR_or_resistance_related
mecA|mecA_riskaware_top1|GCF_000807395.2|NZ_CP010361.1:2192317-2193294:+|gene=nan|product=ABC_transporter_substrate-binding_protein|record=922,mecA,mecA_riskaware_top1,GCF_000807395.2,data_cas_offinder/expanded_panel/genomes/GCF_000807395.2_genomic.fna,NZ_CP010361.1,2192317,2193294,+,978,,ABC transporter substrate-binding protein,False,DB_refined_mobile_or_plasmid_related
mecA|mecA_riskaware_top1|GCF_000807395.2|NZ_CP010361.1:2220389-2220943:+|gene=nan|product=DsbE_family_thiol:disulfide_interchange_protein|record=923,mecA,mecA_riskaware_top1,GCF_000807395.2,data_cas_offinder/expanded_panel/genomes/GCF_000807395.2_genomic.fna,NZ_CP010361.1,2220389,2220943,+,555,,DsbE family thiol:disulfide interchange protein,True,DB_refined_AMR_or_resistance_related
mecA|mecA_riskaware_top1|GCF_000807395.2|NZ_CP010361.1:3242844-3245372:-|gene=mdoH|product=glucans_biosynthesis_glucosyltransferase_MdoH|record=924,mecA,mecA_riskaware_top1,GCF_000807395.2,data_cas_offinder/expanded_panel/genomes/GCF_000807395.2_genomic.fna,NZ_CP010361.1,3242844,3245372,-,2529,mdoH,glucans biosynthesis glucosyltransferase MdoH,False,DB_refined_mobile_or_plasmid_related
mecA|mecA_riskaware_top1|GCF_000807395.2|NZ_CP010361.1:3476475-3477320:-|gene=potI|product=putrescine_ABC_transporter_permease_PotI|record=925,mecA,mecA_riskaware_top1,GCF_000807395.2,data_cas_offinder/expanded_panel/genomes/GCF_000807395.2_genomic.fna,NZ_CP010361.1,3476475,3477320,-,846,potI,putrescine ABC transporter permease PotI,True,DB_refined_AMR_or_resistance_related
mecA|mecA_riskaware_top1|GCF_000807395.2|NZ_CP010361.1:3685784-3687463:+|gene=kdpA|product=potassium-transporting_ATPase_subunit_KdpA|record=926,mecA,mecA_riskaware_top1,GCF_000807395.2,data_cas_offinder/expanded_panel/genomes/GCF_000807395.2_genomic.fna,NZ_CP010361.1,3685784,3687463,+,1680,kdpA,potassium-transporting ATPase subunit KdpA,False,DB_refined_mobile_or_plasmid_related
mecA|mecA_riskaware_top1|GCF_000807395.2|NZ_CP010361.1:3802062-3803054:+|gene=fepG|product=iron-enterobactin_ABC_transporter_permease|record=927,mecA,mecA_riskaware_top1,GCF_000807395.2,data_cas_offinder/expanded_panel/genomes/GCF_000807395.2_genomic.fna,NZ_CP010361.1,3802062,3803054,+,993,fepG,iron-enterobactin ABC transporter permease,True,DB_refined_AMR_or_resistance_related
mecA|mecA_riskaware_top1|GCF_000807395.2|NZ_CP010361.1:3857583-3860306:-|gene=nan|product=cation-transporting_P-type_ATPase|record=928,mecA,mecA_riskaware_top1,GCF_000807395.2,data_cas_offinder/expanded_panel/genomes/GCF_000807395.2_genomic.fna,NZ_CP010361.1,3857583,3860306,-,2724,,cation-transporting P-type ATPase,True,DB_refined_AMR_or_resistance_related
mecA|mecA_riskaware_top1|GCF_000807395.2|NZ_CP010361.1:3874908-3876335:+|gene=nan|product=MFS_transporter|record=929,mecA,mecA_riskaware_top1,GCF_000807395.2,data_cas_offinder/expanded_panel/genomes/GCF_000807395.2_genomic.fna,NZ_CP010361.1,3874908,3876335,+,1428,,MFS transporter,False,DB_refined_mobile_or_plasmid_related
mecA|mecA_riskaware_top1|GCF_000807395.2|NZ_CP010361.1:4020496-4022910:-|gene=nan|product=ABC_transporter_permease|record=930,mecA,mecA_riskaware_top1,GCF_000807395.2,data_cas_offinder/expanded_panel/genomes/GCF_000807395.2_genomic.fna,NZ_CP010361.1,4020496,4022910,-,2415,,ABC transporter permease,True,DB_refined_AMR_or_resistance_related
mecA|mecA_riskaware_top1|GCF_000807395.2|NZ_CP010361.1:4079027-4080454:+|gene=nan|product=PLP-dependent_aminotransferase_family_protein|record=931,mecA,mecA_riskaware_top1,GCF_000807395.2,data_cas_offinder/expanded_panel/genomes/GCF_000807395.2_genomic.fna,NZ_CP010361.1,4079027,4080454,+,1428,,PLP-dependent aminotransferase family protein,False,DB_refined_mobile_or_plasmid_related
mecA|mecA_riskaware_top1|GCF_000807395.2|NZ_CP010361.1:4473347-4474192:-|gene=araC|product=arabinose_operon_transcriptional_regulator_AraC|record=932,mecA,mecA_riskaware_top1,GCF_000807395.2,data_cas_offinder/expanded_panel/genomes/GCF_000807395.2_genomic.fna,NZ_CP010361.1,4473347,4474192,-,846,araC,arabinose operon transcriptional regulator AraC,False,DB_refined_essential_like
mecA|mecA_riskaware_top1|GCF_000807395.2|NZ_CP010361.1:4548104-4548790:-|gene=nan|product=tRNA/rRNA_methyltransferase|record=933,mecA,mecA_riskaware_top1,GCF_000807395.2,data_cas_offinder/expanded_panel/genomes/GCF_000807395.2_genomic.fna,NZ_CP010361.1,4548104,4548790,-,687,,tRNA/rRNA methyltransferase,False,DB_refined_mobile_or_plasmid_related
mecA|mecA_riskaware_top1|GCF_000807395.2|NZ_CP010361.1:4582157-4582945:+|gene=fhuF|product=siderophore-iron_reductase_FhuF|record=934,mecA,mecA_riskaware_top1,GCF_000807395.2,data_cas_offinder/expanded_panel/genomes/GCF_000807395.2_genomic.fna,NZ_CP010361.1,4582157,4582945,+,789,fhuF,siderophore-iron reductase FhuF,False,DB_refined_virulence_related
mecA|mecA_riskaware_top1|GCF_000807395.2|NZ_CP010361.1:4956205-4956873:-|gene=nan|product=glutathione_S-transferase|record=935,mecA,mecA_riskaware_top1,GCF_000807395.2,data_cas_offinder/expanded_panel/genomes/GCF_000807395.2_genomic.fna,NZ_CP010361.1,4956205,4956873,-,669,,glutathione S-transferase,False,DB_refined_mobile_or_plasmid_related
mecA|mecA_riskaware_top1|GCF_000807395.2|NZ_CP010361.1:4968037-4970460:-|gene=bamA|product=outer_membrane_protein_assembly_factor_BamA|record=936,mecA,mecA_riskaware_top1,GCF_000807395.2,data_cas_offinder/expanded_panel/genomes/GCF_000807395.2_genomic.fna,NZ_CP010361.1,4968037,4970460,-,2424,bamA,outer membrane protein assembly factor BamA,False,DB_refined_virulence_related
mecA|mecA_riskaware_top1|GCF_000807395.2|NZ_CP010361.1:5247977-5249242:-|gene=nan|product=MFS_transporter|record=937,mecA,mecA_riskaware_top1,GCF_000807395.2,data_cas_offinder/expanded_panel/genomes/GCF_000807395.2_genomic.fna,NZ_CP010361.1,5247977,5249242,-,1266,,MFS transporter,False,DB_refined_mobile_or_plasmid_related
mecA|mecA_riskaware_top1|GCF_000814145.2|NZ_CP010371.1:129964-131856:+|gene=aceF|product=pyruvate_dehydrogenase_complex_dihydrolipoyllysine-residue_acetyltransferase|record=938,mecA,mecA_riskaware_top1,GCF_000814145.2,data_cas_offinder/expanded_panel/genomes/GCF_000814145.2_genomic.fna,NZ_CP010371.1,129964,131856,+,1893,aceF,pyruvate dehydrogenase complex dihydrolipoyllysine-residue acetyltransferase,False,DB_refined_mobile_or_plasmid_related
mecA|mecA_riskaware_top1|GCF_000814145.2|NZ_CP010371.1:175731-177713:+|gene=fhuB|product=Fe(3+)-hydroxamate_ABC_transporter_permease_FhuB|record=939,mecA,mecA_riskaware_top1,GCF_000814145.2,data_cas_offinder/expanded_panel/genomes/GCF_000814145.2_genomic.fna,NZ_CP010371.1,175731,177713,+,1983,fhuB,Fe(3+)-hydroxamate ABC transporter permease FhuB,True,DB_refined_AMR_or_resistance_related
mecA|mecA_riskaware_top1|GCF_000814145.2|NZ_CP010371.1:199946-200803:+|gene=cdsA|product=phosphatidate_cytidylyltransferase|record=940,mecA,mecA_riskaware_top1,GCF_000814145.2,data_cas_offinder/expanded_panel/genomes/GCF_000814145.2_genomic.fna,NZ_CP010371.1,199946,200803,+,858,cdsA,phosphatidate cytidylyltransferase,False,DB_refined_mobile_or_plasmid_related
mecA|mecA_riskaware_top1|GCF_000814145.2|NZ_CP010371.1:251543-254308:-|gene=tssH|product=type_VI_secretion_system_ATPase_TssH|record=941,mecA,mecA_riskaware_top1,GCF_000814145.2,data_cas_offinder/expanded_panel/genomes/GCF_000814145.2_genomic.fna,NZ_CP010371.1,251543,254308,-,2766,tssH,type VI secretion system ATPase TssH,True,DB_refined_AMR_or_resistance_related
mecA|mecA_riskaware_top1|GCF_000814145.2|NZ_CP010371.1:961707-962375:-|gene=artM|product=arginine_ABC_transporter_permease_ArtM|record=942,mecA,mecA_riskaware_top1,GCF_000814145.2,data_cas_offinder/expanded_panel/genomes/GCF_000814145.2_genomic.fna,NZ_CP010371.1,961707,962375,-,669,artM,arginine ABC transporter permease ArtM,True,DB_refined_AMR_or_resistance_related
mecA|mecA_riskaware_top1|GCF_000814145.2|NZ_CP010371.1:1242711-1243505:-|gene=potC|product=spermidine/putrescine_ABC_transporter_permease_PotC|record=943,mecA,mecA_riskaware_top1,GCF_000814145.2,data_cas_offinder/expanded_panel/genomes/GCF_000814145.2_genomic.fna,NZ_CP010371.1,1242711,1243505,-,795,potC,spermidine/putrescine ABC transporter permease PotC,True,DB_refined_AMR_or_resistance_related
mecA|mecA_riskaware_top1|GCF_000814145.2|NZ_CP010371.1:2193681-2195087:-|gene=gndA|product=NADP-dependent_phosphogluconate_dehydrogenase|record=944,mecA,mecA_riskaware_top1,GCF_000814145.2,data_cas_offinder/expanded_panel/genomes/GCF_000814145.2_genomic.fna,NZ_CP010371.1,2193681,2195087,-,1407,gndA,NADP-dependent phosphogluconate dehydrogenase,False,DB_refined_essential_like
mecA|mecA_riskaware_top1|GCF_000814145.2|NZ_CP010371.1:2385825-2387468:-|gene=yojI|product=microcin_J25_efflux_ABC_transporter_YojI|record=945,mecA,mecA_riskaware_top1,GCF_000814145.2,data_cas_offinder/expanded_panel/genomes/GCF_000814145.2_genomic.fna,NZ_CP010371.1,2385825,2387468,-,1644,yojI,microcin J25 efflux ABC transporter YojI,True,DB_refined_AMR_or_resistance_related
mecA|mecA_riskaware_top1|GCF_000814145.2|NZ_CP010371.1:3307428-3308759:-|gene=tdcC|product=threonine/serine_transporter_TdcC|record=946,mecA,mecA_riskaware_top1,GCF_000814145.2,data_cas_offinder/expanded_panel/genomes/GCF_000814145.2_genomic.fna,NZ_CP010371.1,3307428,3308759,-,1332,tdcC,threonine/serine transporter TdcC,False,DB_refined_mobile_or_plasmid_related
mecA|mecA_riskaware_top1|GCF_000814145.2|NZ_CP010371.1:3742286-3743188:-|gene=dppC|product=dipeptide_ABC_transporter_permease_DppC|record=947,mecA,mecA_riskaware_top1,GCF_000814145.2,data_cas_offinder/expanded_panel/genomes/GCF_000814145.2_genomic.fna,NZ_CP010371.1,3742286,3743188,-,903,dppC,dipeptide ABC transporter permease DppC,True,DB_refined_AMR_or_resistance_related
mecA|mecA_riskaware_top1|GCF_000814305.1|NZ_CP010392.1:4639051-4641795:+|gene=rbbA|product=ribosome-associated_ATPase/putative_transporter_RbbA|record=948,mecA,mecA_riskaware_top1,GCF_000814305.1,data_cas_offinder/expanded_panel/genomes/GCF_000814305.1_genomic.fna,NZ_CP010392.1,4639051,4641795,+,2745,rbbA,ribosome-associated ATPase/putative transporter RbbA,False,DB_refined_essential_like
mecA|mecA_riskaware_top1|GCF_000814305.1|NZ_CP010392.1:4939243-4940100:-|gene=nan|product=ABC_transporter_permease|record=949,mecA,mecA_riskaware_top1,GCF_000814305.1,data_cas_offinder/expanded_panel/genomes/GCF_000814305.1_genomic.fna,NZ_CP010392.1,4939243,4940100,-,858,,ABC transporter permease,True,DB_refined_AMR_or_resistance_related
mecA|mecA_riskaware_top1|GCF_000814305.1|NZ_CP010392.1:99368-100759:-|gene=nan|product=nucleobase:cation_symporter-2_family_protein|record=950,mecA,mecA_riskaware_top1,GCF_000814305.1,data_cas_offinder/expanded_panel/genomes/GCF_000814305.1_genomic.fna,NZ_CP010392.1,99368,100759,-,1392,,nucleobase:cation symporter-2 family protein,True,DB_refined_AMR_or_resistance_related
mecA|mecA_riskaware_top1|GCF_000814305.1|NZ_CP010392.1:144535-145704:-|gene=nan|product=O-antigen_ligase_family_protein|record=951,mecA,mecA_riskaware_top1,GCF_000814305.1,data_cas_offinder/expanded_panel/genomes/GCF_000814305.1_genomic.fna,NZ_CP010392.1,144535,145704,-,1170,,O-antigen ligase family protein,False,DB_refined_essential_like
mecA|mecA_riskaware_top1|GCF_000814305.1|NZ_CP010392.1:222716-223618:+|gene=dppC|product=dipeptide_ABC_transporter_permease_DppC|record=952,mecA,mecA_riskaware_top1,GCF_000814305.1,data_cas_offinder/expanded_panel/genomes/GCF_000814305.1_genomic.fna,NZ_CP010392.1,222716,223618,+,903,dppC,dipeptide ABC transporter permease DppC,True,DB_refined_AMR_or_resistance_related
mecA|mecA_riskaware_top1|GCF_000814305.1|NZ_CP010392.1:314385-315629:+|gene=nan|product=aromatic_amino_acid_transport_family_protein|record=953,mecA,mecA_riskaware_top1,GCF_000814305.1,data_cas_offinder/expanded_panel/genomes/GCF_000814305.1_genomic.fna,NZ_CP010392.1,314385,315629,+,1245,,aromatic amino acid transport family protein,False,DB_refined_mobile_or_plasmid_related
mecA|mecA_riskaware_top1|GCF_000814305.1|NZ_CP010392.1:634559-635593:+|gene=lsrC|product=autoinducer_2_ABC_transporter_permease_LsrC|record=954,mecA,mecA_riskaware_top1,GCF_000814305.1,data_cas_offinder/expanded_panel/genomes/GCF_000814305.1_genomic.fna,NZ_CP010392.1,634559,635593,+,1035,lsrC,autoinducer 2 ABC transporter permease LsrC,True,DB_refined_AMR_or_resistance_related
mecA|mecA_riskaware_top1|GCF_000814305.1|NZ_CP010392.1:635594-636592:+|gene=lsrD|product=autoinducer_2_ABC_transporter_permease_LsrD|record=955,mecA,mecA_riskaware_top1,GCF_000814305.1,data_cas_offinder/expanded_panel/genomes/GCF_000814305.1_genomic.fna,NZ_CP010392.1,635594,636592,+,999,lsrD,autoinducer 2 ABC transporter permease LsrD,True,DB_refined_AMR_or_resistance_related
mecA|mecA_riskaware_top1|GCF_000814305.1|NZ_CP010392.1:672690-674297:-|gene=nan|product=purine-cytosine_permease_family_protein|record=956,mecA,mecA_riskaware_top1,GCF_000814305.1,data_cas_offinder/expanded_panel/genomes/GCF_000814305.1_genomic.fna,NZ_CP010392.1,672690,674297,-,1608,,purine-cytosine permease family protein,True,DB_refined_AMR_or_resistance_related
mecA|mecA_riskaware_top1|GCF_000814305.1|NZ_CP010392.1:813254-814648:-|gene=nan|product=sugar_porter_family_MFS_transporter|record=957,mecA,mecA_riskaware_top1,GCF_000814305.1,data_cas_offinder/expanded_panel/genomes/GCF_000814305.1_genomic.fna,NZ_CP010392.1,813254,814648,-,1395,,sugar porter family MFS transporter,False,DB_refined_mobile_or_plasmid_related
mecA|mecA_riskaware_top1|GCF_000814305.1|NZ_CP010392.1:1004813-1005952:+|gene=cbiD|product=cobalt-precorrin-5B_(C(1))-methyltransferase_CbiD|record=958,mecA,mecA_riskaware_top1,GCF_000814305.1,data_cas_offinder/expanded_panel/genomes/GCF_000814305.1_genomic.fna,NZ_CP010392.1,1004813,1005952,+,1140,cbiD,cobalt-precorrin-5B (C(1))-methyltransferase CbiD,False,DB_refined_mobile_or_plasmid_related
mecA|mecA_riskaware_top1|GCF_000814305.1|NZ_CP010392.1:1103396-1104391:-|gene=nan|product=FecCD_family_ABC_transporter_permease|record=959,mecA,mecA_riskaware_top1,GCF_000814305.1,data_cas_offinder/expanded_panel/genomes/GCF_000814305.1_genomic.fna,NZ_CP010392.1,1103396,1104391,-,996,,FecCD family ABC transporter permease,True,DB_refined_AMR_or_resistance_related
mecA|mecA_riskaware_top1|GCF_000814305.1|NZ_CP010392.1:1183159-1184226:-|gene=proW|product=glycine_betaine/L-proline_ABC_transporter_permease_ProW|record=960,mecA,mecA_riskaware_top1,GCF_000814305.1,data_cas_offinder/expanded_panel/genomes/GCF_000814305.1_genomic.fna,NZ_CP010392.1,1183159,1184226,-,1068,proW,glycine betaine/L-proline ABC transporter permease ProW,True,DB_refined_AMR_or_resistance_related
mecA|mecA_riskaware_top1|GCF_000814305.1|NZ_CP010392.1:1309862-1311298:+|gene=nan|product=sugar_porter_family_MFS_transporter|record=961,mecA,mecA_riskaware_top1,GCF_000814305.1,data_cas_offinder/expanded_panel/genomes/GCF_000814305.1_genomic.fna,NZ_CP010392.1,1309862,1311298,+,1437,,sugar porter family MFS transporter,False,DB_refined_mobile_or_plasmid_related
mecA|mecA_riskaware_top1|GCF_000814305.1|NZ_CP010392.1:1523961-1525490:+|gene=nuoM|product=NADH-quinone_oxidoreductase_subunit_M|record=962,mecA,mecA_riskaware_top1,GCF_000814305.1,data_cas_offinder/expanded_panel/genomes/GCF_000814305.1_genomic.fna,NZ_CP010392.1,1523961,1525490,+,1530,nuoM,NADH-quinone oxidoreductase subunit M,False,DB_refined_essential_like
mecA|mecA_riskaware_top1|GCF_000814305.1|NZ_CP010392.1:1976502-1977833:+|gene=tdcC|product=threonine/serine_transporter_TdcC|record=963,mecA,mecA_riskaware_top1,GCF_000814305.1,data_cas_offinder/expanded_panel/genomes/GCF_000814305.1_genomic.fna,NZ_CP010392.1,1976502,1977833,+,1332,tdcC,threonine/serine transporter TdcC,False,DB_refined_mobile_or_plasmid_related
mecA|mecA_riskaware_top1|GCF_000814305.1|NZ_CP010392.1:2061571-2063349:-|gene=narX|product=nitrate/nitrite_two-component_system_sensor_histidine_kinase_NarX|record=964,mecA,mecA_riskaware_top1,GCF_000814305.1,data_cas_offinder/expanded_panel/genomes/GCF_000814305.1_genomic.fna,NZ_CP010392.1,2061571,2063349,-,1779,narX,nitrate/nitrite two-component system sensor histidine kinase NarX,True,DB_refined_AMR_or_resistance_related
mecA|mecA_riskaware_top1|GCF_000814305.1|NZ_CP010392.1:2189804-2190781:+|gene=nan|product=ABC_transporter_substrate-binding_protein|record=965,mecA,mecA_riskaware_top1,GCF_000814305.1,data_cas_offinder/expanded_panel/genomes/GCF_000814305.1_genomic.fna,NZ_CP010392.1,2189804,2190781,+,978,,ABC transporter substrate-binding protein,False,DB_refined_mobile_or_plasmid_related
mecA|mecA_riskaware_top1|GCF_000814305.1|NZ_CP010392.1:2219035-2219589:+|gene=nan|product=DsbE_family_thiol:disulfide_interchange_protein|record=966,mecA,mecA_riskaware_top1,GCF_000814305.1,data_cas_offinder/expanded_panel/genomes/GCF_000814305.1_genomic.fna,NZ_CP010392.1,2219035,2219589,+,555,,DsbE family thiol:disulfide interchange protein,True,DB_refined_AMR_or_resistance_related
mecA|mecA_riskaware_top1|GCF_000814305.1|NZ_CP010392.1:3300836-3303364:-|gene=mdoH|product=glucans_biosynthesis_glucosyltransferase_MdoH|record=967,mecA,mecA_riskaware_top1,GCF_000814305.1,data_cas_offinder/expanded_panel/genomes/GCF_000814305.1_genomic.fna,NZ_CP010392.1,3300836,3303364,-,2529,mdoH,glucans biosynthesis glucosyltransferase MdoH,False,DB_refined_mobile_or_plasmid_related
mecA|mecA_riskaware_top1|GCF_000814305.1|NZ_CP010392.1:3491640-3492485:-|gene=potI|product=putrescine_ABC_transporter_permease_PotI|record=968,mecA,mecA_riskaware_top1,GCF_000814305.1,data_cas_offinder/expanded_panel/genomes/GCF_000814305.1_genomic.fna,NZ_CP010392.1,3491640,3492485,-,846,potI,putrescine ABC transporter permease PotI,True,DB_refined_AMR_or_resistance_related
mecA|mecA_riskaware_top1|GCF_000814305.1|NZ_CP010392.1:3663450-3665129:+|gene=kdpA|product=potassium-transporting_ATPase_subunit_KdpA|record=969,mecA,mecA_riskaware_top1,GCF_000814305.1,data_cas_offinder/expanded_panel/genomes/GCF_000814305.1_genomic.fna,NZ_CP010392.1,3663450,3665129,+,1680,kdpA,potassium-transporting ATPase subunit KdpA,False,DB_refined_mobile_or_plasmid_related
mecA|mecA_riskaware_top1|GCF_000814305.1|NZ_CP010392.1:3779730-3780722:+|gene=fepG|product=iron-enterobactin_ABC_transporter_permease|record=970,mecA,mecA_riskaware_top1,GCF_000814305.1,data_cas_offinder/expanded_panel/genomes/GCF_000814305.1_genomic.fna,NZ_CP010392.1,3779730,3780722,+,993,fepG,iron-enterobactin ABC transporter permease,True,DB_refined_AMR_or_resistance_related
mecA|mecA_riskaware_top1|GCF_000814305.1|NZ_CP010392.1:3835252-3837975:-|gene=nan|product=cation-transporting_P-type_ATPase|record=971,mecA,mecA_riskaware_top1,GCF_000814305.1,data_cas_offinder/expanded_panel/genomes/GCF_000814305.1_genomic.fna,NZ_CP010392.1,3835252,3837975,-,2724,,cation-transporting P-type ATPase,True,DB_refined_AMR_or_resistance_related
mecA|mecA_riskaware_top1|GCF_000814305.1|NZ_CP010392.1:3853769-3855196:+|gene=nan|product=MFS_transporter|record=972,mecA,mecA_riskaware_top1,GCF_000814305.1,data_cas_offinder/expanded_panel/genomes/GCF_000814305.1_genomic.fna,NZ_CP010392.1,3853769,3855196,+,1428,,MFS transporter,False,DB_refined_mobile_or_plasmid_related
mecA|mecA_riskaware_top1|GCF_000814305.1|NZ_CP010392.1:3999358-4001772:-|gene=ybbP|product=putative_ABC_transporter_permease_subunit_YbbP|record=973,mecA,mecA_riskaware_top1,GCF_000814305.1,data_cas_offinder/expanded_panel/genomes/GCF_000814305.1_genomic.fna,NZ_CP010392.1,3999358,4001772,-,2415,ybbP,putative ABC transporter permease subunit YbbP,True,DB_refined_AMR_or_resistance_related
mecA|mecA_riskaware_top1|GCF_000814305.1|NZ_CP010392.1:4057889-4059316:+|gene=nan|product=PLP-dependent_aminotransferase_family_protein|record=974,mecA,mecA_riskaware_top1,GCF_000814305.1,data_cas_offinder/expanded_panel/genomes/GCF_000814305.1_genomic.fna,NZ_CP010392.1,4057889,4059316,+,1428,,PLP-dependent aminotransferase family protein,False,DB_refined_mobile_or_plasmid_related
mecA|mecA_riskaware_top1|GCF_000814305.1|NZ_CP010392.1:4452277-4453122:-|gene=araC|product=arabinose_operon_transcriptional_regulator_AraC|record=975,mecA,mecA_riskaware_top1,GCF_000814305.1,data_cas_offinder/expanded_panel/genomes/GCF_000814305.1_genomic.fna,NZ_CP010392.1,4452277,4453122,-,846,araC,arabinose operon transcriptional regulator AraC,False,DB_refined_essential_like
mecA|mecA_riskaware_top1|GCF_000814305.1|NZ_CP010392.1:4527034-4527720:-|gene=nan|product=tRNA/rRNA_methyltransferase|record=976,mecA,mecA_riskaware_top1,GCF_000814305.1,data_cas_offinder/expanded_panel/genomes/GCF_000814305.1_genomic.fna,NZ_CP010392.1,4527034,4527720,-,687,,tRNA/rRNA methyltransferase,False,DB_refined_mobile_or_plasmid_related
mecA|mecA_riskaware_top1|GCF_000814305.1|NZ_CP010392.1:4561088-4561876:+|gene=fhuF|product=siderophore-iron_reductase_FhuF|record=977,mecA,mecA_riskaware_top1,GCF_000814305.1,data_cas_offinder/expanded_panel/genomes/GCF_000814305.1_genomic.fna,NZ_CP010392.1,4561088,4561876,+,789,fhuF,siderophore-iron reductase FhuF,False,DB_refined_virulence_related
mecA|mecA_riskaware_top1|GCF_000814305.1|NZ_CP010392.1:4935019-4935687:-|gene=nan|product=glutathione_S-transferase_family_protein|record=978,mecA,mecA_riskaware_top1,GCF_000814305.1,data_cas_offinder/expanded_panel/genomes/GCF_000814305.1_genomic.fna,NZ_CP010392.1,4935019,4935687,-,669,,glutathione S-transferase family protein,False,DB_refined_mobile_or_plasmid_related
mecA|mecA_riskaware_top1|GCF_000814305.1|NZ_CP010392.1:4946851-4949274:-|gene=bamA|product=outer_membrane_protein_assembly_factor_BamA|record=979,mecA,mecA_riskaware_top1,GCF_000814305.1,data_cas_offinder/expanded_panel/genomes/GCF_000814305.1_genomic.fna,NZ_CP010392.1,4946851,4949274,-,2424,bamA,outer membrane protein assembly factor BamA,False,DB_refined_virulence_related
mecA|mecA_riskaware_top1|GCF_000814305.1|NZ_CP010392.1:5217121-5218386:-|gene=nan|product=MFS_transporter|record=980,mecA,mecA_riskaware_top1,GCF_000814305.1,data_cas_offinder/expanded_panel/genomes/GCF_000814305.1_genomic.fna,NZ_CP010392.1,5217121,5218386,-,1266,,MFS transporter,False,DB_refined_mobile_or_plasmid_related
mecA|mecA_riskaware_top1|GCF_000968155.1|NZ_FO834906.1:1152380-1153447:-|gene=proW|product=glycine_betaine/L-proline_ABC_transporter_permease_ProW|record=981,mecA,mecA_riskaware_top1,GCF_000968155.1,data_cas_offinder/expanded_panel/genomes/GCF_000968155.1_genomic.fna,NZ_FO834906.1,1152380,1153447,-,1068,proW,glycine betaine/L-proline ABC transporter permease ProW,True,DB_refined_AMR_or_resistance_related
mecA|mecA_riskaware_top1|GCF_000968155.1|NZ_FO834906.1:3058021-3058551:+|gene=nan|product=hypothetical_protein|record=982,mecA,mecA_riskaware_top1,GCF_000968155.1,data_cas_offinder/expanded_panel/genomes/GCF_000968155.1_genomic.fna,NZ_FO834906.1,3058021,3058551,+,531,,hypothetical protein,True,DB_refined_AMR_or_resistance_related
mecA|mecA_riskaware_top1|GCF_000968155.1|NZ_FO834906.1:4723944-4726688:+|gene=rbbA|product=ribosome-associated_ATPase/putative_transporter_RbbA|record=983,mecA,mecA_riskaware_top1,GCF_000968155.1,data_cas_offinder/expanded_panel/genomes/GCF_000968155.1_genomic.fna,NZ_FO834906.1,4723944,4726688,+,2745,rbbA,ribosome-associated ATPase/putative transporter RbbA,False,DB_refined_essential_like
mecA|mecA_riskaware_top1|GCF_000968155.1|NZ_FO834906.1:5292362-5293219:-|gene=nan|product=ABC_transporter_permease|record=984,mecA,mecA_riskaware_top1,GCF_000968155.1,data_cas_offinder/expanded_panel/genomes/GCF_000968155.1_genomic.fna,NZ_FO834906.1,5292362,5293219,-,858,,ABC transporter permease,True,DB_refined_AMR_or_resistance_related
mecA|mecA_riskaware_top1|GCF_000968155.1|NZ_FO834906.1:98928-100319:-|gene=nan|product=nucleobase:cation_symporter-2_family_protein|record=985,mecA,mecA_riskaware_top1,GCF_000968155.1,data_cas_offinder/expanded_panel/genomes/GCF_000968155.1_genomic.fna,NZ_FO834906.1,98928,100319,-,1392,,nucleobase:cation symporter-2 family protein,True,DB_refined_AMR_or_resistance_related
mecA|mecA_riskaware_top1|GCF_000968155.1|NZ_FO834906.1:231935-232837:+|gene=dppC|product=dipeptide_ABC_transporter_permease_DppC|record=986,mecA,mecA_riskaware_top1,GCF_000968155.1,data_cas_offinder/expanded_panel/genomes/GCF_000968155.1_genomic.fna,NZ_FO834906.1,231935,232837,+,903,dppC,dipeptide ABC transporter permease DppC,True,DB_refined_AMR_or_resistance_related
mecA|mecA_riskaware_top1|GCF_000968155.1|NZ_FO834906.1:622431-623465:+|gene=lsrC|product=autoinducer_2_ABC_transporter_permease_LsrC|record=987,mecA,mecA_riskaware_top1,GCF_000968155.1,data_cas_offinder/expanded_panel/genomes/GCF_000968155.1_genomic.fna,NZ_FO834906.1,622431,623465,+,1035,lsrC,autoinducer 2 ABC transporter permease LsrC,True,DB_refined_AMR_or_resistance_related
mecA|mecA_riskaware_top1|GCF_000968155.1|NZ_FO834906.1:623466-624464:+|gene=lsrD|product=autoinducer_2_ABC_transporter_permease_LsrD|record=988,mecA,mecA_riskaware_top1,GCF_000968155.1,data_cas_offinder/expanded_panel/genomes/GCF_000968155.1_genomic.fna,NZ_FO834906.1,623466,624464,+,999,lsrD,autoinducer 2 ABC transporter permease LsrD,True,DB_refined_AMR_or_resistance_related
mecA|mecA_riskaware_top1|GCF_000968155.1|NZ_FO834906.1:660554-662161:-|gene=nan|product=purine-cytosine_permease_family_protein|record=989,mecA,mecA_riskaware_top1,GCF_000968155.1,data_cas_offinder/expanded_panel/genomes/GCF_000968155.1_genomic.fna,NZ_FO834906.1,660554,662161,-,1608,,purine-cytosine permease family protein,True,DB_refined_AMR_or_resistance_related
mecA|mecA_riskaware_top1|GCF_000968155.1|NZ_FO834906.1:746390-747784:-|gene=nan|product=sugar_porter_family_MFS_transporter|record=990,mecA,mecA_riskaware_top1,GCF_000968155.1,data_cas_offinder/expanded_panel/genomes/GCF_000968155.1_genomic.fna,NZ_FO834906.1,746390,747784,-,1395,,sugar porter family MFS transporter,False,DB_refined_mobile_or_plasmid_related
mecA|mecA_riskaware_top1|GCF_000968155.1|NZ_FO834906.1:936990-938129:+|gene=cbiD|product=cobalt-precorrin-5B_(C(1))-methyltransferase_CbiD|record=991,mecA,mecA_riskaware_top1,GCF_000968155.1,data_cas_offinder/expanded_panel/genomes/GCF_000968155.1_genomic.fna,NZ_FO834906.1,936990,938129,+,1140,cbiD,cobalt-precorrin-5B (C(1))-methyltransferase CbiD,False,DB_refined_mobile_or_plasmid_related
mecA|mecA_riskaware_top1|GCF_000968155.1|NZ_FO834906.1:1072483-1073478:-|gene=nan|product=FecCD_family_ABC_transporter_permease|record=992,mecA,mecA_riskaware_top1,GCF_000968155.1,data_cas_offinder/expanded_panel/genomes/GCF_000968155.1_genomic.fna,NZ_FO834906.1,1072483,1073478,-,996,,FecCD family ABC transporter permease,True,DB_refined_AMR_or_resistance_related
mecA|mecA_riskaware_top1|GCF_000968155.1|NZ_FO834906.1:1146580-1148118:-|gene=emrB|product=multidrug_efflux_MFS_transporter_permease_subunit_EmrB|record=993,mecA,mecA_riskaware_top1,GCF_000968155.1,data_cas_offinder/expanded_panel/genomes/GCF_000968155.1_genomic.fna,NZ_FO834906.1,1146580,1148118,-,1539,emrB,multidrug efflux MFS transporter permease subunit EmrB,True,DB_refined_AMR_or_resistance_related
mecA|mecA_riskaware_top1|GCF_000968155.1|NZ_FO834906.1:1437139-1438566:-|gene=nan|product=PLP-dependent_aminotransferase_family_protein|record=994,mecA,mecA_riskaware_top1,GCF_000968155.1,data_cas_offinder/expanded_panel/genomes/GCF_000968155.1_genomic.fna,NZ_FO834906.1,1437139,1438566,-,1428,,PLP-dependent aminotransferase family protein,False,DB_refined_mobile_or_plasmid_related
mecA|mecA_riskaware_top1|GCF_000968155.1|NZ_FO834906.1:1494579-1496993:+|gene=ybbP|product=putative_ABC_transporter_permease_subunit_YbbP|record=995,mecA,mecA_riskaware_top1,GCF_000968155.1,data_cas_offinder/expanded_panel/genomes/GCF_000968155.1_genomic.fna,NZ_FO834906.1,1494579,1496993,+,2415,ybbP,putative ABC transporter permease subunit YbbP,True,DB_refined_AMR_or_resistance_related
mecA|mecA_riskaware_top1|GCF_000968155.1|NZ_FO834906.1:1642458-1643885:-|gene=nan|product=MFS_transporter|record=996,mecA,mecA_riskaware_top1,GCF_000968155.1,data_cas_offinder/expanded_panel/genomes/GCF_000968155.1_genomic.fna,NZ_FO834906.1,1642458,1643885,-,1428,,MFS transporter,False,DB_refined_mobile_or_plasmid_related
mecA|mecA_riskaware_top1|GCF_000968155.1|NZ_FO834906.1:1658488-1661211:+|gene=nan|product=cation-transporting_P-type_ATPase|record=997,mecA,mecA_riskaware_top1,GCF_000968155.1,data_cas_offinder/expanded_panel/genomes/GCF_000968155.1_genomic.fna,NZ_FO834906.1,1658488,1661211,+,2724,,cation-transporting P-type ATPase,True,DB_refined_AMR_or_resistance_related
mecA|mecA_riskaware_top1|GCF_000968155.1|NZ_FO834906.1:1838400-1840079:-|gene=kdpA|product=potassium-transporting_ATPase_subunit_KdpA|record=998,mecA,mecA_riskaware_top1,GCF_000968155.1,data_cas_offinder/expanded_panel/genomes/GCF_000968155.1_genomic.fna,NZ_FO834906.1,1838400,1840079,-,1680,kdpA,potassium-transporting ATPase subunit KdpA,False,DB_refined_mobile_or_plasmid_related
mecA|mecA_riskaware_top1|GCF_000968155.1|NZ_FO834906.1:2055584-2056429:+|gene=potI|product=putrescine_ABC_transporter_permease_PotI|record=999,mecA,mecA_riskaware_top1,GCF_000968155.1,data_cas_offinder/expanded_panel/genomes/GCF_000968155.1_genomic.fna,NZ_FO834906.1,2055584,2056429,+,846,potI,putrescine ABC transporter permease PotI,True,DB_refined_AMR_or_resistance_related
mecA|mecA_riskaware_top1|GCF_000968155.1|NZ_FO834906.1:2245843-2248371:+|gene=mdoH|product=glucans_biosynthesis_glucosyltransferase_MdoH|record=1000,mecA,mecA_riskaware_top1,GCF_000968155.1,data_cas_offinder/expanded_panel/genomes/GCF_000968155.1_genomic.fna,NZ_FO834906.1,2245843,2248371,+,2529,mdoH,glucans biosynthesis glucosyltransferase MdoH,False,DB_refined_mobile_or_plasmid_related
mecA|mecA_riskaware_top1|GCF_000968155.1|NZ_FO834906.1:3289214-3289768:-|gene=nan|product=DsbE_family_thiol:disulfide_interchange_protein|record=1001,mecA,mecA_riskaware_top1,GCF_000968155.1,data_cas_offinder/expanded_panel/genomes/GCF_000968155.1_genomic.fna,NZ_FO834906.1,3289214,3289768,-,555,,DsbE family thiol:disulfide interchange protein,True,DB_refined_AMR_or_resistance_related
mecA|mecA_riskaware_top1|GCF_000968155.1|NZ_FO834906.1:3316795-3317772:-|gene=nan|product=ABC_transporter_substrate-binding_protein|record=1002,mecA,mecA_riskaware_top1,GCF_000968155.1,data_cas_offinder/expanded_panel/genomes/GCF_000968155.1_genomic.fna,NZ_FO834906.1,3316795,3317772,-,978,,ABC transporter substrate-binding protein,False,DB_refined_mobile_or_plasmid_related
mecA|mecA_riskaware_top1|GCF_000968155.1|NZ_FO834906.1:3444118-3445896:+|gene=narX|product=nitrate/nitrite_two-component_system_sensor_histidine_kinase_NarX|record=1003,mecA,mecA_riskaware_top1,GCF_000968155.1,data_cas_offinder/expanded_panel/genomes/GCF_000968155.1_genomic.fna,NZ_FO834906.1,3444118,3445896,+,1779,narX,nitrate/nitrite two-component system sensor histidine kinase NarX,True,DB_refined_AMR_or_resistance_related
mecA|mecA_riskaware_top1|GCF_000968155.1|NZ_FO834906.1:3525582-3526913:-|gene=tdcC|product=threonine/serine_transporter_TdcC|record=1004,mecA,mecA_riskaware_top1,GCF_000968155.1,data_cas_offinder/expanded_panel/genomes/GCF_000968155.1_genomic.fna,NZ_FO834906.1,3525582,3526913,-,1332,tdcC,threonine/serine transporter TdcC,False,DB_refined_mobile_or_plasmid_related
mecA|mecA_riskaware_top1|GCF_000968155.1|NZ_FO834906.1:4102917-4104446:-|gene=nuoM|product=NADH-quinone_oxidoreductase_subunit_M|record=1005,mecA,mecA_riskaware_top1,GCF_000968155.1,data_cas_offinder/expanded_panel/genomes/GCF_000968155.1_genomic.fna,NZ_FO834906.1,4102917,4104446,-,1530,nuoM,NADH-quinone oxidoreductase subunit M,False,DB_refined_essential_like
mecA|mecA_riskaware_top1|GCF_000968155.1|NZ_FO834906.1:4317109-4318545:-|gene=nan|product=sugar_porter_family_MFS_transporter|record=1006,mecA,mecA_riskaware_top1,GCF_000968155.1,data_cas_offinder/expanded_panel/genomes/GCF_000968155.1_genomic.fna,NZ_FO834906.1,4317109,4318545,-,1437,,sugar porter family MFS transporter,False,DB_refined_mobile_or_plasmid_related
mecA|mecA_riskaware_top1|GCF_000968155.1|NZ_FO834906.1:4544370-4545215:-|gene=araC|product=arabinose_operon_transcriptional_regulator_AraC|record=1007,mecA,mecA_riskaware_top1,GCF_000968155.1,data_cas_offinder/expanded_panel/genomes/GCF_000968155.1_genomic.fna,NZ_FO834906.1,4544370,4545215,-,846,araC,arabinose operon transcriptional regulator AraC,False,DB_refined_essential_like
mecA|mecA_riskaware_top1|GCF_000968155.1|NZ_FO834906.1:4619007-4619693:-|gene=nan|product=tRNA/rRNA_methyltransferase|record=1008,mecA,mecA_riskaware_top1,GCF_000968155.1,data_cas_offinder/expanded_panel/genomes/GCF_000968155.1_genomic.fna,NZ_FO834906.1,4619007,4619693,-,687,,tRNA/rRNA methyltransferase,False,DB_refined_mobile_or_plasmid_related
mecA|mecA_riskaware_top1|GCF_000968155.1|NZ_FO834906.1:4653060-4653848:+|gene=fhuF|product=siderophore-iron_reductase_FhuF|record=1009,mecA,mecA_riskaware_top1,GCF_000968155.1,data_cas_offinder/expanded_panel/genomes/GCF_000968155.1_genomic.fna,NZ_FO834906.1,4653060,4653848,+,789,fhuF,siderophore-iron reductase FhuF,False,DB_refined_virulence_related
mecA|mecA_riskaware_top1|GCF_000968155.1|NZ_FO834906.1:4824588-4826003:-|gene=nan|product=PTS_transporter_subunit_EIIC|record=1010,mecA,mecA_riskaware_top1,GCF_000968155.1,data_cas_offinder/expanded_panel/genomes/GCF_000968155.1_genomic.fna,NZ_FO834906.1,4824588,4826003,-,1416,,PTS transporter subunit EIIC,False,DB_refined_mobile_or_plasmid_related
mecA|mecA_riskaware_top1|GCF_000968155.1|NZ_FO834906.1:4956778-4958043:-|gene=nan|product=MFS_transporter|record=1011,mecA,mecA_riskaware_top1,GCF_000968155.1,data_cas_offinder/expanded_panel/genomes/GCF_000968155.1_genomic.fna,NZ_FO834906.1,4956778,4958043,-,1266,,MFS transporter,False,DB_refined_mobile_or_plasmid_related
mecA|mecA_riskaware_top1|GCF_000968155.1|NZ_FO834906.1:5288138-5288806:-|gene=nan|product=glutathione_S-transferase_family_protein|record=1012,mecA,mecA_riskaware_top1,GCF_000968155.1,data_cas_offinder/expanded_panel/genomes/GCF_000968155.1_genomic.fna,NZ_FO834906.1,5288138,5288806,-,669,,glutathione S-transferase family protein,False,DB_refined_mobile_or_plasmid_related
mecA|mecA_riskaware_top1|GCF_000968155.1|NZ_FO834906.1:5299969-5302392:-|gene=bamA|product=outer_membrane_protein_assembly_factor_BamA|record=1013,mecA,mecA_riskaware_top1,GCF_000968155.1,data_cas_offinder/expanded_panel/genomes/GCF_000968155.1_genomic.fna,NZ_FO834906.1,5299969,5302392,-,2424,bamA,outer membrane protein assembly factor BamA,False,DB_refined_virulence_related
mecA|mecA_riskaware_top1|GCF_001022035.1|NZ_CP011578.1:3822465-3823322:+|gene=nan|product=ABC_transporter_permease|record=1014,mecA,mecA_riskaware_top1,GCF_001022035.1,data_cas_offinder/expanded_panel/genomes/GCF_001022035.1_genomic.fna,NZ_CP011578.1,3822465,3823322,+,858,,ABC transporter permease,True,DB_refined_AMR_or_resistance_related
mecA|mecA_riskaware_top1|GCF_001022035.1|NZ_CP011578.1:4116652-4119396:-|gene=rbbA|product=ribosome-associated_ATPase/putative_transporter_RbbA|record=1015,mecA,mecA_riskaware_top1,GCF_001022035.1,data_cas_offinder/expanded_panel/genomes/GCF_001022035.1_genomic.fna,NZ_CP011578.1,4116652,4119396,-,2745,rbbA,ribosome-associated ATPase/putative transporter RbbA,False,DB_refined_essential_like
mecA|mecA_riskaware_top1|GCF_001022035.1|NZ_CP011578.1:174970-177498:+|gene=mdoH|product=glucans_biosynthesis_glucosyltransferase_MdoH|record=1016,mecA,mecA_riskaware_top1,GCF_001022035.1,data_cas_offinder/expanded_panel/genomes/GCF_001022035.1_genomic.fna,NZ_CP011578.1,174970,177498,+,2529,mdoH,glucans biosynthesis glucosyltransferase MdoH,False,DB_refined_mobile_or_plasmid_related
mecA|mecA_riskaware_top1|GCF_001022035.1|NZ_CP011578.1:1214283-1214837:-|gene=nan|product=DsbE_family_thiol:disulfide_interchange_protein|record=1017,mecA,mecA_riskaware_top1,GCF_001022035.1,data_cas_offinder/expanded_panel/genomes/GCF_001022035.1_genomic.fna,NZ_CP011578.1,1214283,1214837,-,555,,DsbE family thiol:disulfide interchange protein,True,DB_refined_AMR_or_resistance_related
mecA|mecA_riskaware_top1|GCF_001022035.1|NZ_CP011578.1:1241934-1242911:-|gene=nan|product=ABC_transporter_substrate-binding_protein|record=1018,mecA,mecA_riskaware_top1,GCF_001022035.1,data_cas_offinder/expanded_panel/genomes/GCF_001022035.1_genomic.fna,NZ_CP011578.1,1241934,1242911,-,978,,ABC transporter substrate-binding protein,False,DB_refined_mobile_or_plasmid_related
mecA|mecA_riskaware_top1|GCF_001022035.1|NZ_CP011578.1:1369245-1371023:+|gene=narX|product=nitrate/nitrite_two-component_system_sensor_histidine_kinase_NarX|record=1019,mecA,mecA_riskaware_top1,GCF_001022035.1,data_cas_offinder/expanded_panel/genomes/GCF_001022035.1_genomic.fna,NZ_CP011578.1,1369245,1371023,+,1779,narX,nitrate/nitrite two-component system sensor histidine kinase NarX,True,DB_refined_AMR_or_resistance_related
mecA|mecA_riskaware_top1|GCF_001022035.1|NZ_CP011578.1:1452531-1453862:-|gene=tdcC|product=threonine/serine_transporter_TdcC|record=1020,mecA,mecA_riskaware_top1,GCF_001022035.1,data_cas_offinder/expanded_panel/genomes/GCF_001022035.1_genomic.fna,NZ_CP011578.1,1452531,1453862,-,1332,tdcC,threonine/serine transporter TdcC,False,DB_refined_mobile_or_plasmid_related
mecA|mecA_riskaware_top1|GCF_001022035.1|NZ_CP011578.1:1885862-1887391:-|gene=nuoM|product=NADH-quinone_oxidoreductase_subunit_M|record=1021,mecA,mecA_riskaware_top1,GCF_001022035.1,data_cas_offinder/expanded_panel/genomes/GCF_001022035.1_genomic.fna,NZ_CP011578.1,1885862,1887391,-,1530,nuoM,NADH-quinone oxidoreductase subunit M,False,DB_refined_essential_like
mecA|mecA_riskaware_top1|GCF_001022035.1|NZ_CP011578.1:2100053-2101489:-|gene=nan|product=sugar_porter_family_MFS_transporter|record=1022,mecA,mecA_riskaware_top1,GCF_001022035.1,data_cas_offinder/expanded_panel/genomes/GCF_001022035.1_genomic.fna,NZ_CP011578.1,2100053,2101489,-,1437,,sugar porter family MFS transporter,False,DB_refined_mobile_or_plasmid_related
mecA|mecA_riskaware_top1|GCF_001022035.1|NZ_CP011578.1:2263535-2264602:+|gene=proW|product=glycine_betaine/L-proline_ABC_transporter_permease_ProW|record=1023,mecA,mecA_riskaware_top1,GCF_001022035.1,data_cas_offinder/expanded_panel/genomes/GCF_001022035.1_genomic.fna,NZ_CP011578.1,2263535,2264602,+,1068,proW,glycine betaine/L-proline ABC transporter permease ProW,True,DB_refined_AMR_or_resistance_related
mecA|mecA_riskaware_top1|GCF_001022035.1|NZ_CP011578.1:2343497-2344492:+|gene=nan|product=FecCD_family_ABC_transporter_permease|record=1024,mecA,mecA_riskaware_top1,GCF_001022035.1,data_cas_offinder/expanded_panel/genomes/GCF_001022035.1_genomic.fna,NZ_CP011578.1,2343497,2344492,+,996,,FecCD family ABC transporter permease,True,DB_refined_AMR_or_resistance_related
mecA|mecA_riskaware_top1|GCF_001022035.1|NZ_CP011578.1:2441935-2443074:-|gene=cbiD|product=cobalt-precorrin-5B_(C(1))-methyltransferase_CbiD|record=1025,mecA,mecA_riskaware_top1,GCF_001022035.1,data_cas_offinder/expanded_panel/genomes/GCF_001022035.1_genomic.fna,NZ_CP011578.1,2441935,2443074,-,1140,cbiD,cobalt-precorrin-5B (C(1))-methyltransferase CbiD,False,DB_refined_mobile_or_plasmid_related
mecA|mecA_riskaware_top1|GCF_001022035.1|NZ_CP011578.1:2632038-2633432:+|gene=nan|product=sugar_porter_family_MFS_transporter|record=1026,mecA,mecA_riskaware_top1,GCF_001022035.1,data_cas_offinder/expanded_panel/genomes/GCF_001022035.1_genomic.fna,NZ_CP011578.1,2632038,2633432,+,1395,,sugar porter family MFS transporter,False,DB_refined_mobile_or_plasmid_related
mecA|mecA_riskaware_top1|GCF_001022035.1|NZ_CP011578.1:2772390-2773997:+|gene=nan|product=purine-cytosine_permease_family_protein|record=1027,mecA,mecA_riskaware_top1,GCF_001022035.1,data_cas_offinder/expanded_panel/genomes/GCF_001022035.1_genomic.fna,NZ_CP011578.1,2772390,2773997,+,1608,,purine-cytosine permease family protein,True,DB_refined_AMR_or_resistance_related
mecA|mecA_riskaware_top1|GCF_001022035.1|NZ_CP011578.1:2811301-2812299:-|gene=lsrD|product=autoinducer_2_ABC_transporter_permease_LsrD|record=1028,mecA,mecA_riskaware_top1,GCF_001022035.1,data_cas_offinder/expanded_panel/genomes/GCF_001022035.1_genomic.fna,NZ_CP011578.1,2811301,2812299,-,999,lsrD,autoinducer 2 ABC transporter permease LsrD,True,DB_refined_AMR_or_resistance_related
mecA|mecA_riskaware_top1|GCF_001022035.1|NZ_CP011578.1:2812300-2813334:-|gene=lsrC|product=autoinducer_2_ABC_transporter_permease_LsrC|record=1029,mecA,mecA_riskaware_top1,GCF_001022035.1,data_cas_offinder/expanded_panel/genomes/GCF_001022035.1_genomic.fna,NZ_CP011578.1,2812300,2813334,-,1035,lsrC,autoinducer 2 ABC transporter permease LsrC,True,DB_refined_AMR_or_resistance_related
mecA|mecA_riskaware_top1|GCF_001022035.1|NZ_CP011578.1:3131186-3132430:-|gene=nan|product=aromatic_amino_acid_transport_family_protein|record=1030,mecA,mecA_riskaware_top1,GCF_001022035.1,data_cas_offinder/expanded_panel/genomes/GCF_001022035.1_genomic.fna,NZ_CP011578.1,3131186,3132430,-,1245,,aromatic amino acid transport family protein,False,DB_refined_mobile_or_plasmid_related
mecA|mecA_riskaware_top1|GCF_001022035.1|NZ_CP011578.1:3223197-3224099:-|gene=dppC|product=dipeptide_ABC_transporter_permease_DppC|record=1031,mecA,mecA_riskaware_top1,GCF_001022035.1,data_cas_offinder/expanded_panel/genomes/GCF_001022035.1_genomic.fna,NZ_CP011578.1,3223197,3224099,-,903,dppC,dipeptide ABC transporter permease DppC,True,DB_refined_AMR_or_resistance_related
mecA|mecA_riskaware_top1|GCF_001022035.1|NZ_CP011578.1:3299843-3301012:+|gene=nan|product=O-antigen_ligase_family_protein|record=1032,mecA,mecA_riskaware_top1,GCF_001022035.1,data_cas_offinder/expanded_panel/genomes/GCF_001022035.1_genomic.fna,NZ_CP011578.1,3299843,3301012,+,1170,,O-antigen ligase family protein,False,DB_refined_essential_like
mecA|mecA_riskaware_top1|GCF_001022035.1|NZ_CP011578.1:3347101-3348492:+|gene=nan|product=nucleobase:cation_symporter-2_family_protein|record=1033,mecA,mecA_riskaware_top1,GCF_001022035.1,data_cas_offinder/expanded_panel/genomes/GCF_001022035.1_genomic.fna,NZ_CP011578.1,3347101,3348492,+,1392,,nucleobase:cation symporter-2 family protein,True,DB_refined_AMR_or_resistance_related
mecA|mecA_riskaware_top1|GCF_001022035.1|NZ_CP011578.1:3543049-3544314:+|gene=nan|product=MFS_transporter|record=1034,mecA,mecA_riskaware_top1,GCF_001022035.1,data_cas_offinder/expanded_panel/genomes/GCF_001022035.1_genomic.fna,NZ_CP011578.1,3543049,3544314,+,1266,,MFS transporter,False,DB_refined_mobile_or_plasmid_related
mecA|mecA_riskaware_top1|GCF_001022035.1|NZ_CP011578.1:3813291-3815714:+|gene=bamA|product=outer_membrane_protein_assembly_factor_BamA|record=1035,mecA,mecA_riskaware_top1,GCF_001022035.1,data_cas_offinder/expanded_panel/genomes/GCF_001022035.1_genomic.fna,NZ_CP011578.1,3813291,3815714,+,2424,bamA,outer membrane protein assembly factor BamA,False,DB_refined_virulence_related
mecA|mecA_riskaware_top1|GCF_001022035.1|NZ_CP011578.1:3826878-3827546:+|gene=nan|product=glutathione_S-transferase_family_protein|record=1036,mecA,mecA_riskaware_top1,GCF_001022035.1,data_cas_offinder/expanded_panel/genomes/GCF_001022035.1_genomic.fna,NZ_CP011578.1,3826878,3827546,+,669,,glutathione S-transferase family protein,False,DB_refined_mobile_or_plasmid_related
mecA|mecA_riskaware_top1|GCF_001022035.1|NZ_CP011578.1:4196571-4197359:-|gene=fhuF|product=siderophore-iron_reductase_FhuF|record=1037,mecA,mecA_riskaware_top1,GCF_001022035.1,data_cas_offinder/expanded_panel/genomes/GCF_001022035.1_genomic.fna,NZ_CP011578.1,4196571,4197359,-,789,fhuF,siderophore-iron reductase FhuF,False,DB_refined_virulence_related
mecA|mecA_riskaware_top1|GCF_001022035.1|NZ_CP011578.1:4230612-4231298:+|gene=nan|product=tRNA/rRNA_methyltransferase|record=1038,mecA,mecA_riskaware_top1,GCF_001022035.1,data_cas_offinder/expanded_panel/genomes/GCF_001022035.1_genomic.fna,NZ_CP011578.1,4230612,4231298,+,687,,tRNA/rRNA methyltransferase,False,DB_refined_mobile_or_plasmid_related
mecA|mecA_riskaware_top1|GCF_001022035.1|NZ_CP011578.1:4306516-4307361:+|gene=araC|product=arabinose_operon_transcriptional_regulator_AraC|record=1039,mecA,mecA_riskaware_top1,GCF_001022035.1,data_cas_offinder/expanded_panel/genomes/GCF_001022035.1_genomic.fna,NZ_CP011578.1,4306516,4307361,+,846,araC,arabinose operon transcriptional regulator AraC,False,DB_refined_essential_like
mecA|mecA_riskaware_top1|GCF_001022035.1|NZ_CP011578.1:4701642-4703069:-|gene=nan|product=PLP-dependent_aminotransferase_family_protein|record=1040,mecA,mecA_riskaware_top1,GCF_001022035.1,data_cas_offinder/expanded_panel/genomes/GCF_001022035.1_genomic.fna,NZ_CP011578.1,4701642,4703069,-,1428,,PLP-dependent aminotransferase family protein,False,DB_refined_mobile_or_plasmid_related
mecA|mecA_riskaware_top1|GCF_001022035.1|NZ_CP011578.1:4759186-4761600:+|gene=ybbP|product=putative_ABC_transporter_permease_subunit_YbbP|record=1041,mecA,mecA_riskaware_top1,GCF_001022035.1,data_cas_offinder/expanded_panel/genomes/GCF_001022035.1_genomic.fna,NZ_CP011578.1,4759186,4761600,+,2415,ybbP,putative ABC transporter permease subunit YbbP,True,DB_refined_AMR_or_resistance_related
mecA|mecA_riskaware_top1|GCF_001022035.1|NZ_CP011578.1:4904980-4906407:-|gene=nan|product=MFS_transporter|record=1042,mecA,mecA_riskaware_top1,GCF_001022035.1,data_cas_offinder/expanded_panel/genomes/GCF_001022035.1_genomic.fna,NZ_CP011578.1,4904980,4906407,-,1428,,MFS transporter,False,DB_refined_mobile_or_plasmid_related
mecA|mecA_riskaware_top1|GCF_001022035.1|NZ_CP011578.1:4931020-4933743:+|gene=nan|product=cation-transporting_P-type_ATPase|record=1043,mecA,mecA_riskaware_top1,GCF_001022035.1,data_cas_offinder/expanded_panel/genomes/GCF_001022035.1_genomic.fna,NZ_CP011578.1,4931020,4933743,+,2724,,cation-transporting P-type ATPase,True,DB_refined_AMR_or_resistance_related
mecA|mecA_riskaware_top1|GCF_001022035.1|NZ_CP011578.1:4988273-4989265:-|gene=fepG|product=iron-enterobactin_ABC_transporter_permease|record=1044,mecA,mecA_riskaware_top1,GCF_001022035.1,data_cas_offinder/expanded_panel/genomes/GCF_001022035.1_genomic.fna,NZ_CP011578.1,4988273,4989265,-,993,fepG,iron-enterobactin ABC transporter permease,True,DB_refined_AMR_or_resistance_related
mecA|mecA_riskaware_top1|GCF_001022035.1|NZ_CP011578.1:5103866-5105545:-|gene=kdpA|product=potassium-transporting_ATPase_subunit_KdpA|record=1045,mecA,mecA_riskaware_top1,GCF_001022035.1,data_cas_offinder/expanded_panel/genomes/GCF_001022035.1_genomic.fna,NZ_CP011578.1,5103866,5105545,-,1680,kdpA,potassium-transporting ATPase subunit KdpA,False,DB_refined_mobile_or_plasmid_related
mecA|mecA_riskaware_top1|GCF_001022035.1|NZ_CP011578.1:5314008-5314853:+|gene=potI|product=putrescine_ABC_transporter_permease_PotI|record=1046,mecA,mecA_riskaware_top1,GCF_001022035.1,data_cas_offinder/expanded_panel/genomes/GCF_001022035.1_genomic.fna,NZ_CP011578.1,5314008,5314853,+,846,potI,putrescine ABC transporter permease PotI,True,DB_refined_AMR_or_resistance_related
mecA|mecA_riskaware_top1|GCF_001022175.1|NZ_CP011624.1:1550786-1553530:+|gene=rbbA|product=ribosome-associated_ATPase/putative_transporter_RbbA|record=1047,mecA,mecA_riskaware_top1,GCF_001022175.1,data_cas_offinder/expanded_panel/genomes/GCF_001022175.1_genomic.fna,NZ_CP011624.1,1550786,1553530,+,2745,rbbA,ribosome-associated ATPase/putative transporter RbbA,False,DB_refined_essential_like
mecA|mecA_riskaware_top1|GCF_001022175.1|NZ_CP011624.1:1838105-1838962:-|gene=nan|product=ABC_transporter_permease|record=1048,mecA,mecA_riskaware_top1,GCF_001022175.1,data_cas_offinder/expanded_panel/genomes/GCF_001022175.1_genomic.fna,NZ_CP011624.1,1838105,1838962,-,858,,ABC transporter permease,True,DB_refined_AMR_or_resistance_related
mecA|mecA_riskaware_top1|GCF_001022175.1|NZ_CP011624.1:3401553-3402620:-|gene=proW|product=glycine_betaine/L-proline_ABC_transporter_permease_ProW|record=1049,mecA,mecA_riskaware_top1,GCF_001022175.1,data_cas_offinder/expanded_panel/genomes/GCF_001022175.1_genomic.fna,NZ_CP011624.1,3401553,3402620,-,1068,proW,glycine betaine/L-proline ABC transporter permease ProW,True,DB_refined_AMR_or_resistance_related
mecA|mecA_riskaware_top1|GCF_001022175.1|NZ_CP011624.1:217948-220476:-|gene=mdoH|product=glucans_biosynthesis_glucosyltransferase_MdoH|record=1050,mecA,mecA_riskaware_top1,GCF_001022175.1,data_cas_offinder/expanded_panel/genomes/GCF_001022175.1_genomic.fna,NZ_CP011624.1,217948,220476,-,2529,mdoH,glucans biosynthesis glucosyltransferase MdoH,False,DB_refined_mobile_or_plasmid_related
mecA|mecA_riskaware_top1|GCF_001022175.1|NZ_CP011624.1:421233-422078:-|gene=potI|product=putrescine_ABC_transporter_permease_PotI|record=1051,mecA,mecA_riskaware_top1,GCF_001022175.1,data_cas_offinder/expanded_panel/genomes/GCF_001022175.1_genomic.fna,NZ_CP011624.1,421233,422078,-,846,potI,putrescine ABC transporter permease PotI,True,DB_refined_AMR_or_resistance_related
mecA|mecA_riskaware_top1|GCF_001022175.1|NZ_CP011624.1:593190-594869:+|gene=kdpA|product=potassium-transporting_ATPase_subunit_KdpA|record=1052,mecA,mecA_riskaware_top1,GCF_001022175.1,data_cas_offinder/expanded_panel/genomes/GCF_001022175.1_genomic.fna,NZ_CP011624.1,593190,594869,+,1680,kdpA,potassium-transporting ATPase subunit KdpA,False,DB_refined_mobile_or_plasmid_related
mecA|mecA_riskaware_top1|GCF_001022175.1|NZ_CP011624.1:710669-711661:+|gene=fepG|product=iron-enterobactin_ABC_transporter_permease|record=1053,mecA,mecA_riskaware_top1,GCF_001022175.1,data_cas_offinder/expanded_panel/genomes/GCF_001022175.1_genomic.fna,NZ_CP011624.1,710669,711661,+,993,fepG,iron-enterobactin ABC transporter permease,True,DB_refined_AMR_or_resistance_related
mecA|mecA_riskaware_top1|GCF_001022175.1|NZ_CP011624.1:764742-767465:-|gene=nan|product=cation-transporting_P-type_ATPase|record=1054,mecA,mecA_riskaware_top1,GCF_001022175.1,data_cas_offinder/expanded_panel/genomes/GCF_001022175.1_genomic.fna,NZ_CP011624.1,764742,767465,-,2724,,cation-transporting P-type ATPase,True,DB_refined_AMR_or_resistance_related
mecA|mecA_riskaware_top1|GCF_001022175.1|NZ_CP011624.1:906522-908936:-|gene=ybbP|product=putative_ABC_transporter_permease_subunit_YbbP|record=1055,mecA,mecA_riskaware_top1,GCF_001022175.1,data_cas_offinder/expanded_panel/genomes/GCF_001022175.1_genomic.fna,NZ_CP011624.1,906522,908936,-,2415,ybbP,putative ABC transporter permease subunit YbbP,True,DB_refined_AMR_or_resistance_related
mecA|mecA_riskaware_top1|GCF_001022175.1|NZ_CP011624.1:965053-966480:+|gene=nan|product=PLP-dependent_aminotransferase_family_protein|record=1056,mecA,mecA_riskaware_top1,GCF_001022175.1,data_cas_offinder/expanded_panel/genomes/GCF_001022175.1_genomic.fna,NZ_CP011624.1,965053,966480,+,1428,,PLP-dependent aminotransferase family protein,False,DB_refined_mobile_or_plasmid_related
mecA|mecA_riskaware_top1|GCF_001022175.1|NZ_CP011624.1:1369217-1370062:-|gene=araC|product=arabinose_operon_transcriptional_regulator_AraC|record=1057,mecA,mecA_riskaware_top1,GCF_001022175.1,data_cas_offinder/expanded_panel/genomes/GCF_001022175.1_genomic.fna,NZ_CP011624.1,1369217,1370062,-,846,araC,arabinose operon transcriptional regulator AraC,False,DB_refined_essential_like
mecA|mecA_riskaware_top1|GCF_001022175.1|NZ_CP011624.1:1443974-1444660:-|gene=nan|product=tRNA/rRNA_methyltransferase|record=1058,mecA,mecA_riskaware_top1,GCF_001022175.1,data_cas_offinder/expanded_panel/genomes/GCF_001022175.1_genomic.fna,NZ_CP011624.1,1443974,1444660,-,687,,tRNA/rRNA methyltransferase,False,DB_refined_mobile_or_plasmid_related
mecA|mecA_riskaware_top1|GCF_001022175.1|NZ_CP011624.1:1478028-1478816:+|gene=fhuF|product=siderophore-iron_reductase_FhuF|record=1059,mecA,mecA_riskaware_top1,GCF_001022175.1,data_cas_offinder/expanded_panel/genomes/GCF_001022175.1_genomic.fna,NZ_CP011624.1,1478028,1478816,+,789,fhuF,siderophore-iron reductase FhuF,False,DB_refined_virulence_related
mecA|mecA_riskaware_top1|GCF_001022175.1|NZ_CP011624.1:1833881-1834549:-|gene=nan|product=glutathione_S-transferase_family_protein|record=1060,mecA,mecA_riskaware_top1,GCF_001022175.1,data_cas_offinder/expanded_panel/genomes/GCF_001022175.1_genomic.fna,NZ_CP011624.1,1833881,1834549,-,669,,glutathione S-transferase family protein,False,DB_refined_mobile_or_plasmid_related
mecA|mecA_riskaware_top1|GCF_001022175.1|NZ_CP011624.1:1845713-1847509:-|gene=bamA|product=outer_membrane_protein_assembly_factor_BamA|record=1061,mecA,mecA_riskaware_top1,GCF_001022175.1,data_cas_offinder/expanded_panel/genomes/GCF_001022175.1_genomic.fna,NZ_CP011624.1,1845713,1847509,-,1797,bamA,outer membrane protein assembly factor BamA,True,DB_refined_AMR_or_resistance_related
mecA|mecA_riskaware_top1|GCF_001022175.1|NZ_CP011624.1:2118147-2119412:-|gene=nan|product=MFS_transporter|record=1062,mecA,mecA_riskaware_top1,GCF_001022175.1,data_cas_offinder/expanded_panel/genomes/GCF_001022175.1_genomic.fna,NZ_CP011624.1,2118147,2119412,-,1266,,MFS transporter,False,DB_refined_mobile_or_plasmid_related
mecA|mecA_riskaware_top1|GCF_001022175.1|NZ_CP011624.1:2315734-2317125:-|gene=nan|product=nucleobase:cation_symporter-2_family_protein|record=1063,mecA,mecA_riskaware_top1,GCF_001022175.1,data_cas_offinder/expanded_panel/genomes/GCF_001022175.1_genomic.fna,NZ_CP011624.1,2315734,2317125,-,1392,,nucleobase:cation symporter-2 family protein,True,DB_refined_AMR_or_resistance_related
mecA|mecA_riskaware_top1|GCF_001022175.1|NZ_CP011624.1:2364280-2365449:-|gene=nan|product=O-antigen_ligase_family_protein|record=1064,mecA,mecA_riskaware_top1,GCF_001022175.1,data_cas_offinder/expanded_panel/genomes/GCF_001022175.1_genomic.fna,NZ_CP011624.1,2364280,2365449,-,1170,,O-antigen ligase family protein,False,DB_refined_essential_like
mecA|mecA_riskaware_top1|GCF_001022175.1|NZ_CP011624.1:2442460-2443362:+|gene=dppC|product=dipeptide_ABC_transporter_permease_DppC|record=1065,mecA,mecA_riskaware_top1,GCF_001022175.1,data_cas_offinder/expanded_panel/genomes/GCF_001022175.1_genomic.fna,NZ_CP011624.1,2442460,2443362,+,903,dppC,dipeptide ABC transporter permease DppC,True,DB_refined_AMR_or_resistance_related
mecA|mecA_riskaware_top1|GCF_001022175.1|NZ_CP011624.1:2535447-2536691:+|gene=nan|product=aromatic_amino_acid_transport_family_protein|record=1066,mecA,mecA_riskaware_top1,GCF_001022175.1,data_cas_offinder/expanded_panel/genomes/GCF_001022175.1_genomic.fna,NZ_CP011624.1,2535447,2536691,+,1245,,aromatic amino acid transport family protein,False,DB_refined_mobile_or_plasmid_related
mecA|mecA_riskaware_top1|GCF_001022175.1|NZ_CP011624.1:2838554-2839588:+|gene=lsrC|product=autoinducer_2_ABC_transporter_permease_LsrC|record=1067,mecA,mecA_riskaware_top1,GCF_001022175.1,data_cas_offinder/expanded_panel/genomes/GCF_001022175.1_genomic.fna,NZ_CP011624.1,2838554,2839588,+,1035,lsrC,autoinducer 2 ABC transporter permease LsrC,True,DB_refined_AMR_or_resistance_related
mecA|mecA_riskaware_top1|GCF_001022175.1|NZ_CP011624.1:2839589-2840587:+|gene=lsrD|product=autoinducer_2_ABC_transporter_permease_LsrD|record=1068,mecA,mecA_riskaware_top1,GCF_001022175.1,data_cas_offinder/expanded_panel/genomes/GCF_001022175.1_genomic.fna,NZ_CP011624.1,2839589,2840587,+,999,lsrD,autoinducer 2 ABC transporter permease LsrD,True,DB_refined_AMR_or_resistance_related
mecA|mecA_riskaware_top1|GCF_001022175.1|NZ_CP011624.1:2891734-2892201:+|gene=nan|product=phage_tail_protein|record=1069,mecA,mecA_riskaware_top1,GCF_001022175.1,data_cas_offinder/expanded_panel/genomes/GCF_001022175.1_genomic.fna,NZ_CP011624.1,2891734,2892201,+,468,,phage tail protein,False,DB_refined_mobile_or_plasmid_related
mecA|mecA_riskaware_top1|GCF_001022175.1|NZ_CP011624.1:2913037-2914644:-|gene=nan|product=purine-cytosine_permease_family_protein|record=1070,mecA,mecA_riskaware_top1,GCF_001022175.1,data_cas_offinder/expanded_panel/genomes/GCF_001022175.1_genomic.fna,NZ_CP011624.1,2913037,2914644,-,1608,,purine-cytosine permease family protein,True,DB_refined_AMR_or_resistance_related
mecA|mecA_riskaware_top1|GCF_001022175.1|NZ_CP011624.1:2995573-2996967:-|gene=nan|product=sugar_porter_family_MFS_transporter|record=1071,mecA,mecA_riskaware_top1,GCF_001022175.1,data_cas_offinder/expanded_panel/genomes/GCF_001022175.1_genomic.fna,NZ_CP011624.1,2995573,2996967,-,1395,,sugar porter family MFS transporter,False,DB_refined_mobile_or_plasmid_related
mecA|mecA_riskaware_top1|GCF_001022175.1|NZ_CP011624.1:3187547-3188686:+|gene=cbiD|product=cobalt-precorrin-5B_(C(1))-methyltransferase_CbiD|record=1072,mecA,mecA_riskaware_top1,GCF_001022175.1,data_cas_offinder/expanded_panel/genomes/GCF_001022175.1_genomic.fna,NZ_CP011624.1,3187547,3188686,+,1140,cbiD,cobalt-precorrin-5B (C(1))-methyltransferase CbiD,False,DB_refined_mobile_or_plasmid_related
mecA|mecA_riskaware_top1|GCF_001022175.1|NZ_CP011624.1:3321655-3322650:-|gene=nan|product=FecCD_family_ABC_transporter_permease|record=1073,mecA,mecA_riskaware_top1,GCF_001022175.1,data_cas_offinder/expanded_panel/genomes/GCF_001022175.1_genomic.fna,NZ_CP011624.1,3321655,3322650,-,996,,FecCD family ABC transporter permease,True,DB_refined_AMR_or_resistance_related
mecA|mecA_riskaware_top1|GCF_001022175.1|NZ_CP011624.1:3537489-3538925:+|gene=nan|product=sugar_porter_family_MFS_transporter|record=1074,mecA,mecA_riskaware_top1,GCF_001022175.1,data_cas_offinder/expanded_panel/genomes/GCF_001022175.1_genomic.fna,NZ_CP011624.1,3537489,3538925,+,1437,,sugar porter family MFS transporter,False,DB_refined_mobile_or_plasmid_related
mecA|mecA_riskaware_top1|GCF_001022175.1|NZ_CP011624.1:3790282-3791811:+|gene=nuoM|product=NADH-quinone_oxidoreductase_subunit_M|record=1075,mecA,mecA_riskaware_top1,GCF_001022175.1,data_cas_offinder/expanded_panel/genomes/GCF_001022175.1_genomic.fna,NZ_CP011624.1,3790282,3791811,+,1530,nuoM,NADH-quinone oxidoreductase subunit M,False,DB_refined_essential_like
mecA|mecA_riskaware_top1|GCF_001022175.1|NZ_CP011624.1:4210131-4211462:+|gene=tdcC|product=threonine/serine_transporter_TdcC|record=1076,mecA,mecA_riskaware_top1,GCF_001022175.1,data_cas_offinder/expanded_panel/genomes/GCF_001022175.1_genomic.fna,NZ_CP011624.1,4210131,4211462,+,1332,tdcC,threonine/serine transporter TdcC,False,DB_refined_mobile_or_plasmid_related
mecA|mecA_riskaware_top1|GCF_001022175.1|NZ_CP011624.1:4329117-4330895:-|gene=narX|product=nitrate/nitrite_two-component_system_sensor_histidine_kinase_NarX|record=1077,mecA,mecA_riskaware_top1,GCF_001022175.1,data_cas_offinder/expanded_panel/genomes/GCF_001022175.1_genomic.fna,NZ_CP011624.1,4329117,4330895,-,1779,narX,nitrate/nitrite two-component system sensor histidine kinase NarX,True,DB_refined_AMR_or_resistance_related
mecA|mecA_riskaware_top1|GCF_001022175.1|NZ_CP011624.1:4456094-4457071:+|gene=nan|product=ABC_transporter_substrate-binding_protein|record=1078,mecA,mecA_riskaware_top1,GCF_001022175.1,data_cas_offinder/expanded_panel/genomes/GCF_001022175.1_genomic.fna,NZ_CP011624.1,4456094,4457071,+,978,,ABC transporter substrate-binding protein,False,DB_refined_mobile_or_plasmid_related
mecA|mecA_riskaware_top1|GCF_001022175.1|NZ_CP011624.1:4484170-4484724:+|gene=nan|product=DsbE_family_thiol:disulfide_interchange_protein|record=1079,mecA,mecA_riskaware_top1,GCF_001022175.1,data_cas_offinder/expanded_panel/genomes/GCF_001022175.1_genomic.fna,NZ_CP011624.1,4484170,4484724,+,555,,DsbE family thiol:disulfide interchange protein,True,DB_refined_AMR_or_resistance_related
mecA|mecA_riskaware_top1|GCF_001022235.1|NZ_CP011647.1:1518663-1519520:+|gene=nan|product=ABC_transporter_permease|record=1080,mecA,mecA_riskaware_top1,GCF_001022235.1,data_cas_offinder/expanded_panel/genomes/GCF_001022235.1_genomic.fna,NZ_CP011647.1,1518663,1519520,+,858,,ABC transporter permease,True,DB_refined_AMR_or_resistance_related
mecA|mecA_riskaware_top1|GCF_001022235.1|NZ_CP011647.1:1817087-1819831:-|gene=rbbA|product=ribosome-associated_ATPase/putative_transporter_RbbA|record=1081,mecA,mecA_riskaware_top1,GCF_001022235.1,data_cas_offinder/expanded_panel/genomes/GCF_001022235.1_genomic.fna,NZ_CP011647.1,1817087,1819831,-,2745,rbbA,ribosome-associated ATPase/putative transporter RbbA,False,DB_refined_essential_like
mecA|mecA_riskaware_top1|GCF_001022235.1|NZ_CP011647.1:38315-39310:+|gene=nan|product=FecCD_family_ABC_transporter_permease|record=1082,mecA,mecA_riskaware_top1,GCF_001022235.1,data_cas_offinder/expanded_panel/genomes/GCF_001022235.1_genomic.fna,NZ_CP011647.1,38315,39310,+,996,,FecCD family ABC transporter permease,True,DB_refined_AMR_or_resistance_related
mecA|mecA_riskaware_top1|GCF_001022235.1|NZ_CP011647.1:136754-137893:-|gene=cbiD|product=cobalt-precorrin-5B_(C(1))-methyltransferase_CbiD|record=1083,mecA,mecA_riskaware_top1,GCF_001022235.1,data_cas_offinder/expanded_panel/genomes/GCF_001022235.1_genomic.fna,NZ_CP011647.1,136754,137893,-,1140,cbiD,cobalt-precorrin-5B (C(1))-methyltransferase CbiD,False,DB_refined_mobile_or_plasmid_related
mecA|mecA_riskaware_top1|GCF_001022235.1|NZ_CP011647.1:327818-329212:+|gene=nan|product=sugar_porter_family_MFS_transporter|record=1084,mecA,mecA_riskaware_top1,GCF_001022235.1,data_cas_offinder/expanded_panel/genomes/GCF_001022235.1_genomic.fna,NZ_CP011647.1,327818,329212,+,1395,,sugar porter family MFS transporter,False,DB_refined_mobile_or_plasmid_related
mecA|mecA_riskaware_top1|GCF_001022235.1|NZ_CP011647.1:468169-469776:+|gene=nan|product=purine-cytosine_permease_family_protein|record=1085,mecA,mecA_riskaware_top1,GCF_001022235.1,data_cas_offinder/expanded_panel/genomes/GCF_001022235.1_genomic.fna,NZ_CP011647.1,468169,469776,+,1608,,purine-cytosine permease family protein,True,DB_refined_AMR_or_resistance_related
mecA|mecA_riskaware_top1|GCF_001022235.1|NZ_CP011647.1:505880-506878:-|gene=lsrD|product=autoinducer_2_ABC_transporter_permease_LsrD|record=1086,mecA,mecA_riskaware_top1,GCF_001022235.1,data_cas_offinder/expanded_panel/genomes/GCF_001022235.1_genomic.fna,NZ_CP011647.1,505880,506878,-,999,lsrD,autoinducer 2 ABC transporter permease LsrD,True,DB_refined_AMR_or_resistance_related
mecA|mecA_riskaware_top1|GCF_001022235.1|NZ_CP011647.1:506879-507913:-|gene=lsrC|product=autoinducer_2_ABC_transporter_permease_LsrC|record=1087,mecA,mecA_riskaware_top1,GCF_001022235.1,data_cas_offinder/expanded_panel/genomes/GCF_001022235.1_genomic.fna,NZ_CP011647.1,506879,507913,-,1035,lsrC,autoinducer 2 ABC transporter permease LsrC,True,DB_refined_AMR_or_resistance_related
mecA|mecA_riskaware_top1|GCF_001022235.1|NZ_CP011647.1:827083-828327:-|gene=nan|product=aromatic_amino_acid_transport_family_protein|record=1088,mecA,mecA_riskaware_top1,GCF_001022235.1,data_cas_offinder/expanded_panel/genomes/GCF_001022235.1_genomic.fna,NZ_CP011647.1,827083,828327,-,1245,,aromatic amino acid transport family protein,False,DB_refined_mobile_or_plasmid_related
mecA|mecA_riskaware_top1|GCF_001022235.1|NZ_CP011647.1:920421-921323:-|gene=dppC|product=dipeptide_ABC_transporter_permease_DppC|record=1089,mecA,mecA_riskaware_top1,GCF_001022235.1,data_cas_offinder/expanded_panel/genomes/GCF_001022235.1_genomic.fna,NZ_CP011647.1,920421,921323,-,903,dppC,dipeptide ABC transporter permease DppC,True,DB_refined_AMR_or_resistance_related
mecA|mecA_riskaware_top1|GCF_001022235.1|NZ_CP011647.1:997234-998403:+|gene=nan|product=O-antigen_ligase_family_protein|record=1090,mecA,mecA_riskaware_top1,GCF_001022235.1,data_cas_offinder/expanded_panel/genomes/GCF_001022235.1_genomic.fna,NZ_CP011647.1,997234,998403,+,1170,,O-antigen ligase family protein,False,DB_refined_essential_like
mecA|mecA_riskaware_top1|GCF_001022235.1|NZ_CP011647.1:1044492-1045883:+|gene=nan|product=nucleobase:cation_symporter-2_family_protein|record=1091,mecA,mecA_riskaware_top1,GCF_001022235.1,data_cas_offinder/expanded_panel/genomes/GCF_001022235.1_genomic.fna,NZ_CP011647.1,1044492,1045883,+,1392,,nucleobase:cation symporter-2 family protein,True,DB_refined_AMR_or_resistance_related
mecA|mecA_riskaware_top1|GCF_001022235.1|NZ_CP011647.1:1240441-1241706:+|gene=nan|product=MFS_transporter|record=1092,mecA,mecA_riskaware_top1,GCF_001022235.1,data_cas_offinder/expanded_panel/genomes/GCF_001022235.1_genomic.fna,NZ_CP011647.1,1240441,1241706,+,1266,,MFS transporter,False,DB_refined_mobile_or_plasmid_related
mecA|mecA_riskaware_top1|GCF_001022235.1|NZ_CP011647.1:1509489-1511912:+|gene=bamA|product=outer_membrane_protein_assembly_factor_BamA|record=1093,mecA,mecA_riskaware_top1,GCF_001022235.1,data_cas_offinder/expanded_panel/genomes/GCF_001022235.1_genomic.fna,NZ_CP011647.1,1509489,1511912,+,2424,bamA,outer membrane protein assembly factor BamA,False,DB_refined_virulence_related
mecA|mecA_riskaware_top1|GCF_001022235.1|NZ_CP011647.1:1523076-1523744:+|gene=nan|product=glutathione_S-transferase_family_protein|record=1094,mecA,mecA_riskaware_top1,GCF_001022235.1,data_cas_offinder/expanded_panel/genomes/GCF_001022235.1_genomic.fna,NZ_CP011647.1,1523076,1523744,+,669,,glutathione S-transferase family protein,False,DB_refined_mobile_or_plasmid_related
mecA|mecA_riskaware_top1|GCF_001022235.1|NZ_CP011647.1:1896630-1897418:-|gene=fhuF|product=siderophore-iron_reductase_FhuF|record=1095,mecA,mecA_riskaware_top1,GCF_001022235.1,data_cas_offinder/expanded_panel/genomes/GCF_001022235.1_genomic.fna,NZ_CP011647.1,1896630,1897418,-,789,fhuF,siderophore-iron reductase FhuF,False,DB_refined_virulence_related
mecA|mecA_riskaware_top1|GCF_001022235.1|NZ_CP011647.1:1930786-1931472:+|gene=nan|product=tRNA/rRNA_methyltransferase|record=1096,mecA,mecA_riskaware_top1,GCF_001022235.1,data_cas_offinder/expanded_panel/genomes/GCF_001022235.1_genomic.fna,NZ_CP011647.1,1930786,1931472,+,687,,tRNA/rRNA methyltransferase,False,DB_refined_mobile_or_plasmid_related
mecA|mecA_riskaware_top1|GCF_001022235.1|NZ_CP011647.1:2005384-2006229:+|gene=araC|product=arabinose_operon_transcriptional_regulator_AraC|record=1097,mecA,mecA_riskaware_top1,GCF_001022235.1,data_cas_offinder/expanded_panel/genomes/GCF_001022235.1_genomic.fna,NZ_CP011647.1,2005384,2006229,+,846,araC,arabinose operon transcriptional regulator AraC,False,DB_refined_essential_like
mecA|mecA_riskaware_top1|GCF_001022235.1|NZ_CP011647.1:2399201-2400628:-|gene=nan|product=PLP-dependent_aminotransferase_family_protein|record=1098,mecA,mecA_riskaware_top1,GCF_001022235.1,data_cas_offinder/expanded_panel/genomes/GCF_001022235.1_genomic.fna,NZ_CP011647.1,2399201,2400628,-,1428,,PLP-dependent aminotransferase family protein,False,DB_refined_mobile_or_plasmid_related
mecA|mecA_riskaware_top1|GCF_001022235.1|NZ_CP011647.1:2456745-2459159:+|gene=ybbP|product=putative_ABC_transporter_permease_subunit_YbbP|record=1099,mecA,mecA_riskaware_top1,GCF_001022235.1,data_cas_offinder/expanded_panel/genomes/GCF_001022235.1_genomic.fna,NZ_CP011647.1,2456745,2459159,+,2415,ybbP,putative ABC transporter permease subunit YbbP,True,DB_refined_AMR_or_resistance_related
mecA|mecA_riskaware_top1|GCF_001022235.1|NZ_CP011647.1:2604627-2606054:-|gene=nan|product=MFS_transporter|record=1100,mecA,mecA_riskaware_top1,GCF_001022235.1,data_cas_offinder/expanded_panel/genomes/GCF_001022235.1_genomic.fna,NZ_CP011647.1,2604627,2606054,-,1428,,MFS transporter,False,DB_refined_mobile_or_plasmid_related
mecA|mecA_riskaware_top1|GCF_001022235.1|NZ_CP011647.1:2622332-2625055:+|gene=nan|product=cation-transporting_P-type_ATPase|record=1101,mecA,mecA_riskaware_top1,GCF_001022235.1,data_cas_offinder/expanded_panel/genomes/GCF_001022235.1_genomic.fna,NZ_CP011647.1,2622332,2625055,+,2724,,cation-transporting P-type ATPase,True,DB_refined_AMR_or_resistance_related
mecA|mecA_riskaware_top1|GCF_001022235.1|NZ_CP011647.1:2679585-2680577:-|gene=fepG|product=iron-enterobactin_ABC_transporter_permease|record=1102,mecA,mecA_riskaware_top1,GCF_001022235.1,data_cas_offinder/expanded_panel/genomes/GCF_001022235.1_genomic.fna,NZ_CP011647.1,2679585,2680577,-,993,fepG,iron-enterobactin ABC transporter permease,True,DB_refined_AMR_or_resistance_related
mecA|mecA_riskaware_top1|GCF_001022235.1|NZ_CP011647.1:2795178-2796857:-|gene=kdpA|product=potassium-transporting_ATPase_subunit_KdpA|record=1103,mecA,mecA_riskaware_top1,GCF_001022235.1,data_cas_offinder/expanded_panel/genomes/GCF_001022235.1_genomic.fna,NZ_CP011647.1,2795178,2796857,-,1680,kdpA,potassium-transporting ATPase subunit KdpA,False,DB_refined_mobile_or_plasmid_related
mecA|mecA_riskaware_top1|GCF_001022235.1|NZ_CP011647.1:3006523-3007368:+|gene=potI|product=putrescine_ABC_transporter_permease_PotI|record=1104,mecA,mecA_riskaware_top1,GCF_001022235.1,data_cas_offinder/expanded_panel/genomes/GCF_001022235.1_genomic.fna,NZ_CP011647.1,3006523,3007368,+,846,potI,putrescine ABC transporter permease PotI,True,DB_refined_AMR_or_resistance_related
mecA|mecA_riskaware_top1|GCF_001022235.1|NZ_CP011647.1:3195644-3198172:+|gene=mdoH|product=glucans_biosynthesis_glucosyltransferase_MdoH|record=1105,mecA,mecA_riskaware_top1,GCF_001022235.1,data_cas_offinder/expanded_panel/genomes/GCF_001022235.1_genomic.fna,NZ_CP011647.1,3195644,3198172,+,2529,mdoH,glucans biosynthesis glucosyltransferase MdoH,False,DB_refined_mobile_or_plasmid_related
mecA|mecA_riskaware_top1|GCF_001022235.1|NZ_CP011647.1:4214970-4215524:-|gene=nan|product=DsbE_family_thiol:disulfide_interchange_protein|record=1106,mecA,mecA_riskaware_top1,GCF_001022235.1,data_cas_offinder/expanded_panel/genomes/GCF_001022235.1_genomic.fna,NZ_CP011647.1,4214970,4215524,-,555,,DsbE family thiol:disulfide interchange protein,True,DB_refined_AMR_or_resistance_related
mecA|mecA_riskaware_top1|GCF_001022235.1|NZ_CP011647.1:4242619-4243596:-|gene=nan|product=ABC_transporter_substrate-binding_protein|record=1107,mecA,mecA_riskaware_top1,GCF_001022235.1,data_cas_offinder/expanded_panel/genomes/GCF_001022235.1_genomic.fna,NZ_CP011647.1,4242619,4243596,-,978,,ABC transporter substrate-binding protein,False,DB_refined_mobile_or_plasmid_related
mecA|mecA_riskaware_top1|GCF_001022235.1|NZ_CP011647.1:4370455-4372233:+|gene=narX|product=nitrate/nitrite_two-component_system_sensor_histidine_kinase_NarX|record=1108,mecA,mecA_riskaware_top1,GCF_001022235.1,data_cas_offinder/expanded_panel/genomes/GCF_001022235.1_genomic.fna,NZ_CP011647.1,4370455,4372233,+,1779,narX,nitrate/nitrite two-component system sensor histidine kinase NarX,True,DB_refined_AMR_or_resistance_related
mecA|mecA_riskaware_top1|GCF_001022235.1|NZ_CP011647.1:4455991-4457322:-|gene=tdcC|product=threonine/serine_transporter_TdcC|record=1109,mecA,mecA_riskaware_top1,GCF_001022235.1,data_cas_offinder/expanded_panel/genomes/GCF_001022235.1_genomic.fna,NZ_CP011647.1,4455991,4457322,-,1332,tdcC,threonine/serine transporter TdcC,False,DB_refined_mobile_or_plasmid_related
mecA|mecA_riskaware_top1|GCF_001022235.1|NZ_CP011647.1:4982665-4984194:-|gene=nuoM|product=NADH-quinone_oxidoreductase_subunit_M|record=1110,mecA,mecA_riskaware_top1,GCF_001022235.1,data_cas_offinder/expanded_panel/genomes/GCF_001022235.1_genomic.fna,NZ_CP011647.1,4982665,4984194,-,1530,nuoM,NADH-quinone oxidoreductase subunit M,False,DB_refined_essential_like
mecA|mecA_riskaware_top1|GCF_001022235.1|NZ_CP011647.1:5196856-5198292:-|gene=nan|product=sugar_porter_family_MFS_transporter|record=1111,mecA,mecA_riskaware_top1,GCF_001022235.1,data_cas_offinder/expanded_panel/genomes/GCF_001022235.1_genomic.fna,NZ_CP011647.1,5196856,5198292,-,1437,,sugar porter family MFS transporter,False,DB_refined_mobile_or_plasmid_related
mecA|mecA_riskaware_top1|GCF_001022235.1|NZ_CP011647.1:5360495-5361562:+|gene=proW|product=glycine_betaine/L-proline_ABC_transporter_permease_ProW|record=1112,mecA,mecA_riskaware_top1,GCF_001022235.1,data_cas_offinder/expanded_panel/genomes/GCF_001022235.1_genomic.fna,NZ_CP011647.1,5360495,5361562,+,1068,proW,glycine betaine/L-proline ABC transporter permease ProW,True,DB_refined_AMR_or_resistance_related
mecA|mecA_riskaware_top3|GCF_000364385.3|NZ_CP006659.2:3716657-3717838:+|gene=setB|product=sugar_efflux_transporter_SetB|record=1113,mecA,mecA_riskaware_top3,GCF_000364385.3,data_cas_offinder/expanded_panel/genomes/GCF_000364385.3_genomic.fna,NZ_CP006659.2,3716657,3717838,+,1182,setB,sugar efflux transporter SetB,True,DB_refined_AMR_or_resistance_related
mecA|mecA_riskaware_top3|GCF_000418345.1|NC_021670.1:273036-274178:+|gene=nan|product=PrsW_family_intramembrane_metalloprotease|record=1114,mecA,mecA_riskaware_top3,GCF_000418345.1,data_cas_offinder/expanded_panel/genomes/GCF_000418345.1_genomic.fna,NC_021670.1,273036,274178,+,1143,,PrsW family intramembrane metalloprotease,False,DB_refined_mobile_or_plasmid_related
mecA|mecA_riskaware_top3|GCF_000597845.1|NZ_CP007265.1:906411-909413:-|gene=ehaB|product=autotransporter_adhesin_EhaB|record=1115,mecA,mecA_riskaware_top3,GCF_000597845.1,data_cas_offinder/expanded_panel/genomes/GCF_000597845.1_genomic.fna,NZ_CP007265.1,906411,909413,-,3003,ehaB,autotransporter adhesin EhaB,False,DB_refined_virulence_related
mecA|mecA_riskaware_top3|GCF_000597845.1|NZ_CP007265.1:3396106-3397167:-|gene=yfgO|product=AI-2E_family_transporter|record=1116,mecA,mecA_riskaware_top3,GCF_000597845.1,data_cas_offinder/expanded_panel/genomes/GCF_000597845.1_genomic.fna,NZ_CP007265.1,3396106,3397167,-,1062,yfgO,AI-2E family transporter,False,DB_refined_mobile_or_plasmid_related
mecA|mecA_riskaware_top3|GCF_000597965.1|NZ_CP007454.1:892619-893761:-|gene=nan|product=PrsW_family_intramembrane_metalloprotease|record=1117,mecA,mecA_riskaware_top3,GCF_000597965.1,data_cas_offinder/expanded_panel/genomes/GCF_000597965.1_genomic.fna,NZ_CP007454.1,892619,893761,-,1143,,PrsW family intramembrane metalloprotease,False,DB_refined_mobile_or_plasmid_related
mecA|mecA_riskaware_top3|GCF_000599625.1|NZ_CP007390.1:1276123-1277184:+|gene=yfgO|product=AI-2E_family_transporter|record=1118,mecA,mecA_riskaware_top3,GCF_000599625.1,data_cas_offinder/expanded_panel/genomes/GCF_000599625.1_genomic.fna,NZ_CP007390.1,1276123,1277184,+,1062,yfgO,AI-2E family transporter,False,DB_refined_mobile_or_plasmid_related
mecA|mecA_riskaware_top3|GCF_000599625.1|NZ_CP007390.1:3480221-3483223:-|gene=ehaB|product=autotransporter_adhesin_EhaB|record=1119,mecA,mecA_riskaware_top3,GCF_000599625.1,data_cas_offinder/expanded_panel/genomes/GCF_000599625.1_genomic.fna,NZ_CP007390.1,3480221,3483223,-,3003,ehaB,autotransporter adhesin EhaB,False,DB_refined_virulence_related
mecA|mecA_riskaware_top3|GCF_000599645.1|NZ_CP007391.1:1367474-1368535:+|gene=yfgO|product=AI-2E_family_transporter|record=1120,mecA,mecA_riskaware_top3,GCF_000599645.1,data_cas_offinder/expanded_panel/genomes/GCF_000599645.1_genomic.fna,NZ_CP007391.1,1367474,1368535,+,1062,yfgO,AI-2E family transporter,False,DB_refined_mobile_or_plasmid_related
mecA|mecA_riskaware_top3|GCF_000599645.1|NZ_CP007391.1:3579342-3582344:-|gene=ehaB|product=autotransporter_adhesin_EhaB|record=1121,mecA,mecA_riskaware_top3,GCF_000599645.1,data_cas_offinder/expanded_panel/genomes/GCF_000599645.1_genomic.fna,NZ_CP007391.1,3579342,3582344,-,3003,ehaB,autotransporter adhesin EhaB,False,DB_refined_virulence_related
mecA|mecA_riskaware_top3|GCF_000599665.1|NZ_CP007392.1:1033901-1036849:+|gene=ehaB|product=autotransporter_adhesin_EhaB|record=1122,mecA,mecA_riskaware_top3,GCF_000599665.1,data_cas_offinder/expanded_panel/genomes/GCF_000599665.1_genomic.fna,NZ_CP007392.1,1033901,1036849,+,2949,ehaB,autotransporter adhesin EhaB,False,DB_refined_virulence_related
mecA|mecA_riskaware_top3|GCF_000599685.1|NZ_CP007393.1:1041443-1044391:+|gene=ehaB|product=autotransporter_adhesin_EhaB|record=1123,mecA,mecA_riskaware_top3,GCF_000599685.1,data_cas_offinder/expanded_panel/genomes/GCF_000599685.1_genomic.fna,NZ_CP007393.1,1041443,1044391,+,2949,ehaB,autotransporter adhesin EhaB,False,DB_refined_virulence_related
mecA|mecA_riskaware_top3|GCF_000599705.1|NZ_CP007394.1:1042411-1045359:+|gene=ehaB|product=autotransporter_adhesin_EhaB|record=1124,mecA,mecA_riskaware_top3,GCF_000599705.1,data_cas_offinder/expanded_panel/genomes/GCF_000599705.1_genomic.fna,NZ_CP007394.1,1042411,1045359,+,2949,ehaB,autotransporter adhesin EhaB,False,DB_refined_virulence_related
mecA|mecA_riskaware_top3|GCF_000626615.2|NZ_CP007539.2:2126686-2127828:-|gene=nan|product=PrsW_family_intramembrane_metalloprotease|record=1125,mecA,mecA_riskaware_top3,GCF_000626615.2,data_cas_offinder/expanded_panel/genomes/GCF_000626615.2_genomic.fna,NZ_CP007539.2,2126686,2127828,-,1143,,PrsW family intramembrane metalloprotease,False,DB_refined_mobile_or_plasmid_related
mecA|mecA_riskaware_top3|GCF_000695215.1|NZ_CP007659.1:247085-248227:+|gene=nan|product=PrsW_family_intramembrane_metalloprotease|record=1126,mecA,mecA_riskaware_top3,GCF_000695215.1,data_cas_offinder/expanded_panel/genomes/GCF_000695215.1_genomic.fna,NZ_CP007659.1,247085,248227,+,1143,,PrsW family intramembrane metalloprotease,False,DB_refined_mobile_or_plasmid_related
mecA|mecA_riskaware_top3|GCF_000695875.1|NZ_CP007690.1:277262-278404:+|gene=nan|product=PrsW_family_intramembrane_metalloprotease|record=1127,mecA,mecA_riskaware_top3,GCF_000695875.1,data_cas_offinder/expanded_panel/genomes/GCF_000695875.1_genomic.fna,NZ_CP007690.1,277262,278404,+,1143,,PrsW family intramembrane metalloprotease,False,DB_refined_mobile_or_plasmid_related
mecA|mecA_riskaware_top3|GCF_000709475.1|NZ_CP007447.1:250779-251921:+|gene=nan|product=PrsW_family_intramembrane_metalloprotease|record=1128,mecA,mecA_riskaware_top3,GCF_000709475.1,data_cas_offinder/expanded_panel/genomes/GCF_000709475.1_genomic.fna,NZ_CP007447.1,250779,251921,+,1143,,PrsW family intramembrane metalloprotease,False,DB_refined_mobile_or_plasmid_related
mecA|mecA_riskaware_top3|GCF_000739495.1|NZ_CP009114.1:1865717-1866898:+|gene=setB|product=sugar_efflux_transporter_SetB|record=1129,mecA,mecA_riskaware_top3,GCF_000739495.1,data_cas_offinder/expanded_panel/genomes/GCF_000739495.1_genomic.fna,NZ_CP009114.1,1865717,1866898,+,1182,setB,sugar efflux transporter SetB,True,DB_refined_AMR_or_resistance_related
mecA|mecA_riskaware_top3|GCF_000739495.1|NZ_CP009114.1:3837640-3838410:-|gene=nan|product=MBL_fold_metallo-hydrolase|record=1130,mecA,mecA_riskaware_top3,GCF_000739495.1,data_cas_offinder/expanded_panel/genomes/GCF_000739495.1_genomic.fna,NZ_CP009114.1,3837640,3838410,-,771,,MBL fold metallo-hydrolase,False,DB_refined_essential_like
mecA|mecA_riskaware_top3|GCF_000746505.1|NZ_CP007499.1:255703-256845:+|gene=nan|product=PrsW_family_intramembrane_metalloprotease|record=1131,mecA,mecA_riskaware_top3,GCF_000746505.1,data_cas_offinder/expanded_panel/genomes/GCF_000746505.1_genomic.fna,NZ_CP007499.1,255703,256845,+,1143,,PrsW family intramembrane metalloprotease,False,DB_refined_mobile_or_plasmid_related
mecA|mecA_riskaware_top3|GCF_000756205.1|NZ_CP009361.1:217445-218587:+|gene=nan|product=PrsW_family_intramembrane_metalloprotease|record=1132,mecA,mecA_riskaware_top3,GCF_000756205.1,data_cas_offinder/expanded_panel/genomes/GCF_000756205.1_genomic.fna,NZ_CP009361.1,217445,218587,+,1143,,PrsW family intramembrane metalloprotease,False,DB_refined_mobile_or_plasmid_related
mecA|mecA_riskaware_top3|GCF_000764615.1|NZ_CP008929.1:109611-110792:+|gene=setB|product=sugar_efflux_transporter_SetB|record=1133,mecA,mecA_riskaware_top3,GCF_000764615.1,data_cas_offinder/expanded_panel/genomes/GCF_000764615.1_genomic.fna,NZ_CP008929.1,109611,110792,+,1182,setB,sugar efflux transporter SetB,True,DB_refined_AMR_or_resistance_related
mecA|mecA_riskaware_top3|GCF_000764615.1|NZ_CP008929.1:351296-352357:-|gene=nan|product=AI-2E_family_transporter|record=1134,mecA,mecA_riskaware_top3,GCF_000764615.1,data_cas_offinder/expanded_panel/genomes/GCF_000764615.1_genomic.fna,NZ_CP008929.1,351296,352357,-,1062,,AI-2E family transporter,False,DB_refined_mobile_or_plasmid_related
mecA|mecA_riskaware_top3|GCF_000764615.1|NZ_CP008929.1:2080938-2081708:-|gene=nan|product=MBL_fold_metallo-hydrolase|record=1135,mecA,mecA_riskaware_top3,GCF_000764615.1,data_cas_offinder/expanded_panel/genomes/GCF_000764615.1_genomic.fna,NZ_CP008929.1,2080938,2081708,-,771,,MBL fold metallo-hydrolase,False,DB_refined_essential_like
mecA|mecA_riskaware_top3|GCF_000769575.1|NZ_CP009681.1:277524-278666:+|gene=nan|product=PrsW_family_intramembrane_metalloprotease|record=1136,mecA,mecA_riskaware_top3,GCF_000769575.1,data_cas_offinder/expanded_panel/genomes/GCF_000769575.1_genomic.fna,NZ_CP009681.1,277524,278666,+,1143,,PrsW family intramembrane metalloprotease,False,DB_refined_mobile_or_plasmid_related
mecA|mecA_riskaware_top3|GCF_000772025.1|NZ_CP009554.1:217175-218317:+|gene=nan|product=PrsW_family_intramembrane_metalloprotease|record=1137,mecA,mecA_riskaware_top3,GCF_000772025.1,data_cas_offinder/expanded_panel/genomes/GCF_000772025.1_genomic.fna,NZ_CP009554.1,217175,218317,+,1143,,PrsW family intramembrane metalloprotease,False,DB_refined_mobile_or_plasmid_related
mecA|mecA_riskaware_top3|GCF_000775955.1|NZ_CP009461.1:1339911-1341092:-|gene=setB|product=sugar_efflux_transporter_SetB|record=1138,mecA,mecA_riskaware_top3,GCF_000775955.1,data_cas_offinder/expanded_panel/genomes/GCF_000775955.1_genomic.fna,NZ_CP009461.1,1339911,1341092,-,1182,setB,sugar efflux transporter SetB,True,DB_refined_AMR_or_resistance_related
mecA|mecA_riskaware_top3|GCF_000784925.1|NZ_CP009859.1:405934-408327:+|gene=nan|product=autotransporter_outer_membrane_beta-barrel_domain-containing_protein|record=1139,mecA,mecA_riskaware_top3,GCF_000784925.1,data_cas_offinder/expanded_panel/genomes/GCF_000784925.1_genomic.fna,NZ_CP009859.1,405934,408327,+,2394,,autotransporter outer membrane beta-barrel domain-containing protein,True,DB_refined_AMR_or_resistance_related
mecA|mecA_riskaware_top3|GCF_000784925.1|NZ_CP009859.1:2886671-2887732:-|gene=yfgO|product=AI-2E_family_transporter|record=1140,mecA,mecA_riskaware_top3,GCF_000784925.1,data_cas_offinder/expanded_panel/genomes/GCF_000784925.1_genomic.fna,NZ_CP009859.1,2886671,2887732,-,1062,yfgO,AI-2E family transporter,False,DB_refined_mobile_or_plasmid_related
mecA|mecA_riskaware_top3|GCF_000801165.1|NZ_CP009104.1:3544136-3545197:-|gene=yfgO|product=AI-2E_family_transporter|record=1141,mecA,mecA_riskaware_top3,GCF_000801165.1,data_cas_offinder/expanded_panel/genomes/GCF_000801165.1_genomic.fna,NZ_CP009104.1,3544136,3545197,-,1062,yfgO,AI-2E family transporter,False,DB_refined_mobile_or_plasmid_related
mecA|mecA_riskaware_top3|GCF_000801185.2|NZ_CP009106.2:3511682-3512743:-|gene=yfgO|product=AI-2E_family_transporter|record=1142,mecA,mecA_riskaware_top3,GCF_000801185.2,data_cas_offinder/expanded_panel/genomes/GCF_000801185.2_genomic.fna,NZ_CP009106.2,3511682,3512743,-,1062,yfgO,AI-2E family transporter,False,DB_refined_mobile_or_plasmid_related
mecA|mecA_riskaware_top3|GCF_000807395.2|NZ_CP010361.1:1606020-1607201:-|gene=setB|product=sugar_efflux_transporter_SetB|record=1143,mecA,mecA_riskaware_top3,GCF_000807395.2,data_cas_offinder/expanded_panel/genomes/GCF_000807395.2_genomic.fna,NZ_CP010361.1,1606020,1607201,-,1182,setB,sugar efflux transporter SetB,True,DB_refined_AMR_or_resistance_related
mecA|mecA_riskaware_top3|GCF_000814305.1|NZ_CP010392.1:1605509-1606690:-|gene=setB|product=sugar_efflux_transporter_SetB|record=1144,mecA,mecA_riskaware_top3,GCF_000814305.1,data_cas_offinder/expanded_panel/genomes/GCF_000814305.1_genomic.fna,NZ_CP010392.1,1605509,1606690,-,1182,setB,sugar efflux transporter SetB,True,DB_refined_AMR_or_resistance_related
mecA|mecA_riskaware_top3|GCF_000815045.1|NZ_CP010295.1:277370-278512:+|gene=nan|product=PrsW_family_intramembrane_metalloprotease|record=1145,mecA,mecA_riskaware_top3,GCF_000815045.1,data_cas_offinder/expanded_panel/genomes/GCF_000815045.1_genomic.fna,NZ_CP010295.1,277370,278512,+,1143,,PrsW family intramembrane metalloprotease,False,DB_refined_mobile_or_plasmid_related
mecA|mecA_riskaware_top3|GCF_000815085.1|NZ_CP010296.1:277370-278512:+|gene=nan|product=PrsW_family_intramembrane_metalloprotease|record=1146,mecA,mecA_riskaware_top3,GCF_000815085.1,data_cas_offinder/expanded_panel/genomes/GCF_000815085.1_genomic.fna,NZ_CP010296.1,277370,278512,+,1143,,PrsW family intramembrane metalloprotease,False,DB_refined_mobile_or_plasmid_related
mecA|mecA_riskaware_top3|GCF_000815125.1|NZ_CP010297.1:277370-278512:+|gene=nan|product=PrsW_family_intramembrane_metalloprotease|record=1147,mecA,mecA_riskaware_top3,GCF_000815125.1,data_cas_offinder/expanded_panel/genomes/GCF_000815125.1_genomic.fna,NZ_CP010297.1,277370,278512,+,1143,,PrsW family intramembrane metalloprotease,False,DB_refined_mobile_or_plasmid_related
mecA|mecA_riskaware_top3|GCF_000815165.1|NZ_CP010298.1:277369-278511:+|gene=nan|product=PrsW_family_intramembrane_metalloprotease|record=1148,mecA,mecA_riskaware_top3,GCF_000815165.1,data_cas_offinder/expanded_panel/genomes/GCF_000815165.1_genomic.fna,NZ_CP010298.1,277369,278511,+,1143,,PrsW family intramembrane metalloprotease,False,DB_refined_mobile_or_plasmid_related
mecA|mecA_riskaware_top3|GCF_000815205.1|NZ_CP010299.1:277370-278512:+|gene=nan|product=PrsW_family_intramembrane_metalloprotease|record=1149,mecA,mecA_riskaware_top3,GCF_000815205.1,data_cas_offinder/expanded_panel/genomes/GCF_000815205.1_genomic.fna,NZ_CP010299.1,277370,278512,+,1143,,PrsW family intramembrane metalloprotease,False,DB_refined_mobile_or_plasmid_related
mecA|mecA_riskaware_top3|GCF_000968155.1|NZ_FO834906.1:4022906-4024087:+|gene=setB|product=sugar_efflux_transporter_SetB|record=1150,mecA,mecA_riskaware_top3,GCF_000968155.1,data_cas_offinder/expanded_panel/genomes/GCF_000968155.1_genomic.fna,NZ_FO834906.1,4022906,4024087,+,1182,setB,sugar efflux transporter SetB,True,DB_refined_AMR_or_resistance_related
mecA|mecA_riskaware_top3|GCF_000968155.1|NZ_FO834906.1:4252472-4253533:-|gene=nan|product=AI-2E_family_transporter|record=1151,mecA,mecA_riskaware_top3,GCF_000968155.1,data_cas_offinder/expanded_panel/genomes/GCF_000968155.1_genomic.fna,NZ_FO834906.1,4252472,4253533,-,1062,,AI-2E family transporter,False,DB_refined_mobile_or_plasmid_related
mecA|mecA_riskaware_top3|GCF_001022035.1|NZ_CP011578.1:1805850-1807031:+|gene=setB|product=sugar_efflux_transporter_SetB|record=1152,mecA,mecA_riskaware_top3,GCF_001022035.1,data_cas_offinder/expanded_panel/genomes/GCF_001022035.1_genomic.fna,NZ_CP011578.1,1805850,1807031,+,1182,setB,sugar efflux transporter SetB,True,DB_refined_AMR_or_resistance_related
mecA|mecA_riskaware_top3|GCF_001022175.1|NZ_CP011624.1:2875759-2877834:+|gene=nan|product=replication_endonuclease|record=1153,mecA,mecA_riskaware_top3,GCF_001022175.1,data_cas_offinder/expanded_panel/genomes/GCF_001022175.1_genomic.fna,NZ_CP011624.1,2875759,2877834,+,2076,,replication endonuclease,True,DB_refined_AMR_or_resistance_related
mecA|mecA_riskaware_top3|GCF_001022175.1|NZ_CP011624.1:3870662-3871843:-|gene=setB|product=sugar_efflux_transporter_SetB|record=1154,mecA,mecA_riskaware_top3,GCF_001022175.1,data_cas_offinder/expanded_panel/genomes/GCF_001022175.1_genomic.fna,NZ_CP011624.1,3870662,3871843,-,1182,setB,sugar efflux transporter SetB,True,DB_refined_AMR_or_resistance_related
mecA|mecA_riskaware_top3|GCF_001022235.1|NZ_CP011647.1:4899917-4901098:+|gene=setB|product=sugar_efflux_transporter_SetB|record=1155,mecA,mecA_riskaware_top3,GCF_001022235.1,data_cas_offinder/expanded_panel/genomes/GCF_001022235.1_genomic.fna,NZ_CP011647.1,4899917,4901098,+,1182,setB,sugar efflux transporter SetB,True,DB_refined_AMR_or_resistance_related
mecA|mecA_riskaware_top4|GCF_001022235.1|NZ_CP011646.1:56085-58148:+|gene=nan|product=BglG_family_transcription_antiterminator|record=1156,mecA,mecA_riskaware_top4,GCF_001022235.1,data_cas_offinder/expanded_panel/genomes/GCF_001022235.1_genomic.fna,NZ_CP011646.1,56085,58148,+,2064,,BglG family transcription antiterminator,True,DB_refined_AMR_or_resistance_related
mecA|mecA_riskaware_top5|GCA_000013465.1|CP000255.1:455485-456183:+|gene=nan|product=exotoxin|record=1157,mecA,mecA_riskaware_top5,GCA_000013465.1,data_cas_offinder/expanded_panel/genomes/GCA_000013465.1_genomic.fna,CP000255.1,455485,456183,+,699,,exotoxin,False,DB_refined_virulence_related
mecA|mecA_riskaware_top5|GCF_000418345.1|NC_021670.1:1568961-1569488:-|gene=pyrR|product=bifunctional_pyr_operon_transcriptional_regulator/uracil_phosphoribosyltransfera|record=1158,mecA,mecA_riskaware_top5,GCF_000418345.1,data_cas_offinder/expanded_panel/genomes/GCF_000418345.1_genomic.fna,NC_021670.1,1568961,1569488,-,528,pyrR,bifunctional pyr operon transcriptional regulator/uracil phosphoribosyltransferase PyrR,False,DB_refined_essential_like
mecA|mecA_riskaware_top5|GCF_000597965.1|NZ_CP007454.1:2712222-2712749:-|gene=pyrR|product=bifunctional_pyr_operon_transcriptional_regulator/uracil_phosphoribosyltransfera|record=1159,mecA,mecA_riskaware_top5,GCF_000597965.1,data_cas_offinder/expanded_panel/genomes/GCF_000597965.1_genomic.fna,NZ_CP007454.1,2712222,2712749,-,528,pyrR,bifunctional pyr operon transcriptional regulator/uracil phosphoribosyltransferase PyrR,False,DB_refined_essential_like
mecA|mecA_riskaware_top5|GCF_000626615.2|NZ_CP007539.2:1166622-1167149:-|gene=pyrR|product=bifunctional_pyr_operon_transcriptional_regulator/uracil_phosphoribosyltransfera|record=1160,mecA,mecA_riskaware_top5,GCF_000626615.2,data_cas_offinder/expanded_panel/genomes/GCF_000626615.2_genomic.fna,NZ_CP007539.2,1166622,1167149,-,528,pyrR,bifunctional pyr operon transcriptional regulator/uracil phosphoribosyltransferase PyrR,False,DB_refined_essential_like
mecA|mecA_riskaware_top5|GCF_000769575.1|NZ_CP009681.1:1317996-1318523:-|gene=pyrR|product=bifunctional_pyr_operon_transcriptional_regulator/uracil_phosphoribosyltransfera|record=1161,mecA,mecA_riskaware_top5,GCF_000769575.1,data_cas_offinder/expanded_panel/genomes/GCF_000769575.1_genomic.fna,NZ_CP009681.1,1317996,1318523,-,528,pyrR,bifunctional pyr operon transcriptional regulator/uracil phosphoribosyltransferase PyrR,False,DB_refined_essential_like
