Ori_Rank,Target sequence,CRISOT-Score,"(0.65, 0.7]","(0.7, 0.75]","(0.75, 0.8]","(0.8, 1.0]",CRISOT-Spec,CRISOT_rank
5,CGGTGATATTGTCACTGGTGTGG,100.0,0.0,0.0,0.0,0.0,100.0,1
6,AACCTGCGCAGGTAACACAGTGG,100.0,0.0,0.0,0.0,0.0,100.0,2
7,GATCAACAAAGGATTCATCGTGG,100.0,0.0,0.0,0.0,0.0,100.0,3
8,CGGCATCTCTGGCGTAACGGTGG,100.0,0.0,0.0,0.0,0.0,100.0,4
13,AAACAAGAACTGCCCGGCTGTGG,100.0,0.0,0.0,0.0,0.0,100.0,5
17,GGTCATGCCAGAAAATCCTGTGG,100.0,0.0,0.0,0.0,0.0,100.0,6
18,CCTGGCGGATAACCCGGATGTGG,100.0,0.0,0.0,0.0,0.0,100.0,7
19,AAACTCCGTCCTTCAAGGCGTGG,100.0,0.0,0.0,0.0,0.0,100.0,8
20,CAAGCAGTCACCAGATATGGTGG,100.0,0.0,0.0,0.0,0.0,100.0,9
1,CACAATAGGTGCGCGCCCAGTGG,0.8729106663413237,0.0,0.0,0.0,0.0,1.0,10
2,CCAGCGGTCCAGACGGAACGTGG,0.9098645047859201,0.0,0.0,0.0,0.0,1.0,11
4,GACGAGGTTGGTCAGCGCGGTGG,0.9417284812301268,0.0,0.0,0.0,0.0,1.0,12
15,GTACTGCAGTAATGGCTGGGTGG,0.9152564350387904,0.0,0.0,0.0,0.0,1.0,13
16,CACATGCCGTCTGAACAATGTGG,0.8654787661640158,0.0,0.0,0.0,0.0,1.0,14
3,CCCTTGAATGAGCTGCACAGTGG,0.8888864747634194,0.0,0.0,0.0,0.0,0.9984310654237931,15
12,AATATACCGTCGCCAGGGCGTGG,0.9041300885811886,1.0,0.0,0.0,0.0,0.9967361873545076,16
10,GAGGAATGCTGCCCGGCCTGTGG,0.9460148151665349,0.0,1.0,0.0,0.0,0.9853816659098936,17
11,GAATGCTGCCCGGCCTGTGGTGG,0.9357177533373312,0.0,1.0,0.0,0.0,0.9853816659098936,18
14,CTTCAGGCAGATGCTTACGGTGG,0.9025738027078112,0.0,0.0,0.0,1.0,0.9138887419051162,19
9,GTGACCAGATAAAAGTGCTGTGG,0.9475718677858116,0.0,0.0,0.0,2.0,0.8414319758623459,20
