gene,n_guides,mean_original_score,mean_optionA_score,mean_rs3_score,mean_mfe,mean_rna_accessibility
blaKPC,34,86.66764705882352,83.1813725490196,68.11764705882354,,
mecA,23,91.40869565217392,87.39855072463767,67.34782608695652,,
